INSERT INTO time_slots (time_slot_id,time_slot_date,start_time,end_time,is_keynote_time_slot)
VALUES (1,'2024-01-01','9:00','9:45',TRUE),
       (2,'2024-02-06','10:00','11:00',FALSE),
       (3,'2024-03-02','11:15','11:45',FALSE),
       (4,'2024-04-23','12:45','13:45',FALSE),
       (5,'2024-05-25','14:00','15:00',FALSE),
       (6,'2024-06-13','15:15','15:45',FALSE),
       (7,'2024-07-10','16:00','17:00',FALSE),
       (8,'2024-08-18','9:00','10:00',FALSE),
       (9,'2024-09-30','10:15','11:15',FALSE),
       (10,'2024-10-13','11:30','12:00',FALSE),
       (11,'2024-11-12','13:00','14:00',FALSE),
       (12,'2024-12-31','14:15','15:00',TRUE);

INSERT INTO appointments (appointment_id,appointment_name,appointment_length,appointment_description)
VALUES (1, 'The Golden Age of Software', 45, 'The evolution of software development has ushered in a golden era characterized by unprecedented innovation and accessibility, transforming industries and daily life alike.'),
       (2, 'How Sleep Impacts Your Training Limits', 60, 'Adequate sleep is paramount for optimizing athletic performance as it facilitates muscle repair, cognitive function, and hormone regulation, ultimately defining the extent of ones training capabilities.'),
       (3, 'How to Go Out with Friends', 60, 'Nurturing social connections is essential for well-being, and going out with friends provides an avenue for shared experiences, laughter, and support, enriching lifes tapestry.'),
       (4, 'Do We Need Facebook?', 60, 'Facebooks pervasive influence prompts critical reflections on its societal impact, raising questions about privacy, misinformation, and digital well-being, prompting discussions on its necessity in the modern age.'),
       (5, 'Impact of Vitamins on Our Eyes', 60, 'Vitamins play a crucial role in maintaining eye health, influencing functions like vision clarity, protection against age-related degeneration, and overall ocular well-being.'),
       (6, 'Is Rococo Still Hot?', 60, 'The Rococo style, known for its ornate and whimsical aesthetic, continues to captivate admirers with its playful elegance and enduring influence in art, architecture, and design.'),
       (7, 'Be Like Gordon Ramsey', 60, 'Emulating the culinary prowess and fiery passion of Gordon Ramsay involves dedication to craft, attention to detail, and a willingness to push boundaries, inspiring excellence in the kitchen.'),
       (8, 'Art-Deco', 30, 'Art Deco, characterized by its geometric shapes, bold colors, and lavish ornamentation, epitomizes the glamour and modernity of the early 20th century, leaving an indelible mark on architecture, fashion, and the decorative arts.'),
       (9, 'Beautiful Towns of the Middle East', 30, 'The Middle East boasts a rich tapestry of stunning towns and cities, each offering a unique blend of history, culture, and architectural splendor, inviting exploration and appreciation.'),
       (10, 'Basic Sketching', 30, 'Mastering basic sketching techniques lays the foundation for artistic expression, honing skills in observation, composition, and rendering, unlocking creative potential and visual communication.'),
       (11, 'USA for Free', 30, 'Exploring the USA on a budget unveils a wealth of opportunities for cost-conscious travelers, from national parks and scenic byways to free cultural attractions and local festivals, offering unforgettable experiences without breaking the bank.'),
       (12, 'Like a Dog with Cat', 60, 'Navigating relationships with contrasting personalities, akin to a dog and cat, requires patience, understanding, and acceptance of differences, fostering harmony and mutual respect.');

INSERT INTO appointment_schedule (schedule_id,time_slot_id,appointment_id,room)
VALUES (1,1,1,'Orange room'),
       (2,2,2,'Blue room'),
       (3,3,3,'Pink room'),
       (4,4,4,'Indigo room'),
       (5,5,5,'Cyan room'),
       (6,6,6,'Magenta room'),
       (7,7,7,'Khaki room'),
       (8,8,8,'Silver room'),
       (9,9,9,'Beige room'),
       (10,10,10,'Azure room'),
       (11,11,11,'Black room'),
       (12,12,12,'Teal room');

INSERT INTO tags (tag_id,description)
VALUES (1,'Programming'),
       (2,'Sport'),
       (3,'Social live'),
       (4,'Social media'),
       (5,'Medicine'),
       (6,'Design'),
       (7,'Cooking'),
       (8,'Painting'),
       (9,'Architecture'),
       (10,'Drawing'),
       (11,'Travels'),
       (12,'Animals');

INSERT INTO hosts (host_id,first_name,last_name,title,company,host_bio,host_photo)
VALUES (1,'Sergio','Becker','Lead Programmer','CodeCrafters Inc.','Sergio Becker is a Lead Programmer at CodeCrafters Inc., specializing in crafting elegant and efficient software solutions. With a passion for programming and a keen eye for detail, Sergio consistently delivers cutting-edge applications that meet clients needs and exceed expectations.', 'iVBORw0KGgoAAAANSUhEUgAAAQAAAAEACAIAAADTED8xAAAgAElEQVR4nOy9ebNkx3EvlktVnaW77zYzAAlgsHAR8QiSomR5kRUvFIr3pfwt/C30t8MOv78ctkN+si1LTxJJ0dxADjDAzNyZu/R6tqrKTP9x+t7bF5gmAZMgByAyYiZ6es6pc/qczKrMX/4yC//7/+4/wh9EjD7d8ajPHwaePw7a84chxN98KboZ8/lXhT1X/WyON705Sndu3+zmR+7+3t3vd+XTfo+f4FntE9z3AvaI4b73uOe977m1T/J+d8V9qqO/lM9UkG5e3i392THI26/3Rjnoud9+Kb9JPuU0/KV8KV8s+dIAvpQ/avlCuUC7PuuuZe/69J92nH0uJcHz/2P3eN3jo4/jb/+GPf73nvsxMAAwNQAg5uvPu9el3Zhh5x72+fq373/nWp/g+M+7fKEM4EWT3YDs4wp9ZQDPl33fM6KZKW3HV7MxctgXM+wag/0WQe0XVb40gM9Q8NcawG8z7GgGiFvoRP8IpurPSL40gM9Q9hnA72rw6/Hp14y/iyB9Ajv5Y3B7dmW/AezD6ffi8XsO3zPOPhx3n+yOc8u12Off7xnf6Pn/wXtOYNrx42/5x/jc72nneBW5/uw43JyrClfTNvHz73OvqMGVmo66iogABrs4+q2cwM1nhJuL4Z444ZOsTrtGsu894h58RfdoCu3B+/fJ3jTDvve+5/AvV4DPUPYp02i0o3e+zy+3PQqxzRXo9WH2xzZn/27lSwP4DGVEabbyMYUep+x9aJIawO287+1zr/5DAf74/JbfoXxpAJ+h3PjotoUvf/eXuFkQnm8rtzLEO//YdVH2waZ/DPK5MYBPxOH5BMfQnphhdya2247zzcdbVIWd4HLH/8adGKAuyhijiCCRIxg/r9frEEJZlnVdq6oYXl9u9/6d8wAwDINzTvHGI8LbnJnxeySEj40z/nPXV771DHcf1R7Y9JN45Z+RYf/e5HNjAL9PuWVIu7PmLeXbVfqdIHjn1JQTADAzkqU4dF1rZk27Fq2IwHn23hGgKX3clVdVRCyKQlURt5f7eGAw3tLWDHb0/uZX3MJf93zeld0JYieI/6LKlwZwpSh7ZsrdIPWWYWynVvrI8buHmG6zVGa6Xm/6vlHVvm8RwXsK2YXg2dAQAdHMxpzuzQXUBJSZdwIIAtqZ6e36ogRAzzWD27/05p5/Iy5rZru/64vqGn1pAJ9IRq16nht2k9O9OpKufQcmRCRRiTEuFnPHrut7AJKsppiSqCgiw1Y1zTBfocz605/+tOuGt7/9nRCmaITjEoF4HRZ/XMU/vhrcVlvF/eDhH624T4337wMm9sje4T8BX38X49/n3+/ezi1F/Bj35uqGrpzm65szgNt49q0xb2n/zbmoBFdIztXJBNtYAsenV1Vlyin1ebFYDH3qdBBVFdFkhY/BFUMXq0lAJGY1SN2w6drV++8/+NG//WCxWHhX3b17VL76JrqKgI3AzBD1eo432Z3yt6pvZgg6PkYiAkAzNbPxjeJ+RPwjgohAdF2KcGs12DmM9gy3t8ZgX2SBz0+I2B493Kc/u6vorZjt+Yd/uQJcCe3JSCEaXedcdzk8tLMmoIHR1jAQARiRANXMVPNms+q6dUyDmY6vJ6bc954ZVJMhhOC6oV0uLx68/5Mnpx88e/Y45WGICclWm3MXviaqo3UhXsXYqIAQqkIsq4iZCQBvJxsjdmSjCm61xwzUUPXLBeCj8sdtAKhwpcTEzy8pwT2VSh85EgkAFHHk6SCgIRKSZYmbzXy9WfZ9g4QIjghBLaaeexCNTbfIubu4PD89ff/88nGWQXIredCsqPXp08ffeSdeBRbbO0FQMAXUlGI/bPq+TUkcl+OiZJDrqgYANBDJ5IiYCIMZEjIA6Xby3HWOdjPBdJVmtnERGL/frUr7IskftwHsCKJdaZh+auYOqoGOHncRiqtxzEy6rumHTd+uYhqYmdmTsqqockwqRmfnT5pmsVheNO2i7zdifc5DzuK9J6cXF0+HoQulB8wAhAZbxcVMoO+++9OmW242i64b0mAjMmumx8cns9lsNpuZKSL4sqqKA8JQVZNPy0D56A/dcYq+GPJCGMAn8fv3xQB7qD03x99ko3ZgwV2HZzwghHAVMeLVFPjxNz36IQQAZFfWgsqOAfTJkyfn5xd/9md/hmgIHglB8vmzx1276IcVGWkWSUMEKHzou9y11vft+fzJpl32/XqIHUCOqQOUUAQw2DRLhPLdX/70T771vbKsvXPDMJho37ePTx8+evj+ejPvh80wNACA6EGNidRMZDX0s5yP6npaleVqsXmyefrOt//UcVAcn5gig+kV9ko8/l41AzBQMzNEUAXnHACICHs/DIMj0tvoECB+SoDoxaJkvxAG8NnJx9GbfS6NmhAiEiJyziP+vadMGxGAEGi7ViDG2I8OyS9/9bO792ZvvPE1MER0/dCtVotNu8jSWkbm4ByjgUgfkw7D0LabZjNvulVKg1pU2+LuqtnURGwYmkcfvveNb/yJKm+aLg3d+w8fPHn0YddthqFbLM8JzTkKgYdhBQBZgIizWh/z2fnasUd0fScnJ6+HEJCQjRSzIaYhEm5/8JW/Q2ACAMw06jQiqioAMDMzxxgBwHsvOd88DSJS/fyCpF9kA7hZBOij/v0IPpoJ7OA/SEaOiWn7/cffqY3ID4LRNhOMAKiF98vlfLE82zSX/88//f0bb76GyICKZG2/mi+extg7LD0F9c6xiymllNab1Wa97mIzxB5AsyRA9Z4RGVRFOlOLqX306L2nTx8dH995+vTs6dMnz54+RJLlfGFqReFATSW1m1ZNCI2Y1LBZd33DairZ+pQn1Z3v/9lfBR/ECIAQSVGLwttWFNQQSE0BxtndaIxpyBDAFHPOquq9Hw0F0QHc4ISfaxv4whrAPvfJno/LKqAiMjGww5Tw+egebosPEQTQyMZvcLNuUt/NL5517TKn1X/+p//rr/7yb7z3FkFS32wWaegIy9KVRVGIcyIxxth1q00zz5KypSuUH4kcM+SsI2Ij2jfd/MGD//fDR+XZ2YUjaPt51zXBubouJWVFA1AiyGkwMjQHiDEmJk5J+j66UH/ve997481XVRIbAohSJtAsMafU9zGlFHzpvSfnCekqON6S7ADg8vLy0aPHh4fHr3z1Ved9TmlrANspYISGP6828OnrAeD56fF9fV324cSEN5e+rax7etfswft3x781Dvvrzwo3jtA27TviPyNbE5WdK6oS0Rw6RJ5OXd/3OecR2ZQsmrNqds6rJQYSFYdM5MFcTjkPcXF5sbh4kvqFJfejf/6Hlw9PvvvdP4Xc6dBK0zebFVPvDw/NY9usRGKMKcUNQMcOLIsqANDdO/fu3D05Pf1AYgQgMNCcMjaL1aO+i23bDsPABHVdMMMQ113fm5mqAiiAgsKQejN0zrd9JGTi4v6rX3/77W9fnp+uNuvTs2fn5+fzxVm3aSCJqGY1Uwbisjp4++1vf//7f468jQfW6835xbNHjx4Nw8AYDo8OfeEICLyXfJNRVrj6i2iX8boHvr81Ad3KFezNF326eu59eYPd5M4tztWnGv1zKrdjAL4N+ymiMRGiERMhI6IBMntTBFWRRADdMKwW8+m0JoZhGEDypCoSeU0UY2ya5XJx1qznsWshuI3Jv/zz/33neOZDUOklDWQwmdYhOMBslgBylj7LAKBmgoSa9ODg4P79+5fzcwAQFZUtHYhYn509bps2Sy7L8nB6DAA5Dyln1WxmqqJbn230aDAlBSNgfO21+6+/8fqPfvSDYegulxfn8/Oub1I/aE4lF0SOnTeyejJ9+51vfe2tr4sMq/Wq2WxOnz49OzsjxGEYiqIIdSjLAAAK8qJFsb+lfIENYGc2uoaKjK5igPEbAwBkJk/ExMRIxIBmhlyQkcSc8uB9mFYzZ/TuL382ndYhuHazaEvvyZlyStKs5/OL89V6EVMP6tHg9PSDH/zwn996443VYp5yms0mJ3eOTE1UneM+pShDzAnY0pAQ2Ifie9/7HhDGsyxgCmaGCuSdI+eHPgHQpJ5NpzMgGoZhGAYzy6JXBmBm2WyL5KpIXc+++c1v3Tm5CyTNML+4uFgsLpebtWomA+eIGHPW0rmD2dEbb32zKPzT8ydmOL+8vJzP1+u1Y84ijpnZHRwcFIUHUNMxMz4+vS+CJXyBDeBGbpY83CVdKqAhGjE455gYERENESBDwchKHahHtBgRoPT+cDp7+N6Dg4M6pjZJVxfBuwoAVpvFcnW+adZ5iEJRLQPAz3/x4yLgcnUBoHfv3plMZ03bSurZEWSVLFmic64sy64dvvvdd4h5sVwgopkReaDokLz3RVFsmqauqulsVlfVxcVF3/ciwszbGd/QTFTgiuhAh4dH3/rWt++c3BWRDx+9d3F53rZN37ddHDw5FzyT4+Dvvnzv5PjEF5UvHZCt1ov55eV8scgpiaqII/IhhKquDg8PAdVMAAlsvM415enznRb4vRoA7QlMP0kfHrgVyN64MG4X0d/NIewwG7Kkkc6AiMR4PQg7YgJmB6jOExMDABo4r0xGKgk6w6yoCJ4cv3n//sMHP3/4/rtqPWD2jJPJwaSugweCWAWfBiADzTENsFnL6dOHqnE6nRweHiXNfd9WdZUTdG1nJpPJZLPZ5JS/8Y23p5MZAaekjr0pqohzxeHh4cHBwcX5uWNfhErFzs8vzcAMEZjI932PiESIFFzJTJSSeO+//vWvA8CjR48Xi4vzi1PVrKoiwIDOcVEUIZRFmCSRxXoVYppvVkPKQ59STpJFVBgcEzmHiDidTKeTKRExg4jqyMvAq2e4k0FXe34sZ5+gxuCzDp/35ZE+lyvAJyh8ufWcCQEJtpwxpRH7Jqai8N5TCAEZwJGBkQGbWuqd974UELzo1swBgUyyd3DneLZaPOr6VcodmnTtYlOWR0dHd04O1us6DU2WDKBZ+6YZnp09Lis3m02Q7PzZeV1PvOdh0BgjO940K1V54423XnrppRhjeVBPqkokppxE9Sv37hwcH3dd67wb8frxhw/DwOxC5YuiCMFfE366rklmVTU5Pr7rXLFcLueXi02zzjmqyWg2ZiYCKSlYjsMagIBIARTBbEsj896LgGdlZmY3mU5DCF3XliXENBA6dg5uWtbyviL3z4t8QQxgnPtvVUIBXE9JI5mNmBCYEImJ2TFDPamIgQkUtygTgmrsygLBNiapKKwoVHJvIoisWR3nEKQfUhdbSUPXmPd+s7osiuK1r37lzvHBg/ffS6lPuQfEYWhU7dVX7zdN066br7/1tdVm+cEHHyCagUrMb7/9ra+8fD8ne+PNN7wv1+uNZ+fQHRzf++orrwQfhrZ1yGVVAoBmc+jrgp1z3nsA6FKvmrNEVU05eucnVfXSnTvzy8vlcr3ZNGNyl8aFzzFzYHLOFcyUFYgIEQ1h07aKMJoZKQICoWMG78k5lyWv1+uUVASYqCwnVTUhckzeTPVzXjPz+TeAj01AiPgR2i8iGiEgApnznh2HEDy5ovAAAqiIKoYIGWOrufnxD//l8uI0D309mYBRP0hZHNy5+1Lbrj948NOum+d+HUgHyFklxdQ1S0Rary7vnNz79rfeXrWr1epytV70fZxND3LO7z344Dvf+dOu6372s3cBQFWbZv3OO9999dVX+y4fzI7u3rv3/nsfjOSLEQ46ODhYLpcEzMCFDykpmBjayckJAPR93zQbM1M1yZhFJOPBbHb3zksANAxJRc10GIZQeCJyziFyXc+YHBEBOUQUMzPNpjWPrAgzM1RDZB9CURTsXEqpazvvxcxijKpSlpPDg+OyrMuyZnIA+rnuMOs+bUMBhef77rs1tbd9/efj/Xt5/Pu4PTs+/e3CrI8+/bHqF2mERBQI0WGoyrIsJ/UkS1YB711w3kzMTFRUpCi9pX55+fAn//J/nj163ywmA1EgyZItJUtifd9v2kZRJ5OJc1iEiWTp4mAmqtpsVl3b1bNJXU+OZicgNF+uyzuH73/w6KWvfvUrr3z17/7u72OKYJQk/flf/DdvvPHGhx88RgOa8Wa9jqk/nM7aTfPSyUtffemVvosoPCkPJuUBAHRtZ07JEwOratf0qBScGwTqUDZt4wv3ylfe9EV9OV/2fd/FAZkPj+8gmXeuKApi9i7kLDFFib1cPTZFYOeuny4ZMfvga2QPhAKipElSEkHsiahPKasURXV4cDypZ+y8qdlORfLH3+ntmmPUm/rmnRPsd7OU3NKH3f5Ie1y1z+UKcFuePwPpSJAnJkZfhbouirp0gQOFZrWOKRmkovCqQgwOyLTH1P34n/7Tsw9+XrCo5gRECmRiZmRCZo5kNg0xS9ttvOe6nhSTkh3G4GKMkjWLtO1GVZm94wqsmy+WQPjd73zvX//1R13XAsB0OvnO9/6yqqtf/OK99Wo1reqy3BC5oihWw1AUxdfe+lrXtSkJkauriYgCwNCnoihUkyIMwwBGRVHEmCb11BRjzPX0oAiTvhvW66aPOYRAjonZRBCdGqJi23UqmiVnVQUb3Z7rJ7blOImG4IwNHQJATklyNkMiR8RMDpFzSlU1yVn6vp/NDseIHPfREm8LItKWdvFCyBfAAGAk4gMAjZWDV8l5dOwDc+CDgyl5LJxHU8sJMHfNutF8eDTzngCUUL2mp0/fj92iLl0eOtOMigaogiKaVbPqpmvJ8ZClbVrymFXLqnTM0+mkTz7GZH2Xk8YYVSIAFUWRYvp373z37Ozs7OxMRF0o/urf//XlfP6jH/54uVwWRVGXk5xERb1361XzyldfjTE3TV9Xlfc+xjgMg0ieTg7YsWoeUkTg2ezAOz+4wXvfNE1RFC9/5WUzW6/XxDybzaLEvu9Sm0f2Dl/NwSNb4RqtGfvkOb5WA6qLmggAVTSv10tVMDUi5733vvTeEXnveYhNltR1m5TUu7IoCu+9DwE+gbxQNvAFMIDxOV5TnW1cWd34SkpflmVVFoAKKobZgc0KChO33jTLs+VsNqnKAKBx2LTLZ3FoCFQ1mymampIpikE2zaZiKkKEVE3rtmsuLi9CCCd374aq8uYBwExjbNFMDVIcssJ0Nn3ppZd+9KMfxhhDCP/FX/zFarX6p3/8xzHD6kNIMbZdd3h4OF8sptNpzrLZLI6PT8qyzimZbszQ1KqSF4t5VVcxS1VNy7IUyWVZq2pK4lyoq2oYBgAIPqCDdbtuug4A2DkyyyJjgLF9WDdlLh99mllcztT3PQABEMKYHnF1NVEzEQ6hbFr1rghBAcjMiHjMV3xyLtCLYwOf2gD2cvT3/PZ9x9MniAFu16HuVmltL2ZX7TXpqvkCgFVVDajVpCrLMgQHAKbRMwLp5bOnZw9/Naur6bSaBdfkrj9fLoeu3awuL57Mzx53XdMsz9Gk69usQi4Q+phxSDmJLtabJObYh7qop1MgHIbh9NlpzGk2m7kQiqoiF+aXC+agACLy1ptvnZ4+ubycm+G9e/fe/pNv/e3f/m3fdiI5OF/60Wzs2bNnKeWj46Plag4AjrkK1bzpQbHyVajK+XxxcnJviF3gYlK6yXSqom3blGUpUUJVMoec2+l0qmZnF8+6tlVVdujctvoZ0SGigF0XfJnZSAppmxavEiVD2yEyMyM6x545eBcQgRjMsirGGGfTqp5MDmZHx0d3p5M73pXELDlf52TMlOymIn83PFC5gukQGdnM9KqK/w/S3+7zvQIgItH2jTrnUh68c6FwqlmllywZvfPsCSFnQjsoHRxOLs+ePHz3WT+0KQ3e83q9HmIX+01MLWjucyZCdQ6NATmLKhAQInAoC0yaRJuuT5Kn00k9na5Wq7OzM1W9e/cuGE3qOiVpNp2Z1XV9586dd3/13hgV/PVf//U//MM/xBjHWRMRR3JETimnNMbufdeP8MswDKtlV1Wlcw7AzaaHYxLA+3B0dDydTDZNg8hFURwfa1mGIcWyrJu+AbDNphUFH4JzyN5fx0jeOVE1sxEjElVDMzN2vNtNCNEQiRnYkWN0jphJslTVpCiq4Muqmjj2ABRj1Eq209Ana/P78eZF12bwB7GBz50BjOvAlsUJAKoWYySGmirHjh1rTk27vrh4XE+quydHL905sayOMPXd0w/f06EtSjg5rteb9O67D95775dt25mJgHlPRVGQJ2LwTIg0tlMw0DHhWpaVL6CPqYvDutkMKdb15PD4pO/7xWpT1pOiKDyF6WTad1G0PziYiQgSZsnvvPPdsqgfPnzYdZ2qOOeZSVQdQM6mKlVVt00zDMNsNkXEy4tFHNJkMvW+iDk5V4hkAJpMDkZjCL4kct75w0NiAiBUhKRpuVwQUl1VoQoAgI5HriYAEKKpSs5GSLbdakNUHaOZAqiaGQERAZsCGIIiKCoiMBcHs5OTO/fqalKECpEReWTsmQmhB8YxXv+1746Q8OP9TPGqicDv3wY+dwawI0aAY11V6xwxUT2pzFLXrS8vnpANq4vz9dl7z6rKM2mOkuLi8rzdLLIkVCEGDvjK/VfOz8/W7cZS6iV3TULEEFxZlURgWZx3YIREBBQQyYWiMD/0c0mqOgI7b7315i9+/sv5fDWbzaYVeV+EEKpSELetIoIPX//aN99770FKSTWp6giqjPVWKaUxrdv3vaqFUErWxXxR1zNm8p672AFA3/cAMJ1M2XGKMQTvzakZC6lJUVR9it6FtmnrelrUgR1llSsIkgAg52wGatsW7oiKyGNR2EioAxUduT5GgJSzghmCmur0eHr37kuvvHK/riZErixnknWzaVPKAFv/6dcawA1xCIl2u1uPH64rCn7PNrDXAPb2fX9+28y9/H7g559wm8d/a6BrLrndihnGFZZhLGoiMrOUh4uLCwBwDg1ErJ9M3K/e/8mvfv7jwoZJwXVZt8FLlut2NJL61Wq+ajar1aKPQzbNKgKmJnCVP9i0XdP1oXAhBEjZuxACeWIgCuzQudoXkqXp22EYEOPT07OqmqScJ/V0tVzNZrOyrDebNqU0DEPp3cv37hXe/+y9D5vNxkwABNFi7BGxcLkqi8J5idlTENTCle26C4WbTEoiW60WMcZRySZlNZtMYkwmys4rKgGkHI+PjxerpffFcrlE5KPD2QjvlI5kdHXMVFUUHTrnHQDEGFXzWOrliqAgaobIPPZgVDSDUNVVNZlND6uiPD64MybCqmoC5kyJ0B3Myl1l9T6MTh0AKCg5kpy991kyohvbt9CYoySDm4Q9AICBM7TtFh632nndlF/+Noaxr07gxVsB9hU07JEQwqPHH0ynNbuDtu27YbiYPz4//8APXcHmQ3DMBwcH7FwIwTF3qTEyMxHTLkcBMzUjHDfcprG7AxKAdkPqY2bm0lCB1HFdFKOTk03v3bkbnz5VAUTu+nj37t1nT5/V9cREz88vDw4OqrIkphRTCKGupx988Kjve3ZkgyAZYAZ0ACO3DLJk77yqzmYzM1tvlmVZEkNM/TD0KSczK8uyrg9W60WMiYmI4HK5QMTJZKKaUx4kDYvL+WxST6vJSI0WU1VNmvqhTznbVcJXwBwTcCh8GDvvKpKZ5W2bmLG5C9flJJRVUVTeh5SyCjx+/GRSH9bVwW98L8SY8xB8UBPJqe06RJ7U9YtGHXrxDOBTSj0Jr7768r/8638mguOT+t5Ls+m0ODyZLj5c5CTQDQBwuVw4ds4755wPrm2adbPpU0opbT0EGWthrxJqRoBgCAaQYrYRQQ1I1SyEUBU1EFVEbZTz83MwaJtejw2RF4vl66/dvzhf9l0EIFNLKTnnCHE+v4ipV5XrmuOxDlMkIVlOg3PEzrHDTbMa/6vvWxFp2iamGHxwnmNql4s1EgYf+r5tuqaqakRbb5agcvr4kWe8czxWzMgI5q5XKyYKzhWlL4saiRANCMeSt5xjlAzAimpmpIbITMzsibwPhXfOISGiSDSz+fzy4uKsvj8Fy4AEQB91FdAAFUCdI0COqT87O7u4uASgk5Pjqiz5N/RZ+n3L594ACPHgYPq9777zd//H//7jnzysajg6LjW1WRLmkdmutpNmryfldDoNk3rYrAUMVK5UHwHsxnm7Kng1syQCEM3wQEWByDly3vtw//799Xrd9/HOyd31uj04OJrPV9/59tHBwUHTbMbWEmZGhKvlCjEAqGh2nlNMW3o9wEjkzyKmSg5GVgUxxtgDQIyxH7q+793BQc54OV9v1u3h4WESubi48EU4PJrE1I5IFJl+9eV7yNS2Tc6WUkois3rqvSuKgoOvq8kwDF3fDiluVuvtYrDdZHKsjgdmYiLPjpxzxGOBHI1xgWVEt1zN7+P9MUsARvCRJwYjO1WRbH7+7MGD97quL0JVFAUAqBnvca3/UPJb5QE+Lb//1vc7Y9I+3sitfkGjd3jD+kTEEAJYUItHx8d/+Zf/7f/2vy4Xy9N3zz4wGCZFINDrymYkHBPGcdMs2248/WB2JCJ9iilG0G3GFJEcByRUAAPJ2mfJoioCT549nc4OwTlygZ1/eXZ4+fL8wYOHQxe985AtMLdN+9prr/3whz9kZjVTlbo+PD09OzwsswBIRpLgGVSIOfWdq9xmsyqKIuUolvMmTWezYejGwrSUc991ANA1y3ZjTdseHB73w3qzabLkUJBJfHL6aLFYOO/uHN11hP3QDV0r2Xzw0+msKArnWBWbppufXwzDkHPOVxxOBB2bAhWhCMGTC2VZj89ZkcZieUQEwpSSCGhKTz784Pz8/PpdzGaHL7/88r1794qiImIzy8PQD80//tMP5otLQq6qCTsCAFVzzGPRhX2sgl5tp6vwHn2TzyA4/tyvAAAARmB0cnL3b/7mP/ynv/9f8tMW0PWpJdj2XgYAVCI0BMyw3R+OAbuhJ0DvvWPOg4zu7/Z4QDONMSMzMJhIUrE4PD49LevJYTXNaieT2Te/+S0ROH38GADG4qzT0yfvvPOdn/z0JyOin1JOKVte0B4AACAASURBVOmWS6FjTnksyjHLSCySIgCgqmZiUtGuo5QGzQIAOacYI7MTSWMBQ8rdar3N+PZ9+4tf/Gy9WR8eHk6rSc5D17XDEA2gntTT6RSMnHPL1WbTNCkJITr2znuB0aINAJhoMp2Sc947AEAgHWklRmSQx6xIsqSiIjbinsmun/zTZ6tf/uon7NzJ8fHR0VFRFJtNd3r6JMYeiaqilp0o9gWUz4UB7JAdbouZMRVMXjSRuldfe/O//st//z/9z6dN0yGTgoIZAHnPMHY8u5pRCEDMUkpI5MCI3Gw22W2EMQxDzkNRFEPuERGYTdTAFqvF2cWZLyrJKNlee+31YUiS5NnTZ4mT9361WsUY75zcefzksar2fR+73kRUVDWJKKBe7x1mJjH2RDnngbY1mTjEDkBNhIhVJYuYCRERMGnu2kGyOuezxDxEM/OMZJrzsNnEnIWIjo4Oi8JLGlKUTRtVwHt/eHQMAF3f9X0/xJ6cK8uyqivvPIxVXdsGD9cIJUSNI2vaOUdjqosAgBXzdVF1cHi3Ouj7/tnZh8/OPhxfyujX1dWUnDJ/amDj9ymfCwPYEdSP9Gth9syAWIgNVUXf/9M//+WvfvLDH/1j3m6bRQBAjkd450bUzCyZODNBRLQY02Qyu3Pnzmx6+PTpaVlWm665vLzIZpITAiCODRfy48ePy7L2rrycX86Ojl9++RXLupgvADWlNAz46NGj+/fvn56eZskS04jhgOURgkG8gvNwxH8iSKaMY8s6590QxTkHqsF5AFVNRI44mKV10zhXMEHsN8MwICI7VxTFELuu71PMRVFMp4dNs26atZkxh7o4cL4AgBGKGYaBiQ5nB8hMjsf0bc4ZrlpBjk9p3AQW2YMRMTmCoihGxAzJhmG46rCbzawfYjf0gCnlpKLEFHzpXVEURfChqqrPVCN+S9lrAHv799Oefj639tO9NdJzj781oX8sMrry/nd6+d+cqOyue/6QmVV1UdV+0ywWi2fvP/xF2zbMgRjN4tj5RlK+9h4RDQnxih6eTTXGQdOkPmi6wW+aopx+41v/7sGv3iuL6dfeunt2cbZYLrtuY5CZSSTFFM/Pn92//9b77z/4ystfIaDp9ODw8PDZ2WkIThGenj8ViQCCqqa5Wa/ItC6L1WrBgIQORIvCA4CaqiUAMMDxhvIAiJgjVKHIMY3PCY1i36oIqMZ+oyJqNm57nXNSHRwHNQy+UEjrzZwMxooWxwSWNFvf96vVChGrspzOavZFVM2qMcacUpSkVxUx7AszJWLnGDlX1eT4+NAzEWHTdUMc2m7T9J2KRkk5p90OqjENjtmDjwBEIUXzjiQbeVLVbjS/SQAAA/ooEU9GWsQtogQAAPir2v8bhxauuvp9XPblrwiez9R4QVeAMULirVOwU+iIhkQG4pid946ZiMsqrNaXp6ePLy8en58/G4bBMceUDFANQbJzN9tgIygBAgISjS2uQNTMuq7z3prGV+Xm4ODotddee++9DyaT8Oab33j27NmvHrxLSI7JzFRkPr88Orq7XC5Xq9VkMkspjbW5ZrnvE6g8ajuT7IgkDW1MZmZZJGVG3DaAI+c8b9ZrtHHLkd33hgaQcrwK+zFL2urANZKvJrDduEBVo2rwpUhSzQB+VtcAlvOQYvReN+tmGAYivnfvXlEUMcUcs5KPKY4dVgAAiImYiKrCi0hVlZPZ7ODgoCgKM7u4uLi4vGw2q03Xqmk/DHBd0rTj3iBSJsoijgWhMOeJOlUrgnhXeV/aH4Lu9uvlhTOAce4fDSClNE5FRKyaicg5JgYi3hqAY0Tr+tXl5Vk/bLq+HYYhpZxyVlU1VVUwGztMwUfhKWL2pA4dmJqI5jz0vVsul7PZ4Ve+8tWqqoZhODo8fPtPvjWb1O/+8uexa4mICEX17OxpTvrho4df/9o3+741E2IQzc45kZRjHzyjGqiZ5qquVFKOvUMWUwSYTaZj6mq7c/24u9FVBbMCmMm4CJtumZLX2nO9z4XaVbs7gCwZURwHVWmaFhGZHDvXri8A4PBgdnR0DADD0HnvkuhmsxiS5JzNjDx7x0VROOerqjg+Pj48PETmpm0effjw9MlpjHGIwzhVqCkg3NzOrkqTmrEpGGJOEaxF2qKiAAA4YQ+7BUyItG8/8N+bvHAGsCvDMDh2Zt45AwAkIAZmqusStv34dYj94yeP1ut506xUI5J5T1VVbTbRDAHIFKPka4StKgPsUBe998E5Ziei6/W66xoza9qT1Wo1m00Wi+X5+fkJyBtvvN40q4fvPWBi58mZLVfz2fT4yZMnJyd3Y4zbF4maJaKaJ059LnwoHAFA6YOmLDER4piXOJhOzs83aNsudYgK18s3EgBkk2un8pq+/xFlIbhqcodikokckOQhCyFd7QlcVmVd145xsTgbu9tuNkkMV+sGPYcQiENRFEVRTCZ1UVRFUQx9+4vTJ8v1quu60UKMUDU7Zi4YmYBYRGNOcmsbSQIAZnbOjcxW1ZxzRCTn3PheQvhEjNHfp3wiA9iP8f9mvH9fke/uLuq0bTp74+o4ZgAoiuLp06fHxyfO1UTERCoagkM0510/tIvFxfzivO+bvmti3JjluvZVXfoNj6j/2HEWDLb1wQB9F5nJOWAmMQk+GGHSPKnq4+OT+fyyafr1eumdu3fvnqpczueb99ft3Tuvv/5612wuLs8AoCzL4EPXNSlJ1zV91w19iypIuu1gYuIZS8+EELz3jCoZVBgslIVzCJpWi0tGUNWxKwkA+LEy63qXu+sU09U0eR3+XzdK2R6gCiCSVFIkom3/C2JDGPdo2p4FbGYCaorBs46FXxAJfOybdrMyw6ZpxiIyBfMhsA8AYAhUl8479gUQNl2X82ACoIhMzvkQvOOQciJiJkJks7H7BnvvRBWRXn/9jbKsTJ0pKqoamtp1t/pdMrXukOoMxn7USEDjSjiu7bs69tt4Vi/0CgAAiNi2jaqUZZkyhuBGmsBms3n/4XsPHvx8fnG23iyXy3mMvVpEtDF9O6Iqtq0Y2E6t4x8RFRmYSZARsSzLsfUNIr726mvPnj1r27X3fvS9JnW9Wq3Ozy9Wq9Xx8Z3lctF2DSGyG8nFeT6/cEhmgmRoIysZyADtaisKIgDNEtEkpxR8+fKde91mUxCZmew0lsJbVdy72xEaXzUkxGuV2SFOCqCKbJcEVbVxoyNBxDTctKsaQ0lDQHCIXkVij4rQbpZMxOyReTqdwBXUMe7RDQBgxMGraVTJQzYxMwwheBeqyQTHTjPEWbIpqqoqhlAgOCZH5Cf19Lvf+V4I5R/a33mOvHAGcNXTYVurGkKIMY60Anb04YcPU2qbdtl1zcX86WJx3jWbIXbD0JllQM2STG1bBnV7zG3VpG77lIkooKWcOCM7rMpiGIZnZ6cHB0dN069WK8ceEZkDoouxVxV1XBSFaM5Z2JH3lLNezs9nk6mZMFjWzMjXrTOYwSEVjgA0DZ0jAKaDyaQMxfzizBGpiUe6urWb2twrtb5ixao5YuZx7wK7do3MLI9JaoOENPLqxn3CzGBMemRMN8HDCCQQEilYHjE0Ayiq0jv2ntgHZkZgIiQictv7USQDp5JVxBQJXFWFsiwdh7KuzExEzMy5YGZjvT2zd1wSuYPZ0fe//+d1dQBAiG7cyfJ3rDS/hbwIBrB3Ty4fwmQyTWkukiVmzfby3Xu//NXP5heX5xenq/UlkqTc9f065YxoItF7Rodjy2UwA9SxHxAAAMLYKgVx5L4DIkqWscEgIznmlNLTs9O6mtRl6JpNCIWSOOJm6NKgVoV6UrX9eizBqcrSchrapnIOTAgNTQi25Bky8EAFo1NV0dx3HrEowt2jg26z1hghZ89EyNcKPQnl+AENJGdAHSdgFR17GTl2JnLd+UNFE+QkOYmQQRqXFDNDMBNFAANTvTIAFTBEZGNVFTHHwXtPRAYqEsdVhFCZQ/DBHGva3oDhuOs9OQzkoZr4uq6BMKY4VrTFGLPISFMncojOITvnynL2xhtfq8oZohPJzqGh7IUq/xDyieoBbrmbO/z+27D+R3fdAgAABbzh99Mtns/1ODZSA7ad+20378t1XanKZrnq2xZQ+07u3T2R3KRhrdLOl+ebzVI0m4lIAoCY0ujrc/Aj2gnjnlaoeLWFgQEBgpKimokoYOx6VKyqGpFU0nq5CuR8KDXHce8wRun7VqUlxtITKjGgpFwW3hGkbsOWwXIoAgNqzo64ZDdlF3IOgABQI3iH9aSsGRbrZYlYeO+9G+tRHI1/sycunGeiPETVPLasGyfjEAI79gImoGaKkFKKkrphGFIU9NEsm2awbNJLHpPP17HE6BEBjHz9hMhqEJMgYhEqNQQ1MavKqnDlpK6RPDkPIzncaEgRkYkYHZFzWSVlEYGhb5OKqWXJiGMQJERCzpeO79y9c3znLrkAAEzeQInYxpDP4LpAGa62Hdvu8r2bU9rVSVNEYEIGVrnRN9ltT7cvP/AH6gtE+9e73+wPimQiOjg4KHxYzReShhyzc3bnzjFgXK7OumZz64QbTPqKAWqEoGKZRmobwLj5zxhUbbfyFUkAObdm5pxXFRMYLMU+B3IpD45YcjQdclTnPSE4Ak9IZoGUjCD3nAdQCUhMaEgFUen9jB0TFMQA0BlUwZ1MZ8OmOfRBmBHJ+7GrAnl2Dqlw3jMHx47IHXszy5ZjTohI3rngPYdpKNEgm8ac1s0m5jzkFLMkwTamLg7JtMtiojhuDYzXvcluZdDH/AoBIIHmyC4E5x0Xs2lF6EnJQCUldMFzIOfreja2kTOzfhgGSVFylJw0J8mj96UiiERMiIo4HB7w4eHJpJ7tbL8Juws+E43FOtcJ/qvN7n9//RZfBBfollyFeuPjGL1R9OwOp5O+a/p+M8TGG/7ghw/ff/jgIzsZ7VbTjQgdgZjB1c63AFdcFxpfCW3xbFUxU4zkdcSOFBWRUFWwH0ofAEARNAsSEBEbFAAe0RkyqoF5QiZf+ABq5Diwm4ay8j4geHaIaPWkKP2smlx0/UE9FRXnXFF4E/XOFT445wjNE3vvHVFZhhCCgPXDIGDkOISAzh1MZkQcY2z6tm2m2TRJFoW2G9Zt1/V90rzqfNN1MacImkGzgohcr8oj1w2BRpgADIsQmHxw5JyTmBRRVdkXAEaWZYvOiapmFTUbYh81d3EYUso7pLpxfDMDM++KqpiWZW1244J+vKP6jQ38geSFM4BdKYriCvUyQyuKoqp9Sv5//I//w7vvvquq3u2tQ93q/Kj0qmbbIsyx/8fWDBAISWFEjWxcx5lYTNgQjQwRRDKBY8cIKQ0BC3LIZpWBM3AkDoiYAbxnLIswDAMD1d5PCl8F55BGcLOYzuq6UrPjoho35fbOl1VgQOd9FUIITlQdc3CeGJz309nMF6FPMUkm74IP5NmFkpwbhoFXbnY4vUoM42q16YeUTYec5ovF2fyiH4bBJJn0MceUxorEa2TJxvgARwJ/FtE+R4DB8cT5qigCABShUpMUJUJ0RUBkYmbEpu9SysMw9HHIqkbIxEpaFMXYcHesX63quigKZv71DXRHGwBE+0NsZL+fC/SbW5B/IiHm6yXvNr//1501Xj0PEQCIyQUyySY6DN2//fgHH3zwfpaIZG3XbNmdCEQsMLIUb1r+IcLIPcCrGGMLKo97/aLBTbUxgIlmUUhuu0+WjEdqTmZKprMQGNCpBcIpYU2uDL70XlJkKpwjR5QBCx8mk7oMRV1UcMWqcm5qiqI6C9tn7r0vy0BMDtkXgR0GH9ix9x6ZyroGJg5+6hiZiQiZgBB8SJI5l+Vs4pzLOccULcns8CBnzaZ9108mZVUXHPyHjx8ZYT+kru9TjM77mMc6GTF2AmMtPEqK3hWeA3PBPozVc+SY0Lx3viizqoCOnYDNzDms0KOrCynWzcbMoqaRIz32IfUhjJnKovAiyblyyzTaFuMjMaje8BqZSPQm1Nzl7SBc05T29h6lHWWST+k+vaArwAjk3/wzq6QEmJtmtVot6rqMmUXIzI89bcwEAEXyFiXHbT39ttQXkXCriKNOX7N54XrzPFCy7WNlvH4TQKakRgAezCM6soKgRH/oQ8VcF0Xhna8LR+gZmUmTBOfKsiq9L6+IkIioW5Bern/auAIQMTO5ENixK5xjx8EhExUlucDeoyMXAhOBIyCEwmcFTVlVHZGJ5iwgklKOMfZx2DQb8/DKG6/927/96M23Xm/X3Xq9ttl0OpvNLy9VNaWUTfssY88HFSVyjgM7jxSCr4EKFxywR+AkKnFQwKgioFl1dISygqioifPeTNHGzkIEADEmNTSP/bDph7Ysa8CsIkjGTCCgiohIxCp/eDz0BTSAkVMABkC8bZyWRQAkDt16vULCkzsH5OIQm753YCQqIw9Mxh0sxyVh7BB6Vc5H1y7Q1RJgaoBoZgLGqoUjvnKmdsmpjsgRBiSPUHlXMte+qJCPy6oiV5eh8K4uw2gARIRqYx/N4JzjcWM5sHFn4av9vBw7AGLvyqpAJmRyRWBmXwR0zgVn7DEU4L13Hh2x98hEROZYGRkJ1dAAVUEN1cwkm/YpVv3gN/XdV756+vT0z/6r/zL2w+mjx3/y9a8BwHqzPqyrYYhd1w4xr2MUwxEPzTmDAZqaiqRoaDmzYZRsSVTAlLiXnMdG2rD9Mo/tddkhIjMjIl+9LwAFzOcXpz/7+Y9m0+Oqmp0cnxwcTtWQ0RNtbeBFSAh81gbw/yv1dwXmMKuoqkiSoVnPN6vLi8unqvHk5Agodh17TzFKzhhThkx05eWMo4x/bV2iKz9s5NwiIJBlMdzGxOCuujWigdsWtgIrzMrAxAHIEUzLsnJ+WhS147v1rGCuQhEKVwbviDzjWO/Hjh27Xcx3RDNHhTNT9h4AnPdFVSKTOXJFIOdcCBCYvAfnuJqiY/aOnQNCZAJmJARivlqmJGa07XrFZqTZREN3qDlXx0cxxtVi/vJLL6UhDm03m826ptlsmsVivl63aiYKoioMCUANDE1zzglUoyGJISAbkhmq5RyTgKlINlVDRbqeJxBpLB4eqaNwFYD9f9S9WZck2XEm9pnZXdxjy62Wrq5uNHrBSoJDDAgOqDk8JCWNxEf+Oh09aI4eJf0CHZ3DF2mowZAgCBIgQBJAN9Do7tozKzMyNne/10wP1z0yMququ6q7iCndzlOdFeUR4cu918w+++yztt3cvfvxx/lj72oWPjzYv3nz1hu33h7VYybaLYn8r7gYLi2AZ3F4dnk7Yk/F+y8J/ez06pKhSvrK65d9OL5Qeqt8PD+f/+Y3vzpfnMXox5PJ4eH+ZrNsNvOHj+8+eHjvfPH49PRk06w2mxUzr9sOO1kFpSHhNTjfDDAV7dDi5JRjFUAgFPSdoawQKgQKqr1nQXQ+gn1nIx9HVahCHHtfxTgdTaYx1GRRfF1XPri6qhjE5T9mEqYLLwtGJcoGsyNhYmtTEhEJnoR9rOGYq8DOmWN457wz52U0InEkDGJfRaVe+61cSVldvo4ACtXbNHsl1TydTlLKXepCl6bXDrrF2tqu3TS6aZv1Znl+PhlN5vN5qVxbrtdZYXVdLCHIC7yRZxdAssk5UckWcwttu9x0aZN13TSNatO1jZp3XsSXuCWr9qIq4JSsTWaaYqxFDLD5+elisXpw9/Ht19+4fftNEVecfuthqZ0+Yjvx4VDFRwToTq8xutSP7AL9oxfU1XoVXaAQ/Gg8fv+DX8znJyl3VV2FwJpXZ/Pj09OTtt2s12u1ZGYi5EIcuPiXgyTrwWcyLSqHRCRMpfiEjABlhhAJwTG7gu5Lj9tEx1F8LX5cuVHwo1jXIVYh1tHV9WgUfGQKXoIPRXNhO+NZygIgXLYAwo6ISMSYBMk5J96zExcrcywxwDtzTF4keBOHGI2FWUiYve9XMPV26lKAVGgjxjZ0TRWAuyRdp23nfUCXqqaztkObz0cjZnHiBLRergS8aZuk1mk2aM4bIwM055SJMzOItTj3WWEQx5Gpy2Jg9s6rgRxYzIzUnLhC3zA1UzIyYmJBXVclNksJ6/XiN7/5zWq1+fKX346xBkqc+4VIQrs0Su7J5M+7Bl6lBWAM0q5LMcbXXntts/nqD3/4N+t18/Dhw6wbQtu0y9QlYiOiUTWJlWfmpllraRWtCUSM0rWtx5svDAOb7LSxYQIbhFnIHFEgYkeVcHQ+ih9LqL2MfKx9GPlYRz+KVYyxjlUsXRa9+KIa4qhgJiWwYCI4FmbjSxYAADu/XQBGKBaAnYOXYgHgHRyTcxycOU/iiB1EwESOicj4IiO/q0RbghqASW1Ly2HnQhW7pqWUWBVdRpu0TRSdMoUqkiH64EKgxXnTNCl33Xq9XDebNqkim3SKzJyIFUpwSpzJJbUEUhZzQuIgzkzNwBCzwrvQlLKqwZgoEpEwO+djrImoaxOyrFeb4+Pj8Xhy48ZrIQR8MTonXnzX3x2v0gIAYGwoUn703ntfvXHjxs9//k8f/ubXJyf35/OHTkIMdYhub29aOC+G3IuiaWl2SBh4+XzhAinDyIyIyBIR8xAcByNHcGQe8LCa3IhdxW6vChMXp1VdhejFxehHdR1jrKvKOS5gpXhPBZkUZnHY0vicgAvOdGkBkPcoTfpEnDDKvu6dMpEwBw8v5gReEDyLMxYjgbAIG5Mx2w4h5UlnUsSbmWlmxzkrA2YWnWjbclbzytGaxdJrNdG9EIIzWs3Pw/k8BH9+vqhi3MRqb5qapG3WrNyobpIqsZop8flio0lTkza5lP1GF4RNrQjrkgDoUtrCrFUcFYUsZlFFKRFOQVOTmH1O+cMPf+3E7x/sexdLJ78vMnE+txH4lDzA0/V5dmOVyzHD0z+HL+LPz6grGOBINtUYapAe7R997w//6Dvf/oPT00e//OAfHx3fm4wnLEjt5vHpyXx+ulwsUtOqZuTkGJpzH0CbbmnDbFowGDYiKOXMIMfkiGpxxZPx4Nq7aaimsa59GEmY+DirRiGEelL3uzVzXQUW8l7IORICE1ggzKFwXRi9l8Jg3mYcRJhEjARMLEwiBfmR4Mk5Y4h35J05NhEKPjsGkxV7IkRCRc3WCEQkwmRX7h4rIcFAAIuZsmNTg5kxMdS6rDBV5eiREgePtq0no9x1ddvmtut8Q2okuu6SEmeyDIVmhrVtu9is101OSllFQVLgopQ66siyIJpR0gQgw7rUCdh5yZo4t0DFwlVVMTPAwlJPx+fn55vcMruHDx/WozqGWsTlfKGespsisp2qsUu+Pl9KnF1sN9bPuudcA6+YBegHFxxULQMUQrhx84YPv7Ncv/H45Pj07Gy+OlucL8/OzruuTTkRQZwU/g9Z4d4Rm/ahMJRhbESkbGqqQnBwnmzkqHJSuxCZpqEe+Tit6pGPs3pUuzCOVQgujmoSkcITcELOee/YOZUezBZh5zwAES7VfsVj6aOCPiwWFSkWQFggTI7Ze3ZiZOadOoZ3cM6EVQjkiESZmEnL3j98JFjInqg/IuzoOhJ6U6oEmAmpiYqKdao21PLmrMwSY0RWMpw0x8tN07Xd48Vik7umy03WTZcycTZisOcYQ5RYiY/wvjMkRWuarYC8AqDZrA2WLbMRRLaMLKLeFTIQgKqqnYS2TSnntu1yzs49l17i7jb/ssYrtQAYGCwMGYDgA0izdilZ12XNaJru7Oz0wYMHq8U8Nck7UROQksLMyC6wKLa+VTAbHLMQM4yJ2Cz4YdLHauL9KMSxk71qPPJxXNVVjHujiWepfBDHPgZy4oKHMDvZLobSYU64L4ECwEx9CmJbzF8WgPRlhCpFfZnJMUTIC7xjM5Pe9U/EKgTm0v3dmKislp65U8g0aoBcapqJbdkKCseB1Mq8JBTnSWFk7JjJu+wdQpC6cgY2kJoX2RtP2vXmdHF+o9uct+1y3SzXGxOfmbOpwsdqRhzMOXNewWVhJNKmzZ2mJmlO6XzpN13XrtcpZ+doi/4Jl2oGpzAiqqpKRo7ZzWb7k/GEiFPqPgfz4OlGgLgUfDDR8yjJ/astgJehhdR2rfMCFC4XHR8fz+fz44f3F/PTlJL34jx3m0ZRaM2J1Iy09M0gKkw5JlMhdjCBEayKUomMvKu9GwmPosyCH7uwV1XjWI/qOoQwHlcizouQiHOu4PHknBHYCzvHTkAF/2ZmLshMYXUrMZc9mwhFitYxhI3FhCBszHBCwlb+hME7jg4Fay6UBylFDFIwJb1UKnaVTl9QRDzRLhZDYVo5ClAXnSMQVEwNyN6Rqea26bo2dWq5il6d+Rhns1mrOF0u111arJdduzo7X6y7tG67TcqxHrmqjqNJiLXEUXC+qjxERtNJs+kKxqp2UfzO7JkdETPBCRPRbDY7OLgGsBNp26Rm8nwL4KUbAfcs3r/s8jF2ivN2CZg7nH6AfTn0yuu7n3nFc935HNp+8pawUIg8mjMLz89P7925uzib37/7ydnZ4/39mVrbpWY+P83W5txZTmbJsZApF7zfPAECcywO5glB4MC1oPY0rmQSfS0yrcK0rsYSZrGqQuWDjzFwdM57H4KIiHDBIomoIPcFmXE9Vx5aGtERGQ8cI+JyC4hhBBIos3lCIVIzsw9gKt6OkcA5Iym3QdBfOAxEylbKF6A9dAt7gkTFPcv14q9kbKXk1mBQIwUpJJtmChBCIHGhap0yKrJmHHm1oMdnm2azWC7Xi9X6fL2ZbzYP5/N1l85Xm3Vq4Vw2SoqkwFzgvQuBZRT8rB7N9vYO6vG48iGMq7qe7u0dPT551DSNqRA8kZha27YpafI+xphKsxgWBdgzk9KlOb0732ibF7ChWpqILJfKgUuLwUyLmR/mWN7+63+N/gC0087oxYYCBFKYgizn/ODBg8ePHz18dK9L6dbrr6d2tVwul8vTTbPIZmSJCEKA5uLxE0BQgTimQMamgali9qT7dRw5GldxHEPlpA6+9hwdq9juOAAAIABJREFUOy6rBVREMdmMDWLiPTOzCJgKJYF6n8QBYIISCk2NttIm1HssBjCzMYOt+PHlp3dOCEQwZscXm0rvOdlFI3Eu8ifPlnzq7xgBQ+uXsmzK/VMrpZWK4qRBnReCY+pcFqifYtwu12ptlULVhcViia5L63W3WYuplA0FqlBlg4GYSs54kxu1lWHtzxYnjx97527euu1Ho3o0qeuar904OT5RtaZpckrwCMF5D4LLyTabTdM0df35p9/zQJ9bqu+nHPNKxQBllIZcpqZNuyays7Oz+fx0sVgAuHnz+vHxvbPTk01zvlovc26JqKQOmYzMyBRsMAiZIw1ETHkkXHuuvauEjkbVyLlxVY2qEAgxuJEPjpmJnGMWeC/OS/GvnJS+MEQliSBMwlySWVxgVxBBHJfKSyOQ9rOfpKwHJiITdiUGYN6lSACQkjEgtu3s36mIeHL0xvWpi6FHwJ7U6xlyqTZAU95DlYKX0ciREFGG1rlr2zSq1u26iSwjCcYgx9klACvToqthZiysqjmlpOpjztZom9pO3v9gMT08PDi6Pt07GI9r1f3SgPB8MSdm751IMCOhPnPyRWbJ1sX/lJVARJ9JsHjVFkCP4pcd7Kc//cmjRw/efvvtzWYF0ps3rz98dHd+9nixnOe8AZSowINKBobBjKFkxoBjDUQM9ZZGoR45nlaxFsx8rL2MYxiF4BiROTCxsAOIjQhMJmRERr016FFLK965E2IuTZqIegiy/BRr0JeaDGwII/STnkiKb0MMIjLQULderpyZt63bxbn0qTGUDoD3c9zPqx/Ut6kTcTEYi3MCwAhJNae8nJ836zipoheXUqfKHVFi2mRFKXeG5q5RIyIWstw1xGASEp8N8/nJul3PVufXD18LIU4mo+Vyfb44c95VVSXOwSSEMJvNqqr6PBNk90JehhG4tBCftetc+dbnOmaA/5/1+Zde7+OEi9lPTMG5733vD3/605/8l7/+z7dv33z99dc+ufPh/bt3zuaPYR0sg5SF2EAF9IQSgWFE5kUisYNGplGoZ8HXnvaCq4Un3k9DiM57QmDPbARlI+dpkFTJqklISp9QdkLiSQomQyDqnRkRor6wMMPAhUhEABuT9n4QysHGRY7x0i0qG//2FTMDSamfsr5QBWpGaqVXzdabxQ4KunMbtxPdVDMZ+lbAO1Ik2x2xPCAlqBAcy7iKvdibaUoAkPPjs/ORuJRyDK5plRJMFVlNjVikzzk6JSviq6RwsUo5a7N+fJw12dHhNed86bExn58y0dGRPzw42Jsd1KP6CoBzaVrtxJxMdEEN0oucgA7b/8XdG0LHy5MRDFY8s9bmFbQAOph5Nstf/+ZX3//gF1UdPvjgl/cffDKfP065rQKrUlYi7Xn8BfRkKIOcsGOCdo6kcm7keDYKE3bT2tciExdGwTshYeeFRFwvl8tl7fU/bEqmgG79dRDKtC5TuXjkOnRSKh6/7ZIaqWfmFe+IgB2BigGjLASv8vm2DfXMzIZK9vL71Yc6KDnzFfCklCMW6RQzu1IhXpqR9mfIxM5lSkYOBKF+Q7aiE9DlvuYrJ5eZiKKTrFkhROiyGmUhARuIR5NJqEfZaNN0bD1isljMiaiuxzkZUYYxE8VQj6rZbGrC0uXuJdVc7V4gvSg+9KotAAADoRCIMaZM77779vf/y3969PBuzpsYfS2etEuquW2SZRlwqbKjOhZHJDDHVHlXRam8q4iiWEVcE42CdyIi7L1jV0RM+u1hQE6vDhs27zLXBVAakJnhjWpGwiVZqwTqfXps2dhET/fb1YwG4S4zK5I+ZEqlk4qZmj3jraW/38VJl9VCpoWfU/6+PUMQA0rFARrypcwuUSI4Z3CjwBgpqWrWpt1s1ovVWpomWUq5Feek1bJ6RrEyZnZe2W9Uuk4VbTWaTKejpGhS1yZls/Pz88269S6oUYx123bL1ep8cV7XY+fdVgQJAHMPHH66VGhBhJ485otgoy9vAewoMgwA8Au3Q6MexVMGMZC6dOfOh/fvfbQ3m4zi60CXctduVqv13DpvSlSwd+rvgRT6JIyQK3HRcyUSoeMgE3Gj4CtxTsSLE8+8s3vyri9+gZ0DYB32+y1us93XP98oH3Up29/L98K057tZ36+OzKAD/HOpsez2N7U++DYzNVI1ZOvdCzPsiPCQwtSon0eqXN7M3sESvCOoRzUi5K5Lh7PNZtNo3ljXUNOSrc+Xmi2n3JkqQTgwEwvNJrNs0qa8Wq3YBYmV89HQkUHVNptNcto0eTqROiIn26w3xyfHLHx4cPjSLcDnGG6rssTEuxzr3bKoXZCu0GXLX3XA+IlYdggbZINBJ30mR2g3n8AX/6+9s5y6bt2sm5/99B/u3//kbH4MqBdKCUI0m83GdfzNRx9S9o7IkaIX/7CkSYydcJQQREeCSZDDOlbMlYhjZhaQKilb6Y3OXOoBWNggZDsmgDE0TgUZC/owQEAyYClD043i/JetmghSKmoAthKSlPr64iAZTM2Qibhka4lhbEpGBNZCYFUGZTNYqTTR3CO7RAT0qo/Ds1HTfjWSGmCsRMwlemAWswyzIjENK8ugrGFSYxiAjCL3RI6FnHbT6ZjW7WaxWm6W05VfNqgl105yVvUwk0XX5NRJuyGJY7D42oeanWuVisKD97E04SvJe4LXzN5PRqOZ870Wr/PuqcXypnYpD7BzsUUAYVAM2akfGKpM7Yk+2wNLhGFPD4VfggXoSS87BYc7V/MpukBPH12Xms3y409+/ev33z89e9ilTUpN1uTIee9ne7Oqjh/9+gPN2keRImxUEr8KJSIBOUMlvvZuFuM4VDUoeu9L0weCSE+suXwVOwveCGqUyQSF6Q4tzQYYVjo8a6loMgDWU68YMHAvLMtF38Z6l5vV+tlWPBOFcfHXqXDhjQl9XxYzJiUDMVORsSKRPrVB/ZPOl2um0W/4xsXt0f5PNS1e1IXrD5T9S4lLERgr90Wb1EcjzkuoY1VVVRUmo7pehrDeBDHhjhUFKUva5WRkaB8f+zgOsfX1JGfSbNly0fIgovFkPJseHh3ePDq8eeu1tw72j+q6FvcKaUS/EjHA7kxMah/8+te/+MU/z+ensC5r8j5ORocHs4O92cRHvv/wznK1UuucZGjuoRkmIngqtYvi2GoX6hirEIPzvhARRYq6/9VVOmz2O5CCmqmasRn6rhRcJmsp7WX0ZQefAsrvDlUjBhlAKOlZUjUiUlOosRWy5hCGkJEARkZaQKSiVsRccFPbCZMuvqKUbg0VicNQAu2GGZ/9LLxwdjHGOI7T8fh8cV6HGH3wYt7bplUzY2ZRTpqhlnJOhjZll7P4WuGIDeCbN28e7O+PxzPATUaH+/tHk8kkxqiqnnzWnFMuFG5s6XwAwIYXVsUqBZaDEbgKjw5G4On80C+6AHZr/56YWJ9nqOobb7517cb1tt1U0VdVqGtHRMvTxfnibH5+0jWpadbQzAKiLEQgCIyo5G3gCQ42qsIkVpUPXpwHnIiIED0TOt89c81aipGhysUd1xKZgtSITBmMXZXXS1taKQ0ZRM7KdAepGnNxCa0v/jGjbKYEpz16Ux4hEZkRKQkZW9mcmYpxGWQvet3w/hsJZLlEFmQoBIjSTeZzVGWTiHhXV1VVVXWIk9G4Xmw8Z8cmzKKJVZlZVDtNIKc5d2mTmzSZiQscogu+mkwmKdl63cTATdOslqtH9uj4+LGw7O/vT6fTGGP69GTHb2X0C2BHKQR4Auy/mOJ8gfNRUUDamf24BMc+5aMu/37x+WqZ+0fL4uPI+8nePpsWXJKICDo9rF2sNs3i7PFjxzyuo5NcqmLYCixjqWtcjIXmOQ1VJd6B2OCEi5ygZHNDjzMzNRXlshf3E7D4J1ZkNVUt66UdIvWle2ykXGQ3iaivhS1pWLqAL3Np/KhmjNKtSXt0qPedckmEmSYwlWhBUwaTiQBkZCW9bMYwMqKy/W+H932vNANyKfI0GBRWkFzsQhNXRv8sSqwioqogSpYcU9JMTsaTyXKxHI1G0QeoOgZbX0nnWLIqMakxwZJlYobparUIqoUauF4vRvWeiPSyvt6FEER8Tjnl1HUd9wn2qxu2OJcvL4zL0294EbtxkF4YAS5tB54wAsRFPvuKEXglXKAnBsNYwf1TJDOoIRnw6ORkPj9nhiOPIolv2OY7HcMLBye18yMfozjP7HZ8fSX03vcVH/ryGNwHY0uWOyMyyj2Qr0ZUHrINwqe9f282sHDQr+8SZ6MoIGQlJbDBqEcYCKU1HNioj2BL8ow0ZSaPiwVQgJ5LRWEAUt59xqLb2hHL228vhTEE2PN5QboD+xbELLB4cQSQ6dD3gBxxIuNedFLNMjFS3mhTYCc+Pj5pJ1ZVo9ls9uUvvRfD2LmqRL2lmYBZWdGfH8F8KaMwuvhTZsNTx5Xtn5+DdPEpw8C6zRHRRaSPgRYHJBYkbe7fv2dIdahh3LXJct66jGQafHDMkd24rryIIxZix0x2CYxS9Nj8Nid1ZWTNknPWDpmREhsxjEwLM5kIZJbBPBRaljRW8b77zb3srEBZHkQE7TtBGgBkhljJSrGqZqC4+KWHNxGJWseFzF9QXiNjosvnaoM9MBSV9T4GwIU2ySVE5bmexZDaM4L33nvnvI/i2dCXkpbzA2VSR6IwhmVTMxBzzu16A4AR6OHDh+LDzVu3x7NpcGMil5JG580say7t/pi534ye8B2efxDzZSOApxsBfooReFGo/oJb8iku00scNqysplk/evTg9OTh0f5hcCJEBLkgvqqxITpfuzAKceRjZOeYPcvnOrdecIrMkDKyIueiuYDS9876Xl8FbxliZi3/2r/34ncltRJVFC0eqGnOpVcxBi6RJaNknIkzUVLLxQfL5avLe7WgjMMPXf6i7Y+pQa2XzLIMFHFVVVLFdn73eW7lbQuZEkLs0NSZmcWLlE2ETMkShkkjfekzExNxMTK5dGlYb1bz5VnW7vz8/IMPfm0KYi6+UNkwnDg3dN94KaHj5x5PcYGGE9rhkGyLeq1X2IEBORdtgrK9bfnWxNsmvJe4GU8UAFwcc3ktlYByqxNfCEJtFeWjX/3iaG+2Pj92zBmac0cChuScCRCIB1fip7GeuJphjsQIGZZzJjMxZpZE1henELFnMrBxoZGbEgGddT54Q4YamWZNmsFcWqUXHxPGqmyFuVOwxyLaQ0PBBxVsvlh5g7EyMYbsLPeufDYrpcNCSiCwUskHQGClLLToN5uikAmscK/7O6aDyCAzNCuTDT02hywLaS7t9wRAHxBnsHEBVJXUUNptkRBlwEFbMi7di1POTkRYCOpEGYl2soRdSkmzicOQhheQFSFTAjMUmYhzGvCAfhe4NNm2m/EuOrELA+3ODWG2oVns7oq53KsPTzUCpRGbXRjhfvyWYoAr/tJuMP0cb1ZAT04ePnhw770v3b6b1qabs9N1yq2l7JihxGDnJDgffVW7yotUvhTPqpl95tf1dM6dV8wsd50IqyOihK7kNJg097R+R0DB6tUG+W8jM2QQ2YC2wqy4On0fyJLzV6M+Ya5GDtDS8reP7BhFbqe8ERh4RKpKYFAud5OoPGDLuYi50wAN7dh+2xElv8heW/kSuxxLPuEOyHAVwixMzCwMKXHPAAeoAeAtq68PglhzTuLYOf/lL7/bF6w9scu/lI3fvpim0NUF8AXt0bPqv555/HN/3U9/+lPn/d7BwaMHd87OzlJqnHcAd01LpaqWODpfh+hDEO+dZ9JUpNV3v6B4t2W3LuPK1AdQuhpmdDl7o4ziEuWkxGKmQui3aadA3+zW+nC9907MmGkXBeq/vQ9SqQTNqgArgJJn4H5OwwDNKpDBAgA2WAOUfO8QhA3LoCSYL7DX4fsg2JnZ212gGNg+gUdWHPuEncenQCl+KI4QC4uwYzjYRZN3vnLnSkaFWZ1RrOLk1utvff0bv1M2vfK4lZ5743uO8azZ/6xI4Mnx27AAT9v+X3jcuXP3d7/+tfPz8zt37jZN42PcNAvVVCjMzOyJa+ej906ktNA2mFkuVkBe5DuLX69GKXWF989gIBFxhhNkGyr4pNxAIzMbCELMRGbI2QAwC3bWwFCsMgSow0tbdifM2IoGhOWcBWIXFqAXfABQmmXvLoPymPt9/dLF7MzRi4VRyufVMLSPLbGW8a4d6D97u86GcbEABiXjoSiZYczqwG42u/Znf/o//v63v+tkvDhb4NN6BX3OUWb/Exf8YuOqNuh2pj41xr2SgNwua6CnBD/tcy72pCub/VO3/8LjKiD2Nr304MGD6d4s1tXPfvyjxXJx4/r1xfI0a5MV1iYBBZK90WQ2muyNJrPpZDoKFdlmtUipISbLMPQktpQzm4kYEanIhbyCFTvOMKZcEHfKWSWXHToDMMpkbJLAJOJNDTmrKntHAJh6aYpLrAorucn+OQ2SPiV0BlD0dAcFF1z8rxAvcqayBoaKM9vdQRUgUiJmKlhKDzmRQz+tlUt8OpxN/xyNDB2p9o8s93c+ay7HFiMJYfE+Rj+a1tV5Jetk1nRdUu3Rr3719mk8ilU9nRywCz5O/+y//fPf+9Z31WS97kajiVm5HKOndYe/MhHo8g28cqQQgUu3nh782T1gS/wnuohF+1f68mLd/dhXMw/Qj5zVB+66dH5+fnTt6Je//KVq/sY3v7lePZ6fn2w2GyEQICAvElkiu1GspuPJqHKcGvQFJVqKpanoZspVT/epo3CNzLjkgEuaCmqgBPVA78eDynMtBWHoCf7UFx+qGnO/+z/L09vyt6i0ZiJWM1aYYEBOc2mUB7rICmzfXUKJwSHvV9qFuTO2p04sIrLCmdPilhCAko/YwYVT6nJO6bNaGJWJ5UhSk2UvfO3r3/rv/uzPD6+9vlh2p/Pz5WL92o1bBTZ5njv/nOMzfZvnHM9Wh37B8a/n/Zdx/OhYc/633/3uvY9+/fhkIyIxxq7ZEEBEnl30oQ7xcH//2rWj4KmZnzbeA+hSJ+hpniLcE+yvnsmlVVHmbIZBtewxBjPuaRFWyAamVLjpA6RFYCJTMgwMfrPeSmNHKvTKyFnd08hhpH279t7l1kxMYDa2Ph4ABqdCgYFkwU/efN7OlZ1/IiD19Zk2rJ5CC7XSTdu2b3FOioJn/3E7s46INGfxvqrGMUz/+E/+w9e/8fvT2SFzdf/e8WLZhWo0m+7DGMhFBZqIipf16dT/zxz9rsH8QkHwk0bg5VuAlxLalyHCpsZE08ne+fnye3/w7WY5b9tU15P52XHbtigBI6tjOHFxXE/2JvtH+2TarRdb3yyZOutrnTyHz/zeonFS0J0yFYpIvqkplWQVo2zUYFJY6ksYTfpHS3qBpxcC8hPxYj9sSEtvjUARZC7+FIiKL6SAaolmMpgLzMqXglpWBQ8+/5OT4vKOQ9RDrQUY7J72Doi4EHr2MhsYSqbEhJ0MtBOXNS8XiwU2f/mXfymuunX77SpOYrV37fpBVobtzrEXLhF51riI/r/YcExWisGBK8yRi3m862aVwu3dYGD3FK7s6/TiOebd0XsFTA8ePBqPjg72bv3sw0/29685SQ/uU3AuNRlQR16cSGA/rsfXD6/dvKHNplucHasaIeXseBvelQ6QgkzinCmhCMaxFJ4/ekVO16vbiutVTHiIQEsxLYuZiYkRoxR9GRdVEhuQ8q1bX8pfdskXxf3vkXoDlHcj1UJtUiUj9P+QwUxl4y8KOlRaHlD/RJhA4L7mwCibGjPQE7+BXrh3KDxjAgixn/2UqSTFzEqNf99Ph0okoMzCoBicJxZhyokYvd3or6OoeFCIfPL4+NYbt8/mDx9//MHde8dHh7e+/fv/zvto5lJuTZWG4KfQQp586CVa2P37xe+7lb1UnmahoF/M21201Xal44ZbTFRo51r2nlc6Btiu7+lk75vf+L221b29oyDtYv6g4JviRFMR/hdxLk7rG6/d3DvYXxyfrDelezl2d53L1V6XxhbisCJhS9z3Zdnyp5m3OijFY75SLPbpm9tAUgB2EovPOFLJeoTnYtmo9axf6SvIuGDujML4LAargEtPfnq5gJ2Mr5j2qSHOQM+S6kHMrdAiFe1HL957z86R8FbszcCXfRiGLs7m/+9/+r+///3vK8iFSuG+8t63rh3dfPON95gCyK5Yj1dhvDSThKdt/y/rkw+PDt9++20AR9ev7x3ut10vJZlTBlAkar3zN27cuHnzZlVVzLRerbuuM9MrJqgAnNhx1fr5LUxSaiqZRchxUXKGMAZZlH5TLIyxQgvZ+Wz71DrJF83XPMVFLpuZWm/ICm3I+vZnT61mBso8lh6eZ8fsuFRFwPXNorg3Xxhkf2wIAFhYnAs+xBhDCM7JpwuxpJwLWWM0GjHzZDytq6ptu+Pj402z0qz0UpMAn3uU7YC2eNkrOwpazkzT6VRYqqoKPjZLXS6XvU037Vu/iIiT69evj0fjbrXquq5t2zJFhNlyKvxLJeSnimgWwL5vRcqD0hv1tANhsAClsBFKIFZlLdthQVe3RsCGCHhX817VwCVdBeApO3QBSZ+UeLhkBFBIDii1NICV/AJpn4Te8lLLBQF9VQJBStco3pHUZbGcUVwe3SoaXR5ExMziXJn9jpiJCu3qqSN4nxTOSdumWI3resTs5vN5s7EYo/fMFPLLzgZ8wdFfFL5w8LqFt/E0XKWMbdoGwG7s0Fd57jyAvl/d9rwITdOOp1NPXbuiNuWqqk8fK9Rc8IFFTa9fv3779u0Yo+S8WCzX6/V2MyMg5SxmROSCM0JP3VElohBCVVWOvRNxvWR5v5cb0GPqBsBCiIPuA4n3n2I/7YImesn7xwBf2HB5AHJK4hwATb2YeC+3aLqL4fRvV9vmBC6q4fpbheKqpWTOoXQXLq0GiIWYxIeubQt1SBkCtsxgrauqbazL3faplCVBzCQiAglcVRWLMJEPgdoOgzIXMxMY5hTOOcdwAEIIIcTXb71548bNuhrffv32dDr1nrNmZtretyscniu3aDs3tsbwMrtz9/in5BYw5IOLt3/1dQBgsL7SFmB3OCfRR8rYbDav33r95/981znJWQAQU13VB/v708nEmBbr5en8rNNkZprVVNlse79274WIiIhzTkQciwTvnIcw+8IdK2MgZhN6VVCgyAmWrdwIpe9LmW1FE+5qNnZH2kTpKSbgSTTDimvP+sQyK4JyBR9KxVKB2Yeivkul/RJYekU6dhkKgnfSNI33ztQUXFg8BLbMxqVaZxA7ujgHJSYIFyAoeP8k8OJElBgmDGmaRjzH6Pf3D26+9qXZbH88mty+/eZkPPOesyZT+vT4p7/jL9jn61M+5zMV0t1L2f6vjC/m/fdKC1dejTFqajXnWFd7+9P1eg3AiQDKLKPR6NrNG/VoZGar5Wo+n6eUe6pyzvw08gUR+Z7w7kII3kfvfS9/S726U6nt2J4WOSklKcKOhkpiI5SmL8VZGjQLLoovt/f2ybkMbJG33TMkAKZsXOb/QLPtYSMGYFyMUtH9JzJLHbEwgU3BjujCocnOe2bWrE58ThpjZEaXWkU2EBFbVzZLGhyhIXNHDMCJCz5MxpMYI7P01ouJlGDoupRREvgmzu/v7x9euzGZXbt2dOOtt792/dotgL13uWTTyJ7hgX7aeNYG/zzHbI3AFSLG1gi8whag+LYAACOsm6aOEnxYONe2bUoJqp6ZshJRVVX7+wcC0pRS03ZdVyjHGWYEs2Q9vsambINChnOuLAAR70NFLnBwKK1fBoSxT98wbatnqEj+ww/nCRMGEYS3GrdPFq2XsbsGdgPCQRaqLw3pk0Vq6OkDtD2mZ5WilHKa9toulJL1sJXLYibZINmJGPPxw2Nh3j88cp4e3L9/8+ZN773joJQK0ahTMnJbKhuA8qfm4pKJOFeF6L0IGTTxEGoQU+nmp3BqoR5Np5O9L7/17jvvffPma2+FaqKZ27bNqqZPA6eePX5rRsCVre7JLfJKvE8DGrjl/V9xbS+OvPwiX3IHrEfNS5ywU6tY3ooBq9a+Lqx/2QDyyAxm8jF2KaWUKGVmm3gfWW7duvX6a6/FEM+PT87n82a92XRtm7ukmXtJw6K6AACF1F7a6+acU0pt6jbLhgJFZfbsggdRKYZabzaqWsUKZqUFgXMC8aWYuJyebDnxWw+haDcUEgRUC1QOGHKhuG1r6IiEqN/PS8RARApQzky9NL7zzlRVkbOKMzMr+C7EUk5NlxVIRKXIKsPGo+mma+988kmM8f33f3Xz5s133313HEb/83/8n/7iL/4iT1rjlDqt65rYgaDJnPi2ON/llNiROB8qA4kyBUzH48AuBFd6yyLngikT4ELwceyr2X/z7//7r37t31y79uZqrcY+NwSYZ9/HYejzkhdBENt2im/LKzHcwz7FcDnxfHH8C66NS7msnfe+ZAvwrPD3aYc+3SN4YvTiTaW0RbKGEJqmSSkF5iAi4L3p7PrR0aiukVJq29S0OSdVVSUzyqalsKYkWMiVNnVizq+71Jmct8v2ZLnOZOSLKzzbnx4eHR0cHUUR86Pg3aZtvfMsAFHf7Yt7y9DngLUIoZPsXpTqFUJW/zjzDjnCrGhZ7VjwocEIATBm1q7EM+VrKKekijalddsQ0cnZ2f0Hj35z/0HTtZvNpm1bYto7OFitVmYm7L7+la+enjz+P/63//2b3/jd3KUf/fDvXr91+2c/+5fNZl1V4c0vvf7GmzeF4MirWIe2tHVi9iAj8cQQ8SFU4/EoOPZCnPKQ7FMj6rquS0s09qMf/eiTT07f+8q33nrrG3EUt0zTS0/zFRuvoAv09BgAgKmpIQQvzKVbcMFyp9PpjddeqyfjlPJ6td5sNpoyhlpBspL5ZCM2MITNcfZOnPP11MSrWnJgCiTOOw/h88360ccP8PED8f7a9YO6HjmRelQ7KQWyzovrdyODmcUYe71T+JqZAAAgAElEQVTy3jNQMrBp7rR40wwMgGVJX5mZMjMxKbQEuzRcI1iJuE9xDeR71WxKqto0TcrZwCdnp/cfPfz5v/zLrz786Gy1IvZKffaAnaOPPjK1EMKtW7d/+IO//cHf/u2X3nzz4cOH/+v/8h/rus7Zlsv10eHRYjnf2x+/9dYb/+Zb3zw82o/MwqzkSv6EnctqJJmDD+PRZH/PV9E5T10WcIYpQc1UUzbTTCcnD7/1e3/47jvvuhCetj9/xux/MsL+LYyXuQBeYPt/gXHJUKgpZYg4Jk6pa3IejUaz2ezg4ICIck5t2xb7QKqWs5mpUek7xJBMkiWwOBNPEu88OF6s1qeL9aY14pBBSbOqivcuBvGOifzHdwFMJpMSaYzH9Ww2G41HNw6vBS8iklK350YheOahLyIpWTZoTvmihLoPmblPoJr12ox9tDFA/v3vfRlhqaJUzWqmpRdal04en5yeL37+y1/+wz/+ZLVcZqPFauNHox54ZUqrFRPFGIXo3p27//jjn0yn09Vq9Z//6q/29w9OT066Lgm705Pjugrr1fzenU8e3LnzR3/0725eP5pWvuTOSBwRgZM5bwaJfjSdlIRAuSIzY0IyI8viRJgm0/FPfvIPp6fNu+/93jtvf+Vzy6f+Nsdv1QLQMABczgMQBi9NqXct0DvSxERqUoq9YUxMpalgGVVVTSaTg4MDEZeJupQ2m03Xdkk1w3KpU3ERpOQDqsij8cliefbo/vmm2yRLigTJvaPCWog62lnblecXgt/fP3p079FsNmtO5mVaHu7t703uvPnG6wXCpzuPvvOd73Q5eR98YNXkGEgts1hqtWs1ZyCxgYjJBsfATC1fCZloIPBd1vUXM2ubrmmak9PTk7PHv/jlB//4Tz9bNxs1SwrvnXZ9n10jMHsS1s42qenSwjG3683dT+448ccPHrZdq1m71LnSCVA4pe6jD97/0d/+4E//5I+/950/2BuNvIgpZWIKUURJeBbC3mIxGc+CnEbXtjmxocmZmVTENJt23/jqe9/79//DeHKTrE6Zt96g7ZB48s71FuX+/pgnfP2ti4hngDw01AakPn9y9ZhtDwESulqMPIxX0AV65uhjFybxvus6B2ORw8PDa0fXxuOxam7bLnVdzkUf3BIsM4zYVCX4BMyX6/fvnrQpt6lTOBKfwArJ1Fd1AFCiXj7coIQu2fn9+9Pp9MHZWQiBwW3bbtLjxabrgI8//uS73/2De/fvNfZ3e/v7b755exZGMYSUul7OhFjBZmlw69V2kjiljcX2AgsVlIak1tYfUE0Ka9ebs/P5gwf3f/azf/rVh79p22b3c7YwhpZ4xzRrB5QyF82UFNZaC4CYhMgF3yd6SUg0Ou/F/833/+bnP/6n737n27/7zd+Jjp0XLjcQCrXxbHpw7bC694AXC8cseZAGM2VChv7gB3/rw953vvMnoSKW0edAPD/fuNIv9YXG/w8WwHYdMwqRz12/fh2Frgy88cYbR9eOYoxm2jRN13U5p2TamnamLUwN0buN5uWyOVtuWiUjz65m9pqRLJsWXpiV2nYF1LhPBhugjZmdnJ048bWOYqy7bNmSLVcq1MA+vHfv8cnZqtPrq+Yn//Iv03H88lu3v/ruO54pd8lSY21LqQscCMRSrqXf1XYv00pbGM3YWsjtAshIOS3m548ePPjV++8fHz8iphjjum22b9+iJUxlAeTuMmCSzYoXViIo5yVr7rrcAVU10pQe3J1Xwa3i8q/TDyb16L2vvANF9A6Wzbw4m0z3Dg4Oo/OO2ZGxiFNLlDFkS1ar87/5wQ82jf/jP/4PsUhpfV6X/sII0JZe8EzZUCYqDAsixgt+4yu2AJ7dXbh0/yy/Xr/2mvcjapc5d0fXDkNwyZJjbnPXpaRF/IhYidUsMx6fr1dd06Ss7NsCgSYQpeFLzYyMkK3Uv3MRLOm3bKLi5zRNo2ZE0ratCIvw6XxhZp/cvX9wePDw4XFVjX71qw/feedLf/03f7derd798luSOkqaO6UuK7eRibyUYgMi22a4+rNAL9+/WyVchqaMlNN6s3h86khGVZ2zLRdL0T5npj03c6AYFDZbysmy8x6AqQmTIZuRppy1oyzRh2o08i6uVktmfuf2m5o1Vp4y/eX/9Zde/vydd96Cc0YgMSLyVawno9F4VLxYHso7yzkCKs7NZrOzs7lI+G0CPiVx8/mMgNutRr3kj8qOaSZC0auhz6DyXjktJtolAA5+e5/LvNi1+gy8gUqFXkn3D9gtK9RES+tdAHxwdCvG8Xx56iNPp6O9wwMOLqWcjeaL88dn56umTWpd1iZZa7ZqU2avErWXjuxn2MUtY1GwsfRaVCgyhASAMgd2ZszCpLZazAFOgKauSDstz88YenZyJmRC9tGHH3uhv//7n3704cdv33ojd52I26vDhNe1YBpHIfhCZVcmyGWJG2Mz0x3ZfM1Qs27TrJab1DaTqlr5eJLNp3xtOm27NpslUzY4IyFSMIBsZEZdTsmSc9I066QqTtq2E5a6rpumiTGSGhlE82s3b8UYhbnL+dHpiRNXR//jv/vR/mR86/brEBiLOKGcZ7NZNRoFcQvr+lM2yzmT+Koevf3e17/9b//03Xd+P1STbNRzZk0NtoMGP2P+7GR++oIBAnCp/m3IDXz62N1WdmgvzKXYzXYECsz+1SzALhfgOY7e2e2edX8MDAWxAj7We/vXFuf3nAMR+8oXmmebupQ0qWWT1vImy0a1A3fsDC6XGJcH4VvrVyQAU2RTYjAzeNAZ3+3iVlo0D9oJAHKXyou5y6fHJ0y0XMy98+erRVWF9XrZbpr5o/PrR9enk+nybH6t0sM6eGNNKQQnTsDEhryzAEy1yLcVo69qqqZZLatYjsLTKqbJyI6uzauqqGKZmWoCLhaAEVRJQV1OSXWTNq2XbImZtaono1HKmca1ae9jOCeRqAIRSIAbs711u5acT+7c//lP/+lgtjc+2mdkiDjxPtZ1XYtIn/UrzSJd6LJ+6bXb3/jG7712682kLEZb5dQvOl68xcQLjX+VBfBis/+zRtkjbaCFGTGLf/e9r939+OcQZU+jOhLDctetNqnpNGU12mRZGTcqCZRIlDgbZUI2NkYupbY6kHPVSDNZYmMmLiTL8tXWO5cE6i1GsZk563YBrDV5lty1dVU162XuGkBFkXilbdcdHBzMquWikdRa203HE2jw3ouxedaUts+3rDpVNdNcGrtkmKmlDpqDmQmhCmF/ejSObdt6luH4PqWqBAN3gBq1mrPacr0uZARhXq5WYx8zZSLKydQUgCM38r72HqRrVWijqd2s1pr1F//4sy/dfuMre7MQvIHg43g0ns1mIQTv2o22ZqbECgbHg6Mb+4c3xtM9M4dBxvS3Duu/8PhXWQAvcfbvjp61Ydyl/M57X/+r/+f/NGQwxRhJ1ZS6LncZLaSjsARtQBtKyTKYFGwMBUvlC+1T3EWLWGYTS2RQVc15tV6nrks594q3amyKnBlQ66klOmijacoEXa/Xzkm7XnVdV6rIF/N5Eo8uC4xzJRVzarhL6DJPJwjJspMsVytf1EyzmSGrFl8+a7feEJRSigQXXD2JKbvURTKQkmbNRpvNRgmZoWAHJBBlS2omXpomqzrxMY6ZpaqqpmlS1+lAiBpXtThRTV41p652LtRV06Tl/PzHP/rx9ddfv3b7lhKc4xjjeDzy3ktfTSNqSCbj6d7h0etVPTVi2Yq2v/rT/wsugN2YYQBti1bRzgJQ7VnjnyfPp7u/EaFUxbowev3NL+0fXEdzulxuqmoEc2Z5k7BI2rh6QWr1rJ5VIafVZiPBu+iIqMtJRFSpTK6dpIQm6krPoEwap/Vo4D6xWrtcrpfnuWtNG920dT1Sy61pajcAAE5tYkPucgaISJNuUpeYzQVKHZOJjuIkcHTUZtu0gUlszFAyKf2xh1tVdHN7GFfblDXnLlHKlpM2raYO2pAmUSU15sjemVCbcg6WSoDG7FiYHREc8Ww0YS/Bh+BiscxqxmxN0xBR27ab1RrAark6PJh1zXq9PO9Wq+X5gjdrXaw//vjO++//av/a9XpvnLpuMpmOx5PxeKKPHgMgJidRIaPRtb39G6/d+nKTmZ03pdzmIb1zAfbj+WxCiWgLl3e31JR2ak6eZ1zeiEse/io54xVDgZ4xDNhK1ii47drxaPb2u1/757//vmYmCQqfLGWJPDrYf3NyzPcffHKSV8s2dV1qNpvVpm1S7oS5abqeSUy41KuZjYSdc0QkIiGEuq4rH8axqqrpLI67ZmlpY6MO1nWbpvJFe7lA7kbDp5WCSyIqE1hMmQxpVWEatA4BjWqzWgcCI5J5+J1HUBK+vUuTNXdIym2Xu46zoemQG7WN5ZwVSqzIyKTE8JVUYw6eQlTnOFYNsO7SJmsLQFz2Pols1hvnxPngnXeTWUppWtfvXbv+xhtviKPNZrVZre99+OGju3dOHtxv15t79x5+fPeTH/7o767deu0r3/gKEYm4GOsQYjlfYb8xahMvVu0PfvgTjje+8vVvbbpOqFT0v2QLQMRmL1NcCK/wAvj/uHuzH8uTK7/vLBHx2+6SN/el9qreN7LZw2WGIw41o9lgYzyWZMm2oAFkGJYB+8kP/gf84hcbgix5twUbECBLhkcyPB7OJs7CWchmk83eir1Ud+1LLnf/bRFxjh9+mdXV7G5NN8keNXxQyLqZefOX95c3TkScE+d8vh288gfwANTtwI1Ngq+efPLpN176jkQkTJDSVmK0vXt1+Nof/0mL3LRhUdbVcu5DK+KDBjaUJAmhJWYi1PeuSF5ABUPpu+ASoASYAECephZokCejfr61tqltVVfzxFjWIMFLjKoaRSDKCfMepItegQAwtuARGrULi6mozcCmyXw6y5iFqRN/AYDj8CZGVVUJ2sHMg0D0GgM0rYhC02r0ql5ABdgjKRJYJ8QVcEl2UvrDe+N5Wd84OvSqy+jbEDv8dbeaWTbWGGuZjUlTZ61xzjjniixbWRn1+/mp3b1nnn3uYaTZwf6tq9eH77yTrAzHk6PD8dH5GI1Ba02WZWmaEaKIIpEh95knn/nss3/p7IVHTTIMggjMhsOHdHv9iPZxF4E/1z55B1D6ABLDsSb7nx8qvPujD5ygx+CjxAsXHxmubni1gply2mjz/Muv/8bX/2js62WIVbXwdSOqieHNnU3LChrbtm6WnikaNsRkzHGdvSIoOkJUzABgOp0H6SZjaJoqANbN4t7B3Ws3KEvd6krvzO4OiQ9VFetGQssCIXoNIUQv4iN223gPwkCoEqLXtsJ5DEbEiqClunaWlSE93gJ1PekiEVQkdJV84oNKVB9i60E0hCZEDyiBqCHTkvOcCKf3ptM3b9+5Np4u2rho67L1Js2A0KOCUrusjo+jpON8KdwXkSQkhq7xfTAY9Hq9NE0zY1YGg4fOnL107swTP/2VR3/i83du3Ryt9htFRCKDNjEmQaSoEBFcng/On3t0OFjLsr4XYmZkbltP7/YV/EgArPtI1OPPftyLwHscoJv8OiXFB08V+ETUWxU+VmP/fRSudig1xBPl4Pf+UfSku/y4+P/YOk2e48fwLpOVjWOFJMvPP/TUZBlndcyy5BvfefWf/97X53Vb+ma2mEZte718fbQ5GgzV++XkkLTe7Odbp4cWFACCb1AiaIQoIlpJwzYB0rqV2lgftQnRR5ksyiqEGCSCGtcLwc8Pxu/cPcytffjsmVO7W4t7B9qUCRAbq0KtjyGERrvak9g1mDhMwHtlir5pGC0lbes1FW0bMMYyd10WrUQE6VhcMbagIlFijMoaY1ALrQaJUgPWZGbB3JiUL115ZbxcLkUiIxnbiCJxXVaWOWXDjDujNYPkLFviXl6AKIFECGXwVazLum3b1kep58v50ayVqGxM4p5/840izYskPbW1/fSjjz6xvdtSSiKGGpeb/iBT9RJjVNlZ31lb3Vpf24YAgKTQ6TsRatfiL3AMVNfuTReS+7m1TixNVbqjQYwn/U/3O0gRFFToJB44PjuX9ydGCbtOp+M+r/cPRemUAfRdb+qu8heyAsD96n89+dV/rhE8WCV83BwOndIDApJJmrb5zOe+9Np3/6xFbhv/f/3G1/anCyWcz5eIsDYabq6t7m3tTe4dtIv52bWVtWFmMRjx0jahrW0MEANJ0CARIwGGUPkoLFCwA8PgjJI7vT5Y+lA3vlW9de+wXHpRNIlzqX39+vUbN65d3Ns7tXuqmU2qxdwxpkajJ2+j993oRya04CFGCBoabFCLxPjQhNYGSk2MHYNIEYhQ4wNNTCgdhMWlyTJGLxpd6oWWgteny5evX7k5WS6ithqbpnKJySCeWVtdH412N7YSZ1LrnLEGyRA4YzsHSAyniSFnKbddyggAZvNq/2hy8/ade+PJ5avv1CLLuh5P56q6P5u++NrrKdGlc7t//Vd+6dELu9G5BsADhqC2yLc3zxT5wLBVtN0GtVNC6+SfPvowOWY+/rCGiCfx9cc7gf4EHeDjJkO7vxoeuzEpGCEDAKSxGwiAYKTbFFFU1MAPP/rknZtvn75w7r/6b/77u/fu2TQ5ODhQ0FM7u6NhcXpn8+1XLm+NRnvnz/QTglAuJjNCJYkQooQQvY8aNUoECSC1b7ttrYSWyZJhIgvSrihpasC4M+sDH3U8XxxOZ9f3b7Izq8OVtw/vXrtz+7ELl5LVVKu5UybDUXxsvVGAEGxHDCIgFNRWokTvJLg2eCeubVtk5vsk7E6MCJVUVAVVCKSqvNcYbNIEPGzhrXsHz195q7F23CwIcDVPL1y49NDpvZyRDcc2NIsp1CIhtiq1iCEwxhrDTZo5x1mWm8S4NCHLxjljkp1efm516ytPX7J5XoN5+a0rv/OHf/hn3/1e6f3R/n6a5ks2B6+98f98/V9+9cvP/Y1f/ZWDMlSRFdzqyuaZiw8NVjfBpiGCHMdsIiis8MBM18223Xffp+Zygnj8UWraoOuiPKkQ++j2aQyCSSFSRz/o+hmhE+UlBVZBBVTRoMBUNf5LP/WTB0dH//IPfr9qm0YkqJw9fWrUzx85d+rVF56/sL1zYWstVd8uJr6a5RpUNMaoMYpo7MgREoPCsq6jRDZGICRJosc1ZQFDEAH1EJmNt8i42U+3109funjm2q07167fPJR44dzF64f32OvZzTVGMgFdbJCR6qYb2iJKjq1Fy2AIo29FpG3bik3OFKMDJjrpFI3H1V1wH/IpjGjzRR3ePpi+eW9+9WA8Fxzv7585tfvUI5fW09T4YKq5D35e13VdR/EdVrUr8iMiay0bWpZkrU0sG2P6/T4xWGPZ8NKlSZIUeW7Snrr8sd2tZ/6Dv1ML/pN/8X//zh/+4byqKStqxcpmv/XHL1y/vX96c3PhGYwZrG2cOXchXxmF+IAERDf9v9s6iz+wj/+EDBF/iCXkPQ5wQpvSqIoPYMRjlBOQFn6i59JwP2hSEiTSwIikwUI3FwJr10ISwXYJEHnokcf+l//1fxjPZwFhMZ+vr69vbm7ura+8/vLLZ9ZWnzi9zU0JyynH2qp4kCZEPdaWEx+layys6kZV06KwWQqEkclLjIoEEYCQEQBCaANG9RqizyUWaJ7Z231oa/PtW7ff+P5ro5X1xx994vrhQUHw1MXT1f41rJqMhIJnm0UlJmUGS5gQAkjTVHmSQndqTkqoSGDZiAoqgACJFZVIiM6Ax/358vLt/QVn18r6blPHsvyln/rpjX5mJWC9bJfL24cH3ofSN4ty2Uj0GgXBJA4AkiTp5UVhbWJt4k0vzVLB9nBsmZyzWZZnSYSmobY1SW2z/my5pLTgXv/X/u1f+YWf/Zm//z/9z69fv82curxfLuSlt24eTuqjhd8YrG6dvbi6vlk2ANEDOoPxuCEOtavilGMQ4rsUGQI8wTP/+cmcB5/wEXutHnzaRwFQfxpXgM5IBUWZgUOZkfSMrvXy0LRt69UQJFkFkZiR4ndfeUlAowIas7293e/1JwdHPYLHz+9xs6BqYaQWCV1WBxWihCjaxFDHMCvL2rfskjRNszwHa5Z11caIzAGwCTGIBwBSkBCwjoSapykpGBGOvsjzJ86durC38+JLr/7xn/zeF579Ygv8ze+99lPPXKpVqV4YhFhXLnFMyAhMyvQDhHFFAiRVAuJu6lRAjIrMqUTwwe8vl2/dObLre6+8+Ort+SRN01/62V8Ms7GNzWJ8dDQ9msymh+Ojsm6XdVX6Vgg8QivHynCkYBCYYHO0uru+ube1nTs/MNaRCaIhxLZNEsPRB9sE58W4lEMb6mouMUuS/+I//8/+t1//F//st35/pd+bTsdB4N6y5nyoef+Jzz7XhoiCCMAQYuwQGgEAyJiIiKSx4w/9UMWhD9L1PiH71DnASQehoAJJSEmGqVxY6zW33r78e8/fu3ujDaEBSFbXzj39ma1LD9+4deXG3dsetGnatbX10coaIxwe7n/5sUsmlDbWjA1q6I6nIxGyqkCtoYp+6f0yhmDtoN/r9Qc+xoPplLPME93YPzyYzlrEyIiIrILerxR5z9oVNhHrXFU1FOCzrOil+U999rFbd+698r1vPvbU5/rb27/37Ze/+tyz5c23U4Fhn7StEBKGaIAZFOCB7JY5FuECQmI6kcoGRQVLTd3cGS9eu3YjP3Xxz964dfNwurU5+MnPPVke3uxZvnnt1v50fPPocNZUTfDBxyDCiR2sDLMsM4lDprptmqZpqrpt28O6vPn65VevvfPwuQu7/eF6f+giWw6ZhMbYoNGFmAAkEhOVJKUwPQoMc1n+9b/yleDjP/mN395cHY7nZRm1yLM5kGR501QGjQUDGrhrdcAoCBEBOiWFk/DmhE39UUfCcYHT/48coAtg32WffJghIQuwhoLjdo6Pba9987d+/eDV70Izy0XAt633k8m1r732zXOf/fzG45+bzSbG9vOiOHPmbOqSo9s3VjK32c9MWZoIBBBAIhyTzwJoAPQx1jEumgZdUvR6Ns2PZss6ei6GR3X11p1btSL1hsmgd/bieUSyIurb+fionMyOJvO1JNkusrZtow8YfGjL4XB4fm990C++/b1XLj36dLG29fvffvkXv/Ds/mvfSWMg7w2AKgirKhjOWIFVujQRESETGgKyqKFrs1KMCrSsw/ev3RyduXj59uGVW9e2tje++twTcXlUGLp98+rVG9cXvjlqmkVbi8JwODhz/typU6fWR+t5r6fGBIFFWc0Wi8l0Ml8ur1+/3jdmPhm/dvWdcTF85PTZ9ZWBFYokqQoixg6zJcoCDGQ0pEUu83kT4l/9+a++/fY7L165NhqtVYHY5dOyfPva1af2tnPDCVGIIcsyOMYWgUeqQWvFqEmEVE7kp0D1A6ViBN8LiX8vvORj2MfMPr2XC3S/xQ47TYZjoy7H1DH5PkRi6MO2aHi83XsX+ENIH0ZJAyUhJYGEMAFdwfqZU7t/9Ov/aPzm91awjViW0jhVWs6ZeEDmjReff/3uWNuABiRqL8+bsqyn089/5lEb2lQRRFTJmoQYPfq6qoBNaJrGh9liUVftxu4GsJvP6rKu9i48BP3+d771rdr08vVV1y+Wvnrr2tW2qp0iEZ25eGnrzPlqVh5dvwZ1telMptg0jTE0n47TNN3q937m2c/96QsvnX/8GZutfO+Nm0+ffby++vJKZiDUFqKlxCKiRBOiCWrx5FQK+ZjgqQRBMEZneDqZv/bmlZXtU29Ny7cODyRWf+m5x2250Kq5s3/3ys2b4+Vi0dStSJrQxYsXT507VfQGiryoFq++9dYLl1+bLuvQkhrixJ17+NKTf/mvQAhxeuSPju5efuvV118/tbN9enenCrFIHAsYQCUTsQ1MFAyQSq1gjUTPgH/rV//Nl//Lv9fLCjW8vrl7eHDvOy988wtbX11Db5oZQ+uXseiPer01dCaiX4qU2Ls9rRslDy7ez2jLMQLo/seuWEhOuLvH/QAMeLxDfE/iHO9nRu6PmnddRQAeqK5/UDdA6Tg/dL8H5BPtBzh+rSfFw/KAPKbcp4O8//mEqKoxhLZNoXr2mYuvfuM365tX+mHBUmlbQxtVhDUYVSNi0c3KZdNUJhmuDIYxxNjURZKM8syGmlUQSY0VIVA0AmS893UTfOXbINofDgLgdD5dNuHUhYdmaCkdJrvnE5fYfnE0P1h630wnUlXoNQJWNn3kqadWL+2Zoh/uXJ+Nj6xvyRESOENGNc3NWpp95blnf/ebLz7yxNPX7u6f295M+6tNeeC6DF30UYFZfVu3TZW1icZEo4gEVkfAiCjQhBAXs8nVG7cCmUj23nz6+ttv/eUvfpabuVbLejyZHI3ruu1IhmvDlbPnTo/WR3lWiE3ywRDBfvd3/mBeN14BrQ0K4JLR6Quysqk+kE16STEwWXnz7t2bNxzC2uZaoOgxevKZS0AkShQJAgSCLMhKKel6L3/swqUr4yqRZDpbFL3enVvXrr35Sj4yA15Y1pWiN7BuVAxhmOjR3Wlofd8Q5NfHdcRUlLrW5b+YGtGPyKP/FMUASAggljWEOkFdcZxCfeu1F001o6Y0jOFYuYsESYEiUaTjzJVoHI1WWeXg8ODc2sAZ1hCJyFgLrDEGUjQATlwo515C7dtIkOR5Jb4MrfR6cXUk+Up+7qGLpy7Ol9V4um8pQDVzjmOLvo7APF8uFk2zUhRucwNDa9nE2XiymIi0w8wJihfhRK2Y5x458+KrLzz52S99+9XLX37kTFnODEVRCTFSiGAkAkpIJTQaA0iDkZDImAiGpdG6LZuqnE6PJF2tBV/7/uu7a2uXdjZTv4zRN+WiXMxiU0eJ66vrW1vbW2tbRb/QvPDZwKxuHx1Nl5Q1UpKKrys1SSOIvVGycbrxYn0z8jXRG3ZZh/lifHCYOpusDFqgFjF29Uhdnd9xSaYiQFMuY2K+9IXPX/4/fy8g1cUAACAASURBVFMzs5xP09XBYja5du2dx1YfGhSjXkr9jVE+7IPRl/7FP37jlecpK575hV994tm/crhYtDF2RaGftgrpT5EDwHHjbzSEheXNfvL2C3/m2lkaayZAthHQAgVSrbwARSQBKgbDNEuZqV/kKJHEr42GTb0oFACgAyQDACgYEWO4Cb5pY1BxWSoIVe2VeHN3bxri2t4pWN2wwjyfIWhYHG2fPnfrzdJjI6xAVpT665uD9a05cOa9NUbaChpb12VBKIp1u8xtliDsrRd372aHR/suy25PF6fXN8PRLaMVhAgqUQUthlD70IC0JJbEQESDjoECxuib61ffbnycUjiqxsv59Mtf+GkXywylCr5eLsB7gzTqFf3eykoxTFxh8jWzsob9dVxdqxa6BLJZbqJHjTbvLdNCksKtbEavuYYR+BWUpW92iuLalSvje/vDIo/kPWMI4Xjwx2O2nqp0okL1stxaXWfUtlr6oNPx4Yqz89mkaRq3UfQHWb53Gu7c+No//keTm1dyaBMZXP7G184/+bmtYW9xGEQiEH0iJXLvs48uR/IBDoCfWL6/u3K34bt/boIPgIA6Y9Domwt7F7/7/P+7wmoJhIjTlJWaupwvSmAriELkiuLUuXMbb966uz9HDSrYVMvC4WJyYLBRUrYWkZyzAuQRY7UEMm3wPkooGwYGwdFgZTAY9NdPu/6oLYbOusTmXLVFu8R6Ntw9f6d6EyztnT5/c3L00BNPs83isu5vkGEbqrJqKhQ/ny8xCWuDYWhqY6NW9entlW++/talR56skace+9aFtnHoAYS0kUC+LZs2QRhEXzVVGXxMd08laxt1FQ+PDsZH0yOv2w8980e/8/Wd9eHDe1vrpq7u3Wuj7ztnFHtplvQGg7xPgUBTMau+2PWDdciGo7NFMtw01d1YzkZrI8+ZDkdrOzuc9wtBrmaFMXt7O8bo9OrNNMjlNy77svaI6my5rK1JbJJZl2ZZTs4CEzAzY99l4zbGusassIyhrshKUaQ24+Hqar45Wnzr+T/4jX8+vvFmge1azxitQjNdvv3axu6Xrx+2AYLcJwr/OMbSyUr1AfIL71ePfJARJPHdb326VgBBiIpEDBIQhNuSYzM72L9+9Z1JE4JNaqYaaHVnz8fYoO6eOXvxwqXHHptevf51ENUYe6lxKCjxA0UZFSFIjMcYAcIgmctGRW+96Ldpji5Bw8Flw/VekJg6s5zceeqhR7/88/+GNPGF737nZ7/61Z0zF0NZJ2WzgUMAXI4P52m/rMs21HNpU9s4dBJqdrjSywaFQQh3J5PtC6elHZNxpEHbGhBUSCSDGHxTMaqv6uWymjnrDM8OD/fv3lmU1f68GcZ49+6tn/vy51dSm/olMlSgmTGZNd63CZmUk8wlWdq3vfVYbEA+innf5kV/9+zRlYkrVlqbY29l7fyl0akL2XAdfJuTDNmPMkn8WlZ5nS9u3rimjbeD/n35ku6jYdNJH4DhrpDRMYlvt8+cvX008bWujYa9NDm1sZHE8Pw//advvPBtmI9hUbsMUo1WfJByeft6vhVYA0jXlf3p4sX9oAM80CT14zfsEEsPnFq/b/qniNhFiwAQmzpTdcYaNExatm0F2JLJsmJWlmT4qWc+61ZWfuInfuJrv/37eZYtx+NenjnDUTyS4vuyrYLgY4yqiCYhYrZ5km/mg1VbUNZvkKeqzmDJDla30jRP+qNJM5/Vwoqf/+VfuXDhHFS1H1e7g7ULuWl9ey/vqbWVElLSxDgrQ8ptmrBEJJALpzau3bumnNvskaNrC2tag4IaBQEkogbVKKHWiE21nI+PEmv6/WKxGO8f3F02wWa9g/ERYPjsEw8PrYZ5Dd47oizhwtkmRlYwSA5dykmS5N7mpXFCNnLys7/y7379N8z+7Rsxzc4/+cylz3/Jrp9qySWoKdEgTXKINnOY5SuDwSAtposJIho2aZo65zrVHOccWEZDYE0kQdXUWl9XDz/y8PR7L+8f3NscnX/20Yd5vvjWH/3e5PqVPIQIUEVgRgEyxEZieXB3FINTPa6PUPykfeDDFoEPtH/9K8CDm5/7ydEuOcsIEgIKFWlRxrKMDRElSVLkfRPAOL708CMy2IGiJMQ0zeaynzlr2cQHskyCHRKjA12RiKpKB3LuJcUgzQbGFlF7TFWQpPXLGCg0nGa9vNfvjVRj0U9Ty0VqGaSaTleBnto9tVJP5s4sCQ0gAzMzkY0gdV2yGksu+mYlz16dvrlz4fFpvbx1OHVDazJ03NWECyKgAhExM6BUbTOdjUeL1VgvJcZZ8L2dM6+/fWVjbXVr0Mf5QTWbl5OZBc4sJ5apUmlqaVvKohVJFYzE1Let9zbprW+f/pu/9p9WfgnOYV6IKxofYFGnsR3GsEo2VzJolDCxxhok0E4aNi3ytMjTPCt6PXaGrQUmMAwoKkiGfQxpngGElOShU5s5wjuvXm4PDvsmwRzq0CZFlrIyAJMhNl1pUNAPliL+126mw+Qfb/hVT/D9IA+qlz+IC3qQXfWeteID5M4fNDxWgT7+9KTOWUGU7u9XUKLE2FY9h1VTpnnW+pC5LE+KrGlr0ZYgsC2Kob832dg7v7m11+YDHqzZNJnMZ0Wvl8Y26/dlXjgKCcZOj0gYRTGCSggJcG4cQIiK5WJRGJf4uAqUVvXmEJYSbhwccH+lNO6gbKEJgBCgray0h+VseXQmcU+srF6wWN099ItZGoMJMTMGgxHxCaFKo6IYkSKnKW0MesNh+uJrLz1y7tL1d94whgfECMqgtW8LlRiQOCkGq9l8kfeK+fQwNwyhOaqq0fronZe+94XPfKbHLG1sffQhKGPq7LBI742PjE20rm1fTFuZ2dgmbtWI9LJFVSElgta4NDhQcE5sqsjtctVXu05WY+wFiSFqG0LTMtDKYLCxsZEN+71+v78y7Pf7NknYGWTWExY8cxIC91dXVTA1jKZ95uLO/ObVPsDG5uk+ROfLo1sw9TWFVr2gUpIOGoRoqVUJqGxtaPwxYwpA4zELiJGjxJNjMvgk4s/37AYIOzTxX0g/wMc0VSWmSHowna1t7V65/MLAcp4lWWVa0RpEFPI0bWp/bnPbe6nr2tjeoNcvF4u9U9thPknTtDGWUZmQCTqdUwKyxjrn8iT1MXSHwRCitj5UTTuZpmyTNFstirM729+fLV97+y0LOHCZovFHtWrjyO8WyeO94pzlZHrQTI5kMsG6TAmtADIJIqswqsagkVBibOphkc9mR0fz6cZzP/X6Ky/3EjIFMKqJgW1UVSUWsskgXQk7zjCDkg/ItAiNGLOolpsbax0fC5VEkC05S1me9ItsUTWhrur5JEuLtdV5H9dbbffv3ARkzoZ5fz0yB0Ff1Syt9W3RzE/nfMrZQWx0OfeLsqmWdVNmeXJm6/Tq+np/dQWdLQZ9myRsDRmjhIwojBBAySwqb7N+UJHgH754dmttJVTT0TAfIQ2khemRzg/DzKlvHCsiqiGbFXUQYY4++rpG/JCJUt9zOvbjNfnwkopPlwMokBATp4J692j6zM4pynu4nOapGSaJj3ERpBUP3huCPDVNWzXAGv3Z3d3bN273H7k0X04GqZHMJiEaY5iPhRMFyTmXuaSX520MrQopBIzeN8tysXRpglBHsSJF8I+vrj/80Klrh5Pbk8myXbKhYZ6tFsWp0SD1Le9P2sWiORovj46kqkyMA2cUScRJqDXU71J6JPZ7vdvjMSCng1EVeVK2Q0sOQ+oEpUWKaI0mSb4yxKIX2jqWC4EKrGmi9zE2td/a20uHw9hWSblIJUQRy9grekWWL8pJW5fV0hXZUXmQ9hzuFZcurG+NA+6X1e2rr9ZtnFazsm5JKQHZObc35KJniGNdTmfVYr5YLKaLOTJt7WwPRqPeaNiiujRhYzrZP2QSBEUCJiBz7cb1ze2dxaIsl9Xnv/LTYO1wc33T0dB7O5/Mjm4RhNQRWc4TsE5MZpKVYVlGjRbQRfjUKbN/2l4PADEARJVlBFlbSdZ3Qjm3BvPcZb7KkFrR5XycpbZazrBtDceyrc5ub735vVdEgm9by5g5i+gNI9GxNpFBFobEusJljWt86xHFG1YJ3tdlNaemtlGcBQ1lXs8gyR4djS7tDjAZGWb1XuuWx0daVvV0Wk+n88PD5XgsVeU0miw1hmKMTUtNFaOEEALGyAaSJKmqamVtb143rt9r4rjykhmJyhGjoFCSiHHBJkmWY1N5gbYNYG1UraoKmQYrq72NLY8SQojWLqYTHz2zy5M0c0ldNU1blYtpmyalwYUKzaYb69sjm17cW4/GTOf9sq6dSfppspLbVAMvpqFaVpPJfHI0nY6ns1kH3M57BRC6xLE1yAzUtfB0lXlgbELo3r5+Y2tr5954miI999RnuD1c39xYZaGjcbtcHty60U6OSOosMy5TSJiyzA6GB636yMjsrJPwwZHAJzv9f7j9RTuAqCiIKtAH5ik7eSAlUa2jPQqcbp2u7l13fpEk3CuSxaJa+nZ6dHdtOHzjpRe/8DM/Z9etgfjQ7tavH94r5wtRNC61aWItsIQONsoqiKBsNlZGpEAMolFiWyRFaELb1rMlYFrEo9tLvxhUq+XyyKRZu5+bLDGJ9QAsRArloiwns8V8rk2YjO+JBKO6NhwCQAhNVdfITFnWNFXUGLxHkwSNTdOsrI0OJkcmzfxyFpGUKRIIsTqn1mGaUn/FpJnUJQlKtXRFQcYuqxLRkEti5nYefhjJonVeAaplWfp+vz+bLZqqrpbTlGEMkqgWglzXMJ+CSyHP2Nk1NmsAEhfckM5i5Wto6+ibg3v3JrPF/uEBMV945OH+ylARiEjYIFs8VgtnBREAQQpIwnz58puPfuYLr7/1+tPnz2zkNgG33st1fHDt1dfq61fC5CiNTZK7tIfBAq4MeLieru1NjoJAQWQezMr8wFhn5hPU2EdyA72f1//RdGU+XSsAgrAoAoiiJ3N9Vp0//0i4ehnamYk2Q9fTONc4Hd8brQypqb7xtd/8mX/r30lTXM3dMEsmR0dpYhdlzYYRqAOq07GwKBqEiJClbhDS0BYUY+MDUPBeyqYGEC+JR7+s51mWpWnq0sQlSRc8oRIplfOlDz62EWJQCQaVnCFENuSDoooxqnUMxsSgIQZWZSIAyLJssZylRWp8Woe6ZWjBRpNA4jBNMSuoNzRZ4XrDqNouppykSlRWVVbky7bmXi8ZDlZPhxhD1TbGmKbxTdP0i573flYux7OxBs+AoalXFrPBfMI2MVmCziRZdkLUA0L1ddNUZdM2s/nyaDqmJN05tTtaXytWBpZM7MIlpk4iWwFEOxYTtCHe2r8bVRezicwmX/mln273b1y9/L3hk49Xd24blVCWCWtCnCQKDqBIebRm1vaOWrMMgGQI+c9V7f2Lt0+XA5ACY0AFUhPRLMRAb82sbFB1oFgx1GkweWuDQizL02vrb7/8Ehn35Z/75VOjwfZocPv2vYsXL47n5Waeo7YdV4iBEJCURBVBssRG70KWguiiXGoUAB9U6uhjAF9Ja2VZNYm1xpg0Te8n71RVAxz3uaNmiUFSw44YlRA9CET0EFTa4FXbGMC3bSAbg2RZvpgvUSVK4MSV7TJPXTCppjllhe0N0+HI5T0kKGIr5Wywtpr3i/lykRfF3YP9KsZxXQfC1thiuBJbn7isl/vVoZcY2xCWdXlYLlvgWdMczOej+SAxNkksW0Op6XSXEACCRB/btvVeYhAytLm9vb27m/cL41zwXgVEpONnkwCzO85SEyHyt1/47nA4unvzxmbPPro1vPfa82dHPath4+K5G7dviASTmMQmnKK3MfZ7yeo2rZ69u6A6ABiWDuGOx1udH6X998don6wD6LvpznfPpVBJP1wHAJRAQZBInEc9qtvB7rnl7C5rZXzjjOQuNo2O79xZ20vXE/vWd77pl7NzFx69uD16/uZtevTSrGy2BmtAVTfnIYhRUlAkZSAGZGJjbWIaSVIAqBrwUZUwgtbRq6oljhKllKSqB70MTipYGRmBmNAQOmcNITAhKrACWBMtgGSS1FVNZEBi0/hoovdiramW8zxP2tL56ClIEEI2ZDOTZibLsMix3wMJ1O+70WqxtrW1vfenr3z/wqNPXH3n6uH+wSS0YTpzvjUgxMTO2iTp9XpBBQj3JzRfltP5pCyXKduqWjpjssQay0FESU5EHY+FCRB50F9Z295c3dxwWdqxUiUEQGBEQgLE7m93gg8jtNm3v/PiuYvPvPAnf/rv/dKX/b0bYXzvYHawNVoBZ0/t7o3feBUdUm4xRU+BR+thuFXy2jTkkZKTjcqn6xgY/lUO8J6ugvuPP3jgdjn+D2wJ6GRXAE+ILUoAIu+VD74PIYqIAgkAGaEO7bo/ma7vPDS5faOAphcjtKDeVG3ZKC727yZFselMe+vtG+X4kdODb739+mx+cKPyl3ZPG6opAEHLKoBwTPMm7TplCygI0djaJSatTNm0AiCgGiVqIAAlMtYIahNaQ8REiMiGmMgay8xMBpmYEEnZoDOWQMplLNsagAgpqihQ60WNaUMw1hqEaWghLFYBiCjLBoPeKMlyWxTesTo2SWIMmtAWm5M0fzP6MBgMXvzuC7/6Cz+bQMwttk3DKkyMTOxsmmcjRMNsnZst5m3r67qu2qWfVIhomRgwtc4ym8QxWyDK8zzvDbJevr69m/eLtJ+ZhLMkD6JonWFmx0KgxgChAKigKrSi33n9chvD9NbVVV0+d3rj+ve+6WdjtfTq899++tFHV2yihgNSZObEJb2Cts7bnUfeOuKFDgSzeEL6kWOG7A82RX0c3NT7h+LxDxO+77ondJIHi/C6mIEQAfHjrgAE+h6c/8f8WYUPbwbontPxDwUIgZqoqSlmjLqyre3Y1WXqmhKavnMB4rKpIgRgDMQe/Nre+TObK++8+f1LF565N52fyhIQD0H0mIkkQAgSidEqg7USHIgapARNYjtVbbmvT4EKhGrMMSXgGKXPbNlYa4koTTNDTAyIaAxF8TF6749lI6KCAAlSBHDWhSAMGNpKNaqoS5N+MRjkfbYJGQvWgLXqTGSGNIGiV6yuDwaD3a3t2fQoxhZ8C6yJI7RMERNr87xABRZgJCIyRHnqvA+Nb733IQSi7uucsrNk2BkyJs2LvNfr9/voTD7suSI3WYLMETSCGsPkLBkiZCFUYhHwMRIzsPmXX/+DjbX1gytX/sYv/MzhlctxNivSXp4lRZrduXW7v77Rtq1ZTbAw2Hc4XMHRmetzWuig5UKkk6F/z6n/j8t+xMTRj3ML9GGLwMexY+6PEIECWzdtq1sLf3rvokxuUbrIiiYtyyw2VfCBgxdhNGQY29qG9pGdnbe/9Up7vn75ndfXH38MySK1Vgkg0HHGgAwqG2RQCYZBg2FJYuptG7yckPk7Tn9HwegKFYiImLI0sczGWGbKi4KJiAGRRLwEUUTppHOxa78kZDtfVMPhKNQVozZVSRJINCGTpUWS9/JeH11iXNKpsgIRWpPm2XA02tzcvHDu/Nf/7BunTp16++rVJx86h4xJkkFsMElAlEQpqqGu3oB6MfMxhNCpf0REJGJiypOcjDGJI8MuyVySuDRBJtfvkbNgjRryqIYZrVVDYgwwoaAqWWNbX5dtvHzlyngykao5v7O23neTd+4ZptHmzt7eXpFZrqvZ4YG11hVpMnC82tPV3TLbPZgXC8g9JAQkJzUuP/ow++Hsw5JFn7IgGERBFbswACoJedo7auartkfpyJaztNcWdV35sWuWOYAmtvEh+pYMJ4h7/eGlne13rry+vrV7d7ZzajBk8DEE0A60AwyoIIhMbFLr0CUhhg4/6L3viMwnyOdj4V5iYuIO754kiekYO2yyNCUiYkTEsvSqEmNoghcURVCgiECJG987XD99tq3qlGDZ1hSVohZptjIYpFmRFX0yBpwxbJhNBEVEdjbJ0vX11eydaxZxc2PtlcuvPfPkozG21jhyGttgE5epqqjnTq+MooRjVLVIjEKIxKSESZqTNabT92VLhtk5dsbmKRnD1pA1ZBitVSYwHC2BdpAfClEiUmT87a//bu7s7OjoJ7/yE7ffebMPtHNqb/fsuTQrekVK9aJazDjPMU+kyHG4Hgc7d+p8CSOPeatskT/+Ducj2Y9+bvCxHUBVfyzVou9FvnS5xndBYtQdwbCpVBKb36pmT116Zvbi0mpIirLX+KqtoFnG2CRJNqsabXBgeNLAF554/B/99u9u7uz97h/98V/7xV8c9fo5ZljPWAMAIEitQQQAIc2cRGGDIqJqkmi724oqD768k/HfYU4pSZIkccZaADLsVIP3wSSuaisfYxtCHQNYbkoVNo0PZV0PejkAVMt5PZ8l3o/6va3VzcRlzqVCnPV6LsmUOMaOEAHg0qLf393e3NxYOXfmzORwfPXtK3/zr/3Voj8M87nJCBHbugamCF1AS+hMaD2c7KSZiA0zsRKqY2RGw0RoXIps0TAYAkNoGQyjZZMmZA2SAcMRQURBURXbEClJv/47v+N9OLhx86/9ws85X7fRn71wYWtnt7e6AUBKJJwc1WWxu2VGNj+1U+bDQxgd+X5DowgJKIsQdlkffc/294ExoPe7zz7WKPrRYdE/5hWg2wV10+cPAXURBHjvJkoQPJia02Xaa1e2l/uzrBiY5XyQZRBDIyFozC2pYwrN1mi7nIVnH3/s2y+99PSTn/vj77z4819+rpHgmEnUqIiCyzKJEQCiSMdIVpUY5f7ByvGN4Il8NzOdBMER1FrrnENgVCLkKCohBBEBjaBBYlRfNi0yuTTfn86SXh7aZtjr1eOaVXJnV4p+nqSJTbsAQIiF0REhkyIqAlo2CW9srO1ub53d3f3Wd7+7urX2re++8DPPfq6XZBoaBmGCgGBB0XJT1VA3nWIfnvTBGWOISA2hNWqIjUEy7BJAJMtgDTpD1rC1bA2nDpiZjBJGhaiihKIYDN66devPvvXtxWT8pWef2lsbxv1b58+e3jt7wSapEqtgHaGcLXzihv3tZC2bubyyG3fnruZBwBzVdaU/AnCcSvnhY8hPxD62A4gqiX4S0cxx3qkj6XUzhR53/0dw15f+0qXPzOb7VM+K/go0DfhQ+maJIExe29n08LEnvvjaH73w5LkL71y9/c71G7PhyitvvPHsw2cJjIlAEghALHaFq8cjvhOik5MuhQfu68QBiImB7yvGEDKhEokDAPWKgYLGoBIkBpWoGhGMS8uo+0fjU+fP5lm2mM+aqiSVQV5sjlYHvX6RF0mSGOfIGDIGjQFmRABkiMzOFv18a33t3JlTr37/tbzX/43f/K2ffPozkFlgKyRIQAzGGWgsJJZKC42/v83gTtSRCYhMngIhGUa2wAYIyRgyHAnQWXYWmdBZRFQiVQUFRPKIAbGJ4X//J/9HlLgy7H/1i881B/e2tzdHvYFXikGZWoNU17703q2t5VtDn0CFxdtTKmkUNUcgVlGFCPhuHvBTZh/dAT6q1/7AIsA/xG2fSAqcCANjRNMYd0+qfPvMfLm/Ik2S5QpRSvQaosSqrGbjydpomKdmUS7/8pe++Ou//8dj1JcuXy5S88SZXUQ0gkYFu+mHsBvRpNARQo9vEgEAHPEJmFqImLt6UkRm9+6LjIyiQRhYVWMUrxAjRGFkSgOlh/uHZJmNYZamnElTW4UicStFkacu6cotrUEmuE+aIQaVrn477/U2NjY27x498dCjb9666dvwh3/yza/+9E8WCaNLEMEgWGNbw5hYMi5WlTl5ixARmJhJiWyeIhMZ00nBIhNZA0xAeDz6mdHACbSeBCgiBEIP/Pf+4T+YTufg2//k7/6H81vv7K0MR2li0CzbYI1r2mZZlm3VFr1s+/QeF27mw81xu4RRFQugtEN5fxQ77pP612HmB9OmJ/0ArO+G7aRy3wFOCEc/CBJ60ENOxKHec+l/RfDwQXMDwQnWJRIC4KKNluHMk59/a/+GHS+zXq7QiNR+0YYoed6fR21bv9Irpnfu7Z45/5nHzr305pU3ry9XNjaVkyfPn5F2gRgsoqpEAkXD1jBqQoqkMYi8ezeEwNDx7k9uBBGJHmhpdRKaNvgWGMkSOyQbk9wsNG1auVsurh8d7u3s9BIT2jI0y1hVu6uj3ZX1zLokSWya2DRxaQKpgxNRypNbR7Y2JGY4WrmwtxeW7Y0bt1Z3937z9//w9KULF/e2clSDlKQuhkiWICjZmKYphhhFVBSpi/MJCG2SoCFih4YUGYiEWQmtYWQ2RpXQOesj+gBBMJCpojaR/+F/9z8uZg0D/0d/52/3LVKW53k/MUlbN1W5mCzmSw02Ty88+vDm1npQv2za2wezuR+02FPuC1qATgsAI+j9EUIgHWBKFZBIj3WmhNHoSd3ah+3pT7aphAwn1NHj79x/IMcnzQDv7QGgB2Rv7y+Vqh+rOvUjM7d+6Bjg+Pe878RQkdSZWVvfrn3vwsPjb72DLoF+wRgTcKGqmyA+6mRy2C/SjGRxcPfLTz9eLstr+0fffumVJO3Nl+WXnnw0tvMU1bDpdghEx7sZJCT7oBgbwwPxANxPYJ/cvqBECZG6eUGAVFSRbURfo0x8deXG7ZX19Y2NjRSwqacSfD9N+y4tnE3ZEnWNZKyGusEK1J0TKQAoQiRA5iTPVkYr25vrj5w/f/3gXlD5+je+sfILP29GgzwxpKImYAzGEjrgtsUgFGOXxOIuQ8Vk0gSZyDhkUmIgUmRhRDZACggI0jQe0CK7uvEmdW3d/IN/+N9ODidSl3/31/7W+e3VanqUZ3l/sLqczZso6uzm1u7K6Z3eyhAieB8bj5NKp41roB+pJ2QFSBVUUY6bXz8esO0vzPiXv/JrD35+vyf4ROJG4fjt125gHksrPtA6ffJA33+RbtcMcOx0iN2D43bgd3/rgztvePfKenI1RQBDggEp7G2v46i84gAAIABJREFU7t98o16Om9AKMXJWB6y8qEnBpKfOnr575460rQVz6cLFa3f2Z3X1zu1bvcFwfHR0au8UMbIBY8mgMgsRgGEgY6ylLqPITIaJCe//I4N4XFoHHbeQIIpECdI2IlEEqiZWgQ+qMPbw8ltXk7TY3dnZW9+QppqNj9rlfH04XO/1N/qDYS/P8zwd9N2wn66OIM+516M0BbZwLLUXNQSOSICE7KMMesUbb7yxsb3x0quvFP1+bzRAa9Byx2sAQ4jAinRCmj65EeoSoGSYjEFrkA0yoWFiEmOUiBRIKQoam1VegO3d/dnf+6//Pvoa6uV//Lf//YdObUlVUoyJy9KsaADccHj2ycd7O1vpylCRValtdLqAO4d1HVLlXuQkor2f0cH7mkKo8GCbtr7bGq7H4+1DJTLe/+UPS/zoB/3XjasHUk4n9Uiqn5QD3L9z+rgOgB/gAAAASNawb+vT2yMpJ1ffulwuZglnTz7z+YA8K2shWzbtF7/4xTffeouJm0Xpo1x4+KHb9+7N5ou7+/eccQfj8fb2VoewjBCICRGFSen/o+5NnyzJrvuws9x7M/NttXZVd0/37FgIEZgBQJBBAKQoLgIjTCn8wcGwbOuTFQ5/sv8f2REWKTtkh8UPtmSZpqgQN5EgAJIAButgtp7et9relpn3nnP84eZ79aq6qqd7MMAMzrypfvUqt5d57r1n+Z3fIWIGYEACJMDlGzLoAPGZHEcXq6uaqqQUU1KrFWaK00R3D+uvffd76Iurly9f3NoOpuO9+0cHD0dltdkfrPeqzUF/2KvKXlEOh2E0KjY2rVdxv0dFCd4DmIKaiUaFJCBqSGriELfW17712rcvP3P5b77zzfWdC0bQGwwACBCI2BEhACEZETKLKRCi80bgfGZ2cNknNmJENCYlBAA0BnPERZMQi95f/fU3/vk//196wfnU/rP/6r94ZmuN2rkHYPJFqBpJ1cba9rNXuF8lpjal2Op8lh7uzW7fn0QctFgmrhI6QzI9XsdXdfWjMwCyfDADAE5WnC2i5nkzRMTHD4AzuXItb5ibLRoQIAMwgNN2d628+eYbOG2csQJ/+ld/bTat948mSeTVz33u5u0787pu5nM0JMOXn3vuaO9gNpsezKb7RwezOrIvh+tr5F0yTaQC5ooCgBAZiQEp19EAEiAg0fJleQyoiZo07XxeJwX1xSTBWOhvf/jm1177HhXllWcuv/Ts5VFwR3v3pvv7peGwLDYG/bWy3Oj3BmU5GIzCYGi9HvaHPBxyr0+hB+zM8m0xENGYzExNVFIAdIRro8HX/+7rF65e/uO/+JPNnR0xCKFk4uAKS8LslMgIFZG8R+eMwYgUFBwhkSEmtaQC6ELhEUQkeVclY4Xi9r3x//Qv/te/+E9fvXLhQmXxd/+z37q03q9ACgTHjjnElIbr68PtTXU0T1FMY93Uk2bvwXQ6g4j9GkLEsqVCqUOynFKqTm2O1fC4TS0iwSL/+Di1PiFnW9fvOQBs2aAMERE/oAFwqj4eME//TzgAAM9eAU58YkQASMAgu+vV3bfforoe+EoAYt186pXPT2ezw8Ojq889x0V17fqN2LZgipIspk9+/GXn+Nr1d4zprXfeuX7n1v5kfGF3x7wXYAVi9mCgimZgoEC4GH248jLL1MaqopKStYZzhf1Gfnj91n/8y79+4/rN0drGxqj/+Vd+blS6w4d379x4F1IzYD/yxWhQDctys98f9Hq9wbAYjng4LNfXcDCAsuKiAGbroIOGBjE2KqpqlqJHVGlJdHdn+9vf+9aly5e+/a3XmEMTkw+VD0VSZecyMNsQujJ27p68IQKSYl4HGInFzJCRPLhi0uj/9W//6Pd+/1+i4oW1Yd/S7/7OV57d3ihVGMwBETIgl71y/cKm7xXJJKbW2ijzev/h0XicklaRQou+IZ/QKaJhntTPnNgeedNd5eNK4c/4y1OuACdG1sr7n8gAOLkBLv/6Yw0AIAAkIo3NxiBQM53evcepBVUXPHCxdWH3zr3bHIqXP/WZb772XdMEKpoabWqTdHFn47nnrv7orR+q17nF169d++G1d6fTtLN7xft+JrtAQM0BCkQ1eORlXRdEg9m8bgzGYt+/fus//OXXvv6dH0zbtirKKxe2f/OXP9+nND24f+P6G7P5uCQaoh/6ctAv+6Vf6/UGVVUMB2EwoMEwrK1rWXCv4qIAx8hkCKhGaCklSwqSyICdDfsVpVSQXd258NYPX2/q9uBoNp6nh+PJUR0xeAIlNAMTUzVTyNSeoKCGgMRE7H1QsCjaKghXb9y484d/+tXf/1f/x61bdy6sr/N89qkrl/7J7/zmdsUFQTubFRSAmNEBUjGquAySmjib2XzOMVFM927dE+2bK1suGqJIKETWtf0yXNGEM5TvpzsAspnxaB3C0wyAjtr/iQYALHwAXOwEoIulAAEQkBYxV3uyAQCImVtdLc0vrI3me3vtbFw6k9gaETJOx4dHs/nHvvSrf/eNv0nSgomlJLEeH+6B2mjY+/znXhmPDw+PDj2H2bi+/u6tb/zNt27fvsuu4BA4+IQkRkokgGaohgaUkARIgJV9AmwEDubt17/9vT/+s7/6+re/M2uipFSx++XPvvrFV3++tOZo7/6bP/r+3v17/V61VvRHXBbEw6oY+LDe6xW9ftEfuMGABj0/GkFVUllyKIA5dwUFMADVtrUkoIKaEKFwjpFS21BKz1283Ct7N969fuPGjfl8fjQdHxzsEyE7L0jRQIAESI0MWZESsqIzdkKOQ+/2g4ff+OZrv/cv/vc//uM/u3vvwdbaulfZrsJ//uu/9qXPfjqkeYkKbWRkACRiY1bWULBqI800zaccU4FYGF6//sDCloS1xD4BCaIQ52dF59W7fKgDAABMT1AputNd9RZ5AMVjBDUarTg0pqDd6raqpo/pgYMdIZ6twMCPcaOLtTongHHlwLZ6EjPN5cLk9+ezS5d31178xL7M9OguaZNmDw/qA2nmU2igF0YXNu7dOFIRtBhjZIP53t04n/THG7/9ymcPP9F890dvff9Hb2PZa+v4nR+8/p3XfxR67plnLr38wgu7O7sbo7Vhv1+FAgCI2BBmdTOeTm/fu/vG229dv3Hr4f4BovPMcZaCt1/65Eu/9OpnHBin+Y1333n99R8cjY8CunXfJ0Ej9t730fWJgyu88+acBedCAMrlKfkbdokUIoIElMnxARWYvSPEcoM2Yiv13MX4iZ0LV37ly+/cvfO33/3ua6+/dvPSMz/6/g+46O3s7Lz00ks7W9u9Xi+EYKbTad3Edu/g4PDw4Ic/evOd6+/GGDfXtjar/k5vYPP5Wln+xt//0osXdwOIb2cS27aF/Lx94VtUhXZjY2M6PYJZNEkgSr4YVNXh4RyEXLU1paEoARoBsaAQgCYAOFatY/uDJAkiI+aeE++d/pLO8rROOd9LaOFVnzgtQO5OkGt7DGCBPHqKPMB71MScK+cCPxaJtpWM22NkUVABAthYeOfu+MoLnzx4eDfVk9lsvzncm9dtTFArQxs/+eor9+/dtEjRwABIzcyayRg1NUeT/tr6r33m07/6hV/8zutvfP/Ndx5OZmKQGnjzzWuv//BNTQIAwTmiY8SEpNSmSMwuhCa2zgeGCIBfevWVX/i5jw89zo/2J+Oj23du3rx1vZ7XnnkwWivIk6lz7BkLpoKcYyYXKHhkZ4SniF1Xvi0RMgIKImbLBgnLor+5LZMJRUnzGNLcbW489+UvPzw6fO2Nt974zvdd2b/1+hvf+erXyHnnPAcPAAYUY0RCH0JRVFvVcCzjEBsS+ewLL/7Cq6+8ePUKpdbahs1AkuaCDANFaCWZ9xZcNRw8vHXDowZSRFwfrkPSew8O1FURQ8rNLzKr2qIv0vnyAWQDVHUZUF36zdmLftqjf7Tg0OcJIiqqARKQKSKVh82sl4rBC5+axeboWh0PH6bZDHzROpcSfOqzv/iXf/onzWQWozijpAKAajad1ajzydHB/v17g/WtT+xe/MKnfv7+g703rl27vXf4YHw4TS2ySyoiSUEdO2SUNjqwwrO2rdN23flnLqx/4uWPv/z8s4XabH//YDKZTo9u3Hh3Ws8tipmR4WgwBBESC8Teee8cB8fBc8jofJdJRzAvhoiA2C2jmcWRyRxhYnMsMRmBIVOv6G/vaDRpoeKjCvhof29U9D/+hV+K6K7fufvGO9fu7z9sQaNpIsytjrFtwcyYqepdvXz5+Vc/9eKVZ1+4esUBOkI9fOB9iLOanJ/N574sADU3ZhYwQRxtbIlxPa3RspHvYAjv3rt362Ba7n58QiTUFc4bPs6M+QDFlq3kf2z52RgA1s0uHcdXRB9C/+603ezvFld+bnx3b3Y4V/boihc+86oONsOFTXBBDJPm+BepJkUAsZiiU45xfHQ0eXD7LvtiZ3fn01ef/dzPDaPZeDrdmxwdHB0ejI/G00mUlh35YbU2GG6trV3c3lwbDHtFIITJwd70xttHTVsfTcaTw7qu22ZuEjUlz7yxtdUrylg3BOaJPTt0jjkwB3KBnCfHGXx2Ilm+YgczozEDExFl3coJXVdWxWAwWm/UFz32G0W1t3dfmqadHlzpFc+98vOuKo7ms1lsDICDJ6KN0cb6+npVFOvrGw5JVEEitVPH7MEhcj0eo5EAFj7kKBjkbiS+sBBGOxdvvH29hQIiNqkRkBs/uD6GwBeem7tBRJe1fwkkWSCbf1L1v7pCrnJq+jd96qZ6H9gAOBnBzZf4uOVIO/tPAXJ+8CwnKNtzlP1gIlzUyxO0gAD8YN5urz3/yV+7VB/cRZKrLz5brG08bP2l3talqy/OHj4E4rZJKUbVlJ8TEibR3KexVuVmfmN2RHSNEYMP1aC3XhRXN9Zwax2YnTMkSZbxzlSPDyYHe4cKIHEyPWRTECl8qIJXTSQoycpQIOKl3V0zO6wbNCDLOCJEJhe8LwtfFL4ssCyoLMgxIYMZJAHH3RfOsrAeEdHUjCw4F3oVDAdpOp3WTTHq+9Jv9ng2GRuCtLGpp5Caymy9qKqqCiEUPiAitS3FWDe1Y3ZFIE+SQNkJOUQH4JRRCBCZDAA0idQpWQhrm5t+48Ld71+r1q/U8zbOJ22S/salgssD12+pVAsKpGaLy8097gFyMx87pRu27EWdIUDLR00r2nJCl55Gn5GeqFf2ca+Ap68J/nDEzFAht9czEwUGIENqiR7GZsDBbZShwLcnLbZjV4RLwIP1DQ6enGubVs3E0KDrmws5K6+KpmJAxA5aSaKEacJT4qPcuDSX/LpkIAoExE0diTw7duzWylAEF5wDo/F06ggYiNHIbGN9e9DrpxinSISWSxYzqNBIgQwzX0UXreeOho0RwMDMVM1MUtKYRJImychV6CJp5gic8yE4QBBH/aooh4PeYNhO59PpLDYNK5BAmswFa+gViEjeIWLZq8Q5RhBjKLzmDAGC9wSGwIxGqpZaiZTUETiqNjfmAmNlKfreOegbKR6ZqynMqEjk0OhUAjdPxh+OoiwuAOBnsEfYeZJB0ZYdfEK1REsuEoCGXBIpsbBZxKKERipKwLyzczH4svZBbC6AapBWlhkyMM2BKTAwAguB80qeESK5Dl6FCl8pqkMmx4PKOedCCN77nvcEQGJJWsFajCsDQUJHly7tDHrleJwcIZkRZbpH0K5jJhiCImD+VUVNSRWIFAC7E5smWbwSqCEiCgEhSkuWHKv3DphZimSKvii4dAPpJ41ta23TcUmnJMEREWQS9lAiM/pAzlkI4HKtm8/N+SATQMzrOtbqIvqqGo76a+u3JrMp+do8UsHokZyBi4CScZc5utI9qdPPLttFP6F6yA9EnnYAfJi1PGbZE+4uwwwBgLxPiaCoQOI0znxgShrHk8H6FrmCyJsZGCmaqS1o3kBQCYEBiYCJmMAReQTHTMz9skJEJo+IZVUiomPHIVfDEzvnMi4iRZHIgAzokDySBxyO1tZHQwb2hgGJED2SQ8zIakbKF0CmYEqgqYkUakM1JWaHaiCCKXHbYttC01qM0kYGBEdCZrGOqVVRAQu+AG/OMJn0BkMQMdFmXntDTZL/i6iE1AkAM3EI5BkKb9RhP1BRk2iKJtDMZ/OmTiGFym8OKwzFwd1DdAPlvmhhysfE+SYAxwabmpE9UWTzJypPNf0DgHsEpNottbbQMwDQFceCDHAB3j1R5MNnD/OMsu9cPTpxnONTntg1g+dOm34EBmaQm8xEJQNyDgBEFQhnsQFUcmxg8xbq6C9ceq4/2Jo9OFjrDQ6OJqBkKMkUjAAVVQkAEdCMlAnRky+d986VZUUM3vuiKJxzpQ9IyOzYuxACLsilRCQ2AgJq5ktP2iaUNjVFcAE5eB7HNohKG9EDqYco2rRp3sRZXTRRmpbq1kLrCkdNoaDKSM5DUmiitXObjqGZ6axO07lDMlElhEAJNYLMYqNmrSb0Dp0vuMSuogz6a9A0DSwSiN0cnJOJzN4TOwcATKRJJDYaBQ1MpKnrWDd1HVNqqHShLEYbG1SVd++9w7QWUzDIcdX8XM1WW7+fiD/SyZ4noCuwIEgGnZl0QkfPqwnucPwrH1MX4Nfjs3dv8qdZ07KnsXKKXD+gBma8whBx3gpAP6WA1vuSE65Vl2pWABADNkSi8bS+2BtxUfZ7/f3JUUdVkh0vMMptM0xzeSOhMZAjYmYfAjsuCn88AELIK4DzzvtcJ2BIKIkILIJShHnTcp5hmSWJxIadr1xonBcFl2mA1SypxChNLU1NdWHBgy8g17InZ4RUFJAU6gjtHCdHaTKWydyato1CiK5wXIUGQGIyEUMAZiVk78BzcOXy/hS9AmABI893jHmpC8gAaiklwG54JJGURFJMSVQTABhhxmXEuk0RFQjBEZAiKGaevdMKYifJBD4o0ZOjIjdvfdqDPIaU7mfAB1iV8xm1AABMc16V7u/tXX5uc7i+Nr4NCrYUVcuTExmQQbZemJCJg/OeXeF84UMZgvO+CIX3LixWAO8dcV7NMhyEQA00kYH3wfnC+8K7djKZTSYzhw4IAVksmQrHllUYeDaeKIALpSlSShAFywql1cBAaCFoEmgi1Q1Pj9rDw2b/cHJwKKIhhKrf84MqsTMkTOrYuSJA4SgUGDy743LNJQJfV7jP8rRsZmaJxCCl5fYpNSk1McU21klSAgtYoAvVYO3mg4OMCvnokRq+f1ly3sDP3AB4VKxbDm3lV56Mx+AvrG1tvqMJcqMYMzBkJDBEADZkQIbMnouB2bMrXCY9ZOe9987lyjHnEDG/z2TriMdBNEQ0QhdCiG3wIYQwPjw6HB9571Wg0TSXFqIlU0UyQ/ZOVUMozcxJS1GKUWRL7LmDoEaxmKSu6wd7Mpvt3br9zltvE9FwbbSxtVWuDcqNdfHezIyISo+Fp6p0IRA5WGKoFvFTgqWv312zmYmaQkdVaGoIkJKkJBqTZIYLRkMgZLDw8MG94HttBFh48I+fg35CzxeWK4x2FtTZGfRzjvCYxNn74AXSMwP8TztBLL5Y/j6wkgfIttrKpt3Z7NTHuGICLUUNNcb9dgZgO89cUiYKjoNHOYaTkAEhBvaMEBgL78pQFI6Cy13hmLvaAyM0zEhjAxO1rlC6eyTMBN4j4rSe+8DOewCIYj968+398eTixWcagJnItJ7DUbs73BBAObC2Fed829a9dhiStM2UphX4TLPO0rZxVrfTucxm7/zozb/8i/+EiMPhYLS+Ph4fXrhyJYi44aAcbQx3LkARsAxUlECIXYuh4wzMwh1ENMjl1WqmZpKR37mtrKqlmJpWYm6faczAhVOAsj8E13/4cK6hj+xMVtDNanCsl3ji+S/YL/XE8z0GBa0qIiHpoiiYV3rMrUZR8RxGtx/T1npPH+BnRjqLkJao1fwpHR2ON3cvdNWAiMSEhhnXz4Ce2CE4AibK3LfdDyKHxGhdOc+TTTPc5Q0ImZRxOo/TO3dnoq4IR209nc8gxlxQj4hYz+ih9eY9iQ3GmgNLVeQ4fUqpbVsQTclu3Lj1rb/91nA4unDhQn847I+G6FkIfFUON9dHuxfdaJi8U0bMpfpdnGvxaE8ayohkppKL5lVAlMxMRVVMFAmZKA/gpJoIkdD50M61idhAwmIgH3J053Hy42QefuYHwJmiCA+PDp6/uDPYWKsPD8kxx+jQAwNo8uwcQmAOCJ4xOBecD84Vzgfng/NI4LDj3LTOtTjjJCv4Tc55M3BsgZPwdN6Mb9/i4NskRli5cG+8byYhhIrcfN6Cilqr7cwzSFVkQ4uJwKxt2zsP9r/5/R9xv7d78eLOzm5v0EdmDTza3RnubrvhwG8MpQjgHBJCLhWKAIrZQxRNizgBKigBmIKpWhIwM4UcMBVRFVUVZALvgoFjTpZmGo0pVL2H+0eAQcGZCgB/RBj9P1g5bwD81Dp607FdY/TBcYbRdNbiMztro627+g4iEbMTADVk5wiKzByF4Ml5dp47dk7HzrFDB13gHGmVfcPUlDJBNsBKYou4449z6Iqi4pQopllK1kgT1RAaThfX1udidw72Y9Ne2lpPatPpvK3nHqUpC88OEcuy9N7fuXf3W99/Xcpqc2dn9/nnQ9mbSlzf3hptbWxc2qGq0CIk78058M6AKIe9c1Eh5tI1s4y/QCMBM1VVUKRsA6mBoCXrqn4AEInIIHgyMQFMAuw49B7sTzH0yIVZK4GflOTnpy96bI+dG+05T5xqpJXvtjAXM15/WUNwvEMucl86VflDxEeiYsdRWIKlZXrChO/6BmQvJX8RMMhdNJdeztKqMezywcvzii3w0cs/dFMUCvD9vQhSPvfcyzdf/6G0QqqmbCKKySGxY09YMnum0vvCc3COHSKZanQYkDrTEwkAVdRySgOtY+taGkfaNR/Akl3PF2PXFs43XhJgm4Q8JoV5Sncf7l0YjZAwHR0cHu1fWF/b2dgwT8nAUNd6oSxKMbj+7p3rd2/4QX/74pWdZ5+Hfs+Gg8uXL/bXRsP1NVcW5kmYgRHQKTIiKBAia2wBTMAQLJmgmqYIggUxqKEoGDgjUYVoJpapdJGMyLBg5JyDZo3G6K0oB+s7D67fSTRqjYhZrCvgsEWp1+L2HzO6LhFwKwZJdppWFDQXmAIwkIrgomLQ9Fij6L0628Gx77Fylvzpo1A5y/m5LlhyCqztRLWDmnxo8uP0HDhHjKLAdBqfee7F/nBtOp4YMeSGhw6ZKDA7h0zkCT2Tcw5Ql72+rYOWm4gAIS76t2XCUOwGhmX7QVVzpJUBHYFn9Ow8c1JTJFAFNCMSwPtHR7EMu6O1JHr7/r2bN28Gx/2quPrMJSa/fziejMeTti77o3Jzc+f5F3ZfeLHcWivXh9ArQlFBCMKkXfczByvAL1v0coS8Lonm+DlqkhhRMZOfmoHmXgA5iZuD/cYoBpkW0UDAgJiK3sFkruAEXU6cnJPnXFyA6dKtPE93zYzOQjw+xVNdhIAe89enFZfD4/hRXeDsffGQGkIUvbu39/zlqxgqIEcUzRkAeCJH7B0VRA7MEWbHd/XJiCoiikoX7ldFJFXNkz1lUBrgwoQWkczHBg65cD44F9iLoYpkFFsyTak1Zw3oYT3drMphb0QicT6rtb314M54fDgarM2bObFf29zuXdjauvrM6Mpusb7mRn0lNEcp03UxZwddzJCJzMQyuKNbr3PAilQypCK2ESQzYCMYAVBemYkYSIA4M78YAJqCmQEZQVEMHxxMBSnvQouC2rPv9pNpP8CT4vgR8UkWgQ9EOjTBh70IfOBCSXUyj3Rhc/e5F+7euI6IuZyGmAgz1hNRdcHecsKEM1XLrH0kKshMAMveH2d4RxnACQDM4Jk8U8GoigAciUkFAZmdSWpiPbPUc+RAKu9CFVJbk0MBa7Xtr62T48H6xtrFS2vPXK52L2AVoCzBUcezYEumGHi0GVCGkZIpqZgIpkRiKUrGF1nWZlrUnxKiI1DsKhIymYRq7lRIYXAwaRUGikAGZt2p4RFk21Npv5nyj1cR9sFO/5AHQFb9U8mFk/nnlfcnqCZWiznOu4LTnkCWJWnuaeVbsRfP6yW82OC4hnjV3+iuhfjWw4cvX91++VOvfPtrX63bvRJdKDyoOXbMiAghBIeAiKpKDKpJFZTBsUc0A0mSTCGlYywNkmXWIzRSFQWJGgEUUJnBswuE/SIwYEhp1sY66ayJpMKekbAgdqKogkogUpWBS9eviqrqF6FyZZ+KcnBxZ+PK5XJnC4d9qoL6sCzURkBHZIqSzS4RFV2oluUUh8SIqs5Qkjazic6afDOTQuj3EZCYc3AdkcgzMYGoxpREQMmIzUpfrtcHSZjNEMxoha4PEXCB4zkTvdM9ghWNXMbyc0XH8vGd1LEVjXlE9zIC4sxzdXUwj9vXls7Jo+IWa/pHV7IVpGr0hLaQkaLOU6uo9w8nW5ee2b60e2e8r628x35mokqiidqc82VmYFr66KYxU+9j5r/uZn02M6cqRM5TkXzGRQIAEXEURvMiAkIGjqAwKAgr73rMw7IqApVlGA42uCj9YMSD4ejyxd7Oblhb434fCkfeJVBeTL2qKKCn8GHL6+9gYlEsts1kMh9PrK5jTOS8LwJahaAKjJiBhR0q2xaYOUUwIOQwrTVBaeAUKGMYu+l/cS4CEDV9vxb9Ke1/742fTPvfhzhExMdOtB+iPFXG+5T4UII2Nx8cXHz50sXLV+699QaJgJ0b3jUzAFNBJZFoOQpqeUyYqaqZIBM7VnXE5F0BC6gWIrJzLOJNSxEiwlzvm6Rr1RVbFWVTrymQDr0f+TAMYa3qlaUrq7IcDKGsiq3tsLE5euaZanc7jEZQlhZYGSm73QaollDF1BAQuz6HxxYI5kIhcESzef3g3v39O3e0jYXzg421oig6MwbVcuL4pOrkKgUjBiom0yRuIJkJHM6IUOec2/sLlX/OXzpXAAAgAElEQVR0tB8gE6t+VOT0OFwOAFOjxy8Cp56QUdO2RfCTVmrlj336lde/9TfzumYDwBNPchk5ATMiMDA0tSSdneMwd4+JGpMKMzvnvPfOMTKDHNenEqJjlkRVqAAaADJFh+JRvaXAmKRmYA9WmPXA9YlGzo988N4XvnDBY1FV/UE1Wh8N17kaQjQgQUNG4KW9mCMWCqaQV3WBjraOAFBzpQFMprOHDx68+eabN996s55Mnr/6/IvDfm4hA6BkbAaUI4ILi9Y67icVIGE/bpN4p+AsQ5RO3exFSOmpo+5AT6X9y3M9+vkHov2QfYBl9cBqLOjE1145k6z2eFox6NyJGP/x22W9BADAMQcOmMlxjH8Zw+sYkhaHQQLtLDRVJcJcG7VqMHbwTtBj4hRQRfBFv21nc5O3bt7+2Euf3LjyXD05nB+NC18KqBhRXvEJATGHd8SAUNukAAoCxIhqZta27cPJxBA4UFEUvaIaDQZ1bB2S8w4RGTCmKAohBFJCKBAaNl9rnchaFxO6pA4levAeUk+hr9gnCmajoqKi8r1hsbm1tnup3NqBsg+3HsR5rQBQeKx82N6E4KEK4L0TBymCIhABcZQ2qplIYRSTzqfTyf7+zWvv/Mm//6Pvffe1OGuev3TxpZc+huhSSt4Mcy5DzYOBWlIwgzYpIQuAGEZC9YWrRnOklMnNsx+MHQxORVVSfpinVGUVJ7daIJDD/2aZUYqO0wIrMftHbfeFHAfoTn4uSI9s3510eeqVPAAKLLyllYP8dKEQGUh3yqpZTPPH3+a8nEB2Bp7MLmIzRC6S1vf3x5968cqnPv+Fd1//jjEKGJslE0bKYT9ZTP8AIIvkl5mIgJnN5vPxdHL36EgZe1U1GpFh4LqpglciVSWipJZTAmbAwGSAEbTVdlyrCCRBFWoTGzhQBgNRdSIxQUwBQ1UOB2tbYW3Thd743VvX//Ib+w/3rG4BwByBd5GgGvWHGxv90eDq1WddfwBVCWhQFl4F26Zt23mb7t2799q3/u71H3z/29/823o21ZTWBuXlK1dGWxtVv8e+QOSOri+zJwKgQrbgAMAUU9IELpGL5FLOWxpllpRumpHj+dvM8uLzdDqgZ2rz+ds/dTD06ez5nzYWaDkG1Iz0PTon5411pdnME6cFRBUdAYCrm/rW3Yc/9+nPffPP/uT+O29IHYWMDXJPO+om+pM9WsBy8ztRGM/mdw7Ht/b3KbiBWuLCU69gADPPZmxMZqIapY0xRnl4/1bbSls3sW3z9wQ1MmADAmIkBgOGuokxNUeHk/3DaTkc9e88xFDUyQycGXoCB7J89gJm9/Ym9u4h2A0VMQxVWfX71CvQcwN62LbfePuNN969fu3dd2Yz2Vpz66PBha3Nna3t5154fn17q78+8i7kMgYDUtRM2ZBTAA5ZxUQlJhIKEYMBESIYIOVaI1XI3SPNTM9DaP4syocAhjtzHXiK3dXwvRqPkYFqAnJglISv3XzwzGc+9snP/sLevbt1c8BmAsAiRqhgYgALytNF7tySShRrU2zUZm2c1A0CPLh7f29cT9bTzsbG+qCsfCgDBbbZeBrn9WQyqeu6raOpYQYMJ6HMfmiQZyYCAATHgRmJgR0puHbWxuYh+8IXFQAxOSY0aSQ2osqAMSbMXezNDIGAatWxpP35tGV4MDm8drj31nh6oHBxZ+1jz25cvfrM1vZmrwzD4XBrY603GPiyIOCues5UkhjlZUBBwSEJYBJqEjRlmTAIkgKRAULmC+6CiR9UtOSjM37cCez1OZd1nrKumlO2Uh/8qIKewg6ZaV52Hy+4wB2J2ermJ26fnfgHADKWhBgB1JDQl4eTyd296ae/8KW/+9rXpG6tnuUiyWTa+c6mpGgOnfPEZCaYHHKDkY7mdSiLctg/aJu92fzOZH5jf7xzuL6zsbFe9auiYFVKiq2kJmmC7EWbqCV1BmjKBoaorIikCIhkimIEhmLOosYkZHN2iROSkgI0IGataTK1BNA0jWQoi4qaETAANCopNa2Dw9nRfD7d3dz48t/7zPPPX13bWt/Z2a6q4ApnZs6T4648zXLTLlEk1K46VFEtAraRJrUcRSq3tyIPIngAYocm2oV8kM68/+e/P+OBEpI9WeR0Jfhz9qA7NYQW2yvB02Eafmbg0E8bEkU0MwNDBQcYXr9261c++7FXf+mXv/aH/ybFum1bBWP0pNB1xVjpacg5T4ZixP1eLxFhWYTphHw1rut63r5z9/61W7cHVW9Y9SoX1no9D+hyvYEkVANVVvAKHow1Q8eIMRkSA6TUFkJMnLwiM6OgQdEatONMygkASIIqoqqgKUnUJElEs9JKatp5ilOLD5sprPV+/rOffeWLv7K+c2lra8PY+sMKkaK2TWqQgBAdeVBMUSyTFKiBZSpqAUNRmUUZN6kYXUxYRgwGThG8ZaQhdLv8GM+uU0/QJ4FCnHeQ930Bj5GfpQEA569FjwpaVylvQEp+2szevH7zi7/699/85tfvzibk2RMmEbLcKNPQFBfl8ogAhOQCk/YGBTosCz+s+s9s0YOj6d2D/cPpbD5vjuq4P99jQGZySM45jzQIJRs4Qw/YYxcMyYARHJEH84jBjE3NnCNT6PrJegFlq2MLqDktpUlSW9fzuoltTFGyCWKIBkzEiGLmN4af/PhLL3zu53dffnm0c5mqKvQCMrrCiSRN7BObRDJYJo4pq6MoGKAaiorhvI1HM02+X/ZHMwoRg3bcHMpoqipwvHSbnYZgvKcsy74y5/VT7v2TlQ9wAKwg+38iQgvsw9OMAQAAQhcktu/eP9we9b/4G1/548PDo737k9m471xSTQSmCGoEnMOximyQDIEQi6IgxML7vtKslZLdsCruHhxM6jiZzeZNBIBWYgIQ1Wja1GNGK8h5pMOkPpcgg1WeHFgBEAxL5pJ9QOLgzVH2TAO5+XymqAYkYDnH5pCIwmBtw3vyITjntrcuqJmI1CnuvPTshZeeW3vxig173BtUwwEH17a1BZ+xS8QktYkIqoJlMhcEETNDy2YQmuGssaNaip2NOXpBl4HPZHAGxv0RUXzvKmGzRfuj96sgZ0z/p/wRy/8/9SpxYgCsxmVXcwKrp3erNtYq7QofZ0VO9IdanS9OYo1yiGeJvF/+5RjlhattBBSgS4muNhZexISye3mcqjdFQAUTADMy42om6Qc3Dr746hfffuutb3/1zxEEUjTTRtBDAiSMEQDAiC0hIhEBgTd2hYvY1jENA1Uu9B2sFVt7h9NJGQ7Gk/ms5rKftAsLsgfqmisDuS7P6MDIDFLyRcmGqtAoJDCfjJgf7u+BUVVWG1sXDOzO3fsA9Bu/9Zt3bt3e7Pcrop3NNY1zBiuKQtm5UMxTDGv99Wcvl5e3256rA25e3EqgUVS9R8JkJAQg4MlrgqRmKioKqipGBjG1IABqs8YOZ4LVhpab4ofJWLXTfEUUNQM07eBAqzqGtpJG7J7p8lmZrURIGXI+YbmM2CmlOjMJgJR7Eh7z/6yWGazWpltXB3MCVtadZZFHW+1Htuq7fmgm0HGI8/xgqJmtwDCPPzwF2jt3TVh0HjAFJQIIe7P6tbdvfekf/s6De/ev//C1qGOw5DQquiirSRnIXSNzGNPMiLj0OXyvgVzlXeH8ZDYflcV03kTRJqqIkqlnh6a5sR93sDlgtB6ztnF7Y2tzOAJBiZEMdnd3fVncuHVbmdbWNy9cvPTsiy+98+4NX1Q7Fy/94j8YadvO9h+MymDtXKUGAHJBDNcd+Y0hbAyk521UrW+MIoFpVxWQLKO0FcRQFERNxEQzyyKkvIGqQkowbTRRr7d2aYJlA05XVEJ0Ybp0BFWnk7hnJgGyjXRefuA9tf8U+8OpjVfk8UDJE9r/GPkwfYDlGODz7cIzx8CJDZ4gKgqLBIKCe3DYbAwGv/KVf/Rvj/aPbl5L9RGisCmoi5Cy/e0UuctxcYf3yZ22ENkxqQPTCokc93r9ajafN9JEaVM00ZKJTVmBDEr2hOgUCJDIymGxvb0dnN/e3r537+6Fze3RaN05V/WHSgzeX7r6rDh3+aUXe6O1y88/Czs7sPewvHfXtPUenCMEpaKq796bxGYeiCsutkZh1G9Ac/1eh9pTVU258FfFVMASmICJoppo5h41AZhHOmyg2Nqi3oZgGdXxyWjPQhHPpgI553k9xTaPav/jq16e/BpWtd8egwZ936f5QORJ7mweA4/f4Ekcg1wCOBP83rVbr7585Vd+8x//4b/+/aadgSZSISAHkCABgDI4IlImlGN+SDPGDBElMCyAkEkdOGbEufcGVEmbLLZs4BTYoMfBGzIBoznnSx8ujjY3tzZHo9HQl1Wv6vd6o9F64AeCVK6tbVy40IByUfY2N6BwcPAQSPrPXgZrwDOoQFOPb958MDnw/coPe/3tTStcNDVQXIB2zMBUc1s/XPzE418VFdQwijXCR3PRMCw2Lh0JQyhRTxQGLbU/B3DeUyk/EO1/JL75dCPhTO1/zADg3/7yf7P85YQanaNSOZeeXye2pxPbnH+B3WvVisknW+x1tjYb2qJR6alwkC35S05e//Iyjw9ogMhuXjfjyeSZK5cGvfLBw7sa523bdgYsIhCooSkoqIIJiC1v6/KCFYiAySEhMQVfhBAcoWcejfqV9wWxR4QYUYWTUEo9diWSNk19NI7TGcbkDcisreeFc6EqiNEHDzmLZhHa6BihV0I/ABO0KT14+PDGzb2DPXXU2xhtX74IgRXBFmzSllRT0iQQ1WJKUSxFi6KxkdhqShKjRrEUY2vjuR7Nseb+6PJLM+o13BMsuorsTmeWIfuMv1p5FqeUeHmnV7bAlcDRCa1YOHhnVc88LklwgiPRTtjAp45x/PPExwpnXOiHvQJkURUgXjoD7zmjqykoPL5c5kxBwqTgyn5L8tatB3/v8780nx388Bt/PkmNmimCmWoyIhImFkBTMnWZIGLVDEMFAALwjESkImZg3SbKgYN3DlCmNbYCMWELqalbEQdmbSOzWVEUOp9Lr+QykHdclOA9SquM4INUvbDeqtTUTGASJpPxwd7+7OAgSSpGva3dC4OdLQssaKIqSTuOclVT1SSYRKNpShANY7KUNImJWFIT0SRta3UMkfuDnWcb7rfYEwimSEAKi4jrsfHzdLIaJ11iP0+p6aPa/xjY85nbL891xodPYPov5SMxAODEGAD4iY2BDk6H3CYV0R/euP2Fv//rZbBvf/VP5/fvmZmqRDNmIGNiYkFvqGKGSgREpoi52kUREBwYA6BjzYW4Rpw0AWFyzEC9zSEmtTZiKzBvyaxNDaglQG0bbZt6wmXlyKErSmLfHlZGhM6Hqmf7IyoCIoKjB+PxuJlD4avNYbUxKDYHUFBtsTXVnFwCQGRV0GgSxSTl+R5awRitTTFGE8VO+9smOnUbxegyVNtzdQmDgeMu0GK6sHqWY96emBz0ZDK4Y3x+5Nk9qXbmfZ9K+59WPioDAJZjYFkD8KRj4CnPIqKaHAGH/kE9/tabt1/50j80Lv76j/5NU080RVBzAKiRjJwRAOYeTQTMuYQ4TzCEuSc0ghGx0ySkSoYiImAiyQDLnkPA4Ni5ovAUBUQhaWyjSZTaOMKkTc4R+8DO0cQDOnZclL2H928jexERgqlquTHa3r2yefVisT5sIM3rGXpekHXmqKNaFI0RRUEEk2LKrnDKISAQiWJt1LalOZRSbYX13am6SAGQVLtxvWCX0/d0vR6VH0f7z7P+n1b7j+OeKz6Amp7vBK9gj0/U7D4BBuNkjdCqXbgSp1/ZZFWhT/QHWFoXuRPkccB4uYuinjEeCLG71dkxWAmnZgpn6haU41MLKHMw1JgAYXAk6e/eaa5++td/Y33rz/7dH8wP96yesRnltDCCgIgqI6Ilh4SGxEyIqppMISkA5ZoER+gLV9cprySmdjg+YkB2yAYle0Q1FCLzJUTRVlsTMzM0JmkcJ6NWNRN0unY+N3Lo2Q2qyy+9tHbpwnBrpAxzqRM4MkZBZJ/vGSGjEiZzuVZGAVVBARVijJoERFKymGieQoNeqgtu+9kJVQrODFAlU59DVxtEcNoHPJH+lRVYBBktLCalxXNUU1zR/pOVK2fgxB5bJUOrm6483xNHOGffxSGQFI4LYle3P3cFMNUPpVTyFEzaltUCBpZ7zT+Z5C8pljvt0nI9yYMNkQ3BgBWKqbq3788/8fJnf/e/u/oHv/c/j+9cN6kttQa5J0fum0RAoAsksB5T7xuAqB6bCowZuNm5WgIW25aIp01topit8KbGpJl0bt42RNShjxaRlhB8INcfDtc2dzZ2t2kQtGTxZKhqapByq8BMAmWQNR5BNAf7TSR7w5qSRrGUUrJ5hElriYdutB1GlydcRgywqEDqmIJyEOlU64qntDS6dMETw/3NVD845tFHp//Hb8+//eX/+pwD4dLCXlW7896fjALRe26/mvs6kdjKUOmTit6l+Ba85CdOdM5xTskyTGRdsLBbFhBRVGOUw9m8Gq7/ype+dPfmjVRPNNamhmAo4ADBcqsyNMuttMAUdcG3bLaItUHOppuZLsj1uqGQQFVNTMWsaVNUE4BoagzgGJiMqez3XFGEqtcbjjZ3d0fbW2s72/2dzWJ9LQwH3CsTo7JbkKkh5JZiiqA5syUiKcWoKUlSia3GaG2tSWfR5snXbkTDXVq/lMr1xvhsxtPVcNc5sqpVx9EeMERcwn5Orh+rb08EcB7V/uXB82RgK8EbW/nlPOf8XNPonMzc43yAj8giAN06sPr+KQBVnSkJmteBjEfJQ7RpmqIomCgqTKJ78/ZhOwr/5T/7H/79H/zLN771tWayBzHlRFxuMNA1npDMkHW2nqxAyrsT5UWjKkr1aklBpApFzkll+zPDLpjIh0CIzvuyLAdro1CVPKyoV/heSWVQRgVDM1PNFUWZllDNGBDVNKnE2MWCVERAFSRh09pc3BSKcvOKDXZq6tURdVFZ+vgp86mm/2PQ25M+mnO1/8eRM+NO58n76A+wMvrPrRM420/AE5+v2JGrW52f9H1UVE8wnaz2mj0FrzAzzWfJEUNTAPDOqYiKABAAthqu78fD6e2v/JP//uVPffrP/98/GN+/rbMYJTWSPCOYAiiSodpiZsj/HLeLQ1AzJeq8Nyai4MiAAD0gFshAxISIbhFaRUQmR0TokJlDCOTY9yrfK6t+j3slMCUVVHGhACJkImYmAkCR7IyYQxJTMzHTtk1k0LYpRWujmyXQcn20/eyU+jPzrbIysZ7t5L1nvPLUNksHYLEAPhLf1FPc5Ys8QGa3OAkQekKxDvzTCRPp4jqWx3nCsrXHDQA1I1WkYwP6pyO2gpP7SRwcHrWjAEBA0RoMB238i2//6NMfe+Wffuyl/+f//N/efO27pK3U86ati0Au8wci4KNrcGdbHfNEEHEmLiHCEjkgMTsmqnpV5hdiZmSPTLlLQWbo9d6jY/XERQj9nqsKLgsL7KoiZ5azjQgnPdMk0hHUmRGiRGmaGBNNU8Dell+/UPtRbUXEIIsyo6weTzVfvse9PUv7z9wya//pjZ/CbTgRln1U+x+/++qvH6EwaJYT4ef3RQz6/oRAMw41As7U/dV33/74s7v/+L/9H7/2H/7dX/3H/6+R1rlCNIKBOw6pHV9n/hegKx7JthIxIwITOcBAVLIPITjmotf33oUQyDnu9cwRk0OkEDxzCCGA5xQYPIeywOC5COAZgmOi7kHrapCx8zpUNJc7ppjqeRPbpDxK5dCtPZOq9blRBDIghtwdDJ+2fvxp5fHa//5m1TNDq0vtfx/D+D0GwIe8CCCeGAPHEPAlXlqftg4BrSvzXhXqfigAgLlGJBTr37324OGk/oXf+kcf+8yn/+9//a/uXnuzPdoLqoTACwjT4+1dBsRMwgkU2HnvSx/Yu8I5dt6FwGUohn1zTOSAsCx75JzzHj2XZdDAHDwycRGM0BwDAKppSoqYUsqFBGAExxqAbYLxPDUNJeiF3oXQvxj9YG4+AioRmOW16wNpXk3nFwm/p/af3n7F9z35ySmn+dzUb/f9H6ulj+7Ov/2lfwod9+Sp12If6BKujx76hCGxpOg2pEUzIjQ4WQ6AyzeL/gMZBHT83tCOIzYAna1nHVzo9MsgF/YtUT+r78mQck/H/AJEQ0BgZATKr9wolYi7uI3l4kVWBcZyXqeb9/fWL1z8ta98xcCuXXu7VwZJSUUsAaoCKYAZgcHiujtvGcnQAQfyBfnSFaXPfSR9GULZ7xVVUfTLsj/A4H0IRa9X9irf77mq5/sV96ow6HNZcAgcCg4B2SERAoolVVU1BEAFVOJk2iYSizFNp+2kllr6c14vdl6U3u4Mey14ARYAk1zwgyfiuB0Ccwm1Ojt+g9LdnIyp6d4DWDJQOHGTu8gqrj5fA+xiZYs+AKcw7atKcqJOXQ2te3WxO1gQpT5ylYgokCwjAWFlT7T/v7vv/JUku+474Ybq8MK8icsll5ZIiTmIopakKSfQsCDBMPzNn/y3Gf4iOMCwDQUYlgTIHwzJlkiJtLnkmmJY7sQ3L3WscO85xx+qu191v+6JO+SQBxPeq666VX3r/O49+bT5PavLV3/WguF20SpSbZt18ik/d7dZWgPA9vMNDcC6t7MFCLeejwi4Ws2uQtSW3RxgOZB1bKlq3RTVrmmPwMiAFLhROz49G1+MvvrVr7799m/du//g9OwMgdCMAY1XYX0IgAbU4rKdXIfsiZnJI3vHkX1gz94FH8g7Cp5CYB8oOPYBQ6QQyXsIAZ3jIoJn9g4dkQtAjA7b3OJ2fgjQkpKoNpJTrmrJ4qrMowqhuB6vvzlqnMSDZKzICpddThZK0LLWw2bD6l0AWFZI3wAM2pY5hytkq/+vfHh1XV/DQ+eTrco0wHrs5w5xANe/zoqeCQC7NoEXA8BVLF0BwJZPdwCg3Rh2AmBxvPOpdU5u3/0CA9tlAgPV6P10Wl2cT27dfuNLX/8HcW/vwfFDzWqmgEjUlk5AbdkTLwHAzK25xhF77zyxY/YxsmPyjoN3MWDw6B0GT86T9+Qc+kDOoyclMiJgNoBWcFGANsYf1FDEklhKklKTtVJ3MtVR9m54h/fu1OaNe02jSC33b1o5cbEcb7LLEwCw4tQuF28AYKcZfvX/+ue7ZPrO+LsG376BvBIAwI5N4NUBAK4ERXfj3p4XALASpdafp8MN2y9tVVhDEKV5mR6dnAnY57785V//1CdOHz8ej0dmQkDaJhF2ANByBS0BQMy94INz3rmi1yNmFzxHz96j9+iYnCd27b/oHDGjQyNsh1NVafv7qookzQopg2Rrck5WZygTH091Dn0orlnvqMGiFkZ0ZgRIV6Tq9he9yv2wGwBtw/Hlwe0AeIIOuhUAK+7X3aX5nwUA2m2L9LwA+J2vb/cEX13sn6wDbNBKFO/G5beepIWysvSe2tLDtPxj24ZZKgFb7miw7ZKrAFued/nR2jlgsEWFauvnAJMDcmWTz6azk4vR4dHRl774hX4/XJyd5bpiQ2vbiCERIdhCBHXOMTExOWLHFJxzzMREzEaIzEDMzhMRMRMxOU/LhnvI2HrRABHbJFs1FWFDFMWUrcn1PDcNlQ2dzhSHt624Jn6vhkIgAvoWQLqMSdhYa83E1NYm2GAjal61Y11ZE0U6uePLnaFtq9Odu/ZqVYG2Rk171QoKnefpXrjheWidCEsO6I6Pi083alx3ALAO+NaBvClf8O98ffsOsPFlrLMJbD3neUMkujEMa7bOHcu5LSPjrjzD9kt27jBwOQXrQy2dK5swQLBFHR0FMOQmw9nZaeHhzTs39wcDRrPcgCK0bZRyNrSWpZdmDCQET8iAjASE7BwQKiE6ZCYCQmQEtxBM2tUWTVVbt66JSMoioilrylrXVtVSy3yuZeLHE9N41PjDug3rB4fowMgAbemt2LY2by/uv7YDdE7YtdJ3g6Ku8szqk26mL+yQfGAj62X5mDsIt5o+n7wDLH7uPOdr5wd4Am3kzbwwmRksq1FseCIXAcaqANCGgSgAAAHmtlqPKWmiGujR+Xh4e0+Qbt66cxji2fGj0/PRdDJpUgUqCoAIOaX2xbNBJs4o4hSzcM7sCEQ4iyUxEMIMkEFJg7ERqoGpMQITEimAmlgb+5Abq7M1dRKqGryYG/XvlNxPOBRwCMqLeoYAQGoEnRqjPy9acX874c/B/U8Y80UN/xv0HABY+QRe8pYvQy0GNpPot/sHdhEt4qw2MbA8vg4DINceMFUEEkHLqICzuWQl9sXFtLIqDQ4O1XsfQ1OVTTUvq0pTVoSsCiqEmMw3lklSVEJJXh2LSJOEEillZAd1RgFhy4rCqAyE5qgNumjDpC2r1m1yY1MlrOpQDG9N3Z5yX8Dr0sllJmCmrWl6e2TbrvlZywn+AKkbpr+S+2ld8tnCzUYA2/v6fCDcDwBu91xsqbHYYuDyIXZZXbpRn91tdK3PQOeCtejCyz5f6yv9ZRCbiBLiMn8SO6v4pcVTli2N14dv1Q1aHFRExMVV2E3PX0GifWYEIITQuYd3aB6H/cENDO+fzh5Vk5GLwRe9AcJ+r1+W5Xg8npWlAiTTbFnmk2EMNeQCcp+AVXztQ2hIUEJ20oiP5AIqgzYkzBCFIDcmBEROk2BWNICUp+Nx1dTq+7G/N1NpNNeYAQnB9DLeytqWp8vqhmvxk0ucL+ft8r0odmu8tlbm9n1dxkuv9+TqtAjZFN+XJtPVe+zG52x0ZmnzCpbPs3pU7caV4jIC0dSUpCNQaWecyzHX0xB0MSsA8AsqAnVJzUCshcGGJIOI7XLeTdFY0VWxZ/lWNpeTNnhuOcJiOVi8SiPLBOaMGClm44tpmUejgHg0HKIkYHd04xaMzsqmzrmu6gSOIFkiSGgNYnS+CO1rm7nGu+hcSMBEtWfvyTkrZ8qojIYARqDGBt5wMplN5yYcIU8AACAASURBVHMI3B/GNqRBCLqRMYZLGd2sdZVByyLLM2wRrfz0nXyrgfID6cuyQWq7opW3P88HtfzDLy4AWloFTm/DQHvCs2LgeW8t0phlBmQiAKhzyk09reqLs4v94d7e3iAy9ocDn32TXFVVZVnWOXPTxKouiqZfFAOTSlKs68DexeBCDQDo2HtPjpE9MKFvC4EiMzVl/eh8XKemtz8sYl9yfkoh5KUcuLH26zN3Ntr0kb0a7m9HfvaaoQtp6qXUwEv6xQYA7MbAaoKeEQNrclJbGXbpLYaONLWitvc6IhEDoPZ6Ral53EzJeHx8Gs5P9wf9w4OB99SPgxB8UxT1rBLVrDar6tTk2XTuyfV8CM4FHzh4M2Nm7z0zuxgcB/aOnTOz2XQqKRkh9XqtddJ73yzQS8tvYauvfPlN4Sr3PyttGlheDfc/e4784jE+UJ3+pQCw61G6x7tfj9ZexiVLiSoAtEvp2pjryQTLQ2u8iJ1mM0/YBy6foSMJrJ/ceX5tReTWT8wACwnIeZdTzpIDU5uKMBgURCyiZVlNp1Mmrho1pHnTlNXZaDoqeu5wf9gLMfgi7hfS5CY1oJazKUiGXFdVmw1DSP1eL4RQFEWM0WcFbaSuy6YZjUYxxqLfoxCA0DluUWFmyTIWiEhP5YoN7u9aJLeGkGwu/91r13S2nY6wy0oneim0mNkOVeHyyFosEFJ32KeC8Fng1B3ktdgB2m/YhcFzXfssGFhRd0V/siy0mCa8fDapxcyIKOWKJa2O25LUzEDMUAwMrZ6X0xrOLsbR+aP9g16IRVF4YsRF66RWSnEIxMRAyqgAWYVSKmeTXDeWxBEVReERHKFjZ86FEJjaKDwTbVQTcG9t1e9yCS++3da1f8WUqyMIaJ0Ely0Dbs7nS63H7bQ9+4BXpf8XqFzUpdcCAC298Nb2vBiADgw2TtgCg6XNDgAYUbLEQTTFd9/9/hd+7U4AYMRsogvKJiIGqtkMOEZVrUWS6PjRw76PIYToQwjBMzOx5obZOQJmIkCdp7bmCmnuxeCBBqEofIiOybPzxJ7Qex8CO2pfe0opiwDrVqvd6is8gfthfeafi/vhJd7aM9KrUzxaeo0A8DJ0FQOwTdQBgG5H4VY96BiOVpcAbIWBmvOurmfvfPuv3/3mX/zO1794Z78AABXNKllFBWTpoRGw3AgSAjtBZE+V5Ol4En1o0yQRF11fHYHDtqWTRqLgvGf0AMMiFt6rCTtix845ZHYhLDdJRciaTaSBpflPr4DdtDU+bxFyOj8vqxcabdQAfSrzdRfgJ9Qw3nHtiy7/yzeIqgiMZAvLKSphyVAVUgFQhcOEhT7xqZ4bAGsyfccn0K1QtS7Hd5wdu/wDtKkPtNQVhxb5vgZtDcLLey1PWWFgYR6FTvCSdblZN3srwJphGFahGUsfki4DasxIJNXN6E//7A/3oS7LOeyHpqnM2qIMmE0MSbANFzZtbfFqACaGZJ7YJ1MSE8uMxIiF51aEJ6DAXDiOPkSyofeR0CPEXo8ck3PkPDpPjokIiKKjVM2mkypc+/CsKiMNVlFOXYVGlxEeXTI16uQDrN6RgZHSyiBMfNnSK0u3rs7m/C2Pd8WwRTFXNaC21Z4CtovPqlR/x+2jiym/MiasSnbZQp9oz0MlAzSPyCZCRKaoMivieE8f6INvHezfPAmfurDrggF9JOCtYP4l2QFaWgkw7VYABE+VhZaf7qzAvigUhQCgwGRg3/6/35qXY5Z6NBo1R30za5ompSQiYpZVZQNhtoBuq1MDrGL/CMBEAMmQiYEYgI0DceEpOOfZxRh9jBwLKgpXRIoRXUBmYsqSrUmQqrqcxsMjy8un3fxuWyxgqw3yqrK7dubzFNl8eXque7WpcNSuLZq8Z+9y00yr+v6XPjnMUj567y/DgR7ufWrO12cJzMWtro9fKgC0ZMtwhufCwLOQqM6b8q//5ltlXTmrTs9OZjf3Ft1RU8q5bRMD9iyvsgWVkaoYEiIyEYKxYx9CDIzsXAwcC/aRQ2z/xRApBnKeCCFnSTmX6fTho+v9N8A5RSUDWmtevZX7L0X/J3D/xsk/L1pZjbrrd7v2kwFQbSbGlNPM2YWHs//wx//24vjNf/32RwY2uvv4O01ZQ++Ljd0081vrYPwSAqAlu2xBs4GBFxmtbd5YSToZn793/64zRcTZeDIbTy8uLtodoM1T3CZxXBlML9+FqhoxGBExmjKx994H56N3RcGxoBDRB/QBfWQfgJ0RioF3wbSu6/Rg+hhujvZu9hTAK5gYXkqYa0/zXNwPHeb7GdAupOl2JZgByCyDCZKwNlFPPzQ8u32L0j/77H/7g//099znvvHlzwP+5O7xuyHHwyFNgWsYXh3/lQDgWZaN7tyvxxddHu/qA10RRbtIXrcZbzzGCgOwygrY4fpdduC7THVfRrCQmRiYoGH07x8/7B3up7NZynL//v1bQ3dyejyejJu6VhEjBKCV1CE5AYC2tdQ73jZiUls0ai9idEhIaKaD/rAXfIzRBweOwXnwHrwPgyF6TyGAD1z0gNCaXNa1AjUGk5xwMpr0imvXrleTcsDBr2rvIGytOtjVPjfMLLtW/a1KM8BO/wAArfCjtmqyQdB5p110dYP2iGhlWW5nSddvqpbJyFAF0OUU9fxOcfKJwaMbOH3rM3u36t/8/T/95hiL3/vsR9+QB/LwW43Vef+3a/pZAeD1oUsMwAoGi+PwDDBYRVOigZlWoqP5dP/w4PH5A1U9OTl5uB8mk8l8Nm9E0BSEFMxQzBYS11ZmUtOVHq9mSOSYmYjZMTvHzM6xD9RKPj4iO3IBXQDvFyUHkAyoEnk8nZSh8B5GkzMt4s3+QGpxBqigi6CgLfYfW7Y1f3USzsvsHivuV1tUwtvWmVUNUqCmgIub7tEnr9d33IhnxyryGx97cxb3/vMf/Pmelr/9xS+94affuzeB/e3b3S85AGCJAbiEwSXrPwsM2l/NlAxmZTmrq97BHnufZ/nuvZ8OqanGF7NqrjnxQlN+ps6hXUJCds4ze++8d8579j4U0Rc9H6MLkb0n75wP5qMAoaECCfIs51FOdGuvir5M+uDs7MYbe8uISQCAq8HEG2v/czzli5J1+ixt1dK3XLLk/s0ao2vnoGcd0vjIHX/hxvm+PDy7f//+3Z+eTsdaxH/01bcP//nX/s0f/cUDeusbX/ldaU5r6m8d55cfANBRiwGA2vapAPAsMGgXUENEJ6jjukrkzPWt16tG8ODiYlgQS50VDEkNVAXahZ/w0jCPCB2Rj2xVPmbFqcrtJuCc4+DYO/bOBe88+0ghoPfgA/jgOIhmQxKkmt0IqOoP+M6tmXfGcD6eTaoalMOOKPefJfe/jPKw4v7lLsLtZCKZtAlGaGBVX8+v0b1f3T8bpvd/8s5fnZzOkEJKAjrx48e/+eu/8lO584f/84cHN0pwb2Yrtt7L7c6u2qEhdcxqT/YJdNlrRZfxOZ3UROnk6dIOuT/TZrzQIq2xG7/e+SrdpWYZLra4LwG1yQZdh9dV59fieQyyovqYyU7GZc29OgwP3vy1UTm5KEfvjy72HLEIgCogIEaEZeVBwLZvnSIAaJu9gKoGcZHrC23rJXZMgJ5DL8QiFj72QlH0ez1fRCwKjhGLPpJHCoqETA3IPOfTJp/7AXy4Xx3szznsh0Eqz08mk4Nrt3OTURdC9c4QiZXtf13m77KDqF76yLo62Jpe0fXhdPSxjrHftL0ZwqXLAS5tsa1xYslXpoawiG2ydrkwIiNEU1VGytKYzId4cah3P3v9LNY/+sv/9T/Y1KwAzcMY2MH1g/0p+K99+nOh/5VsN2sZIgXYRq9GCV7kUm1WUrm61q6OPNVGaZ14obZ++uK9dd/pejeOXePoes257lPt2g0EaZZTpZiMGvCJgts/SpDPUlnX9Z4jQlACRkPTgIy4ll+j68G+bYEBBmBi53xkH52P3scYQ6/wRS8UBfsA3pPz4AM5B8zoHRCCkQLPHY893IOp/8iHU7FfZYyKAlBlqXOKi7KHTw+SuboP7JLdd4XcvNhOsq5SrzmerROeZGYAZAhqBKaIANYEqPt0/kZ8/LFr1SDf/dE7f8WWwVpO1tTUb3z4V+e6f14O7k1yzofm9wHirhYxr1AEamHQ7TgPOzhspS8+1U5/KcyYXW0j8KwP1sEALK09u2BgZsrUkE2qqk5NkmxmSuz3j8r5NM8aQ4NaPGUOYIQMlFXajhdbBV4yQEQGIASH1IuxiCGGOBwMY4whBB8CBg8xUgjY6sHs25VZAbJihe6c3KNA5fXD2fDGTHF4uGfnU1NLTQNLxm9vvlGc7+pkbtCuxNydpQ6fHwBP5v4uANo7AFCbP6jWeJgOeHLHn3zm6GSo977znf9dT0syRwYZM4AeXhvefOvjZ+5jf3vXTuwg+xvODR1Skmbrw/wcdABbShsbBxeL+jOwdBcGa/nBnUXqyYnzKwzAutHzKgzETBBqlEmuaxVRVTUgngviYF9Ep9VERQZAwQANsgGQcZu/j9jVhmn55bgtAoHkiAK7wD760Ov3YoyhiC4GcgyrHQDZEBQJkIR4pjji4oTiSXKz/mDq+uQ9uyA4zSIQODMJoJjyzr5Ynbew7fhWsWfn+V2x5xmKFTyV+6/eSFtTMmZM0x6f3ihO3uyfHtDD99/962oyMjFCbk8QpLc+/fbEfeh7J71zvK7hhuTQzGvHftdcfGAAWNMHurEoIki0NeJ86z7QzZVe23a3JbXAmgS0Gczc6bPU1SsuL9fO026FgSIoYWKYgUyknqSyrKuyLnNVkSsgDKwvijifas5lNO15EMSgwMRZpWACphYDrYOWADw7MnDEvRCKEPeKfhH9sN/35HzseR/ZO19EX8RlCBBn4wwsQBXwyIW7yvc0PI69NLyeyBHAfD6fT8eS6nowmEgqXCQDUcGsgLyao7U4+1VC8DrPUScucFEE8ZlJO/FC67m52+39lweXGWFX9UY0UsnqKWLdg4s3/PHnbh/3893R8aO7d+9BxiL20Lk6VWD68c+8Pdn79e+fDO9Oj2q8zsoMyMy6u0jCK9kB2i98yce6qBm1nrG1ReYxM8TNegHPTrYR37+tgIqtd/+ElXVoGwzMADxlsMpkpimrZlVRzaooGYwMg7gYir0mkUIFKgCZGEEBiJNmD46I2rWfAByRQ3KI7Nh7VwTHjnshhhC89yF4Ds7FwMEjAzIhoikqUVKqwMbM7yvfM3fqYhn6tffEgSQLaJMTF64iHacyEg4RPJrDyyDpDdkGYYuJAtZ3gCfM83O+maeMprZotXd18Hk9i9GjlqxjyKdvvVFwelDAxY/uvs8UiC2lBlDicP/Wmx8rbn/hO4+Hj+qb4m8RDiDnp979FYpAV2HQ1QdaLt+CATUkfDEM2NXg/qdhAJ4IA0UwooRSmpS5qVWSZMkikjVVqI0hMsUcAR03mUgrkkSQC/agkBHIMoFbZVQykGd2iMH5os2PcT7GXvuzY9dmxJMjRjEDEFLiynQOOCX32OCnjh+7flX0XRyA8wrW5Ho6vsgocW+QnRtr4mZuHAYE4BBlp1Oiy3CXxR1gu3O3y5e7itS+AHUsnlt1D+n3g6cmTe/3e9V/+ZN/Pzu786++ejvX85PTOSsnrWLBIfCvfOo38t4Xv/u4d292mMJtI2+ibZHj1n5opACAuilHvHIdoAuDDQZ9fTAAV2CgCGCWkQShBig1VZLFRFSzZBPNWUhbRwExF+IYHdWJQcU0KVDBhGaEgKZI5B0yoEPyTB6hYCq8G8Qixhh8cN77IroY2HvngwFkNUIThIRcohuBOwV+QOEBFtPY52Lgih4TpbI8OzurUtO/dhCARLUGPJ5Pob+vzreRxE4B9TJASDu+8C0TuN5laNckd357cQDYmr1/+ziiKer4CB9/4kN7+o1P/fF//f299Onf/ftfwqIPufTobr354Tfe+vSM3vqb9/ECb9Z4zWxokpqmCb5on26nO+1FALBLnNrdK2HtrOXcLUojtvzaFV2WNntElM48c8eluZY/sOwz132Oqxi4HAcJoA0TWMthaCMo2wiCukmuX9SSaoCHZyPZL8qcm5zq3GRLKlpXidVARFQNoDRjchyGRexJ6I0nF8mymgXnDCwrWZaCHSMSExkM+nFQFPuxvxd7Rb8f+z3XCxbQAgM7MQZDM8jmRPk8NefIj8ge9OIjCM3BdfERYyHezabT09Oz8XzGCOBdNkHFuUjo+4cyO8t0jYs3fH+QkcFQrI3DQWxr3BmshH29XBh3CzfdqsLdF7qdH9bk/i5g1v0Py9JDZLBFXEGAgmNoynjx7sNv/vgbX/7U/u997T/+6V+UXPzL3/5KrM+C1woP79cffe/i+jndmMGButC2BHYh6PLFo+3kz5+bJ3i1VO+ygT7BKmqd0oWrk+GyjsMmBrq0aAe9+GXhryAAQ0ADRTAE6sVZqkuE73z/ne+9/9Ph7eu/9oXPmmRJNUhWFe5UyhQwoLYdB9foMfIgDqqLE5DGGhky9pkCeUUwwkW8DzvHTJ7JO4eOcREPLWBmSqqGQYGmlUDhjzPcR5js7d0zmhdDdYGKPrJrcjofj8bTCXke9HtEQIpoYAxJRYiygqR54YM4dqosuUfupeSVD452CDxXSUE0atWXk6E8evjtx1/9zOdL/Md/9Gd/3rOL3/nabyljqbd/fHLtuLlVwUHCAuz5Ogb9PEMhnoqBp1zesm/HzbAaYSsGFkvPlTtgK/8StelJGWEm9Wk5+ea73zudjsfz8cMfnrpBbCBJLjUnsIQ7yjgZAnAsNQ1ufSRPLublFK0hAwcpMCozRee8czFQUWBRUCyIKJIL5Dxy0qzUBrq5eZka3z9r3A+rfHZwcK4Oj64bOXIBEeu6Ho/Ho9HIed8riqIIpIkAWYEMMAOAKloN9F55vufiUdEfei/JokB7zmJOYLEKXLIjXq7v1GHTDzAvd2XufOrrJlCSkmTKMg1pxuN09t2//aef/vxQf+vf/clfncNH/8nb33j/fnpst0o4UAgo+GyCyCX9nGOBrmJglwd39wgbgWtrGGhpOxJWIcoIACCoigBEieD//ODv3jt+cFLP5nVVp0pUfvT/3jm8dcOaxrQGzG1i31UfkCKVAtH3UogHbx7V54/Kyak281qTiz3PDNzquN5xQMfkmIARW/XApZyEWY0boLkPjwW/dzFOdz567Aeyf8BcxH4/EzZNuhiNzs/P6rq+cX2vP+iDZMfMhkDABkhkpCYipEKQpKmT7mO4FmOTIbRlRGVhmTVqs6vWXsryh64k88FsHivuV1PGJ1f2ArYm6nmRT0lmKBks5fHZg+/+7dtf+IeP4c3//pfvHd5i49szOhLok5qoPm/pWve8jowXo4XE2Y3zoU2WvboPrFkeOqNdVY7XwphXVvylGr3KZzUEh44A2ioO4N3iZOa5NOro/vnx37z7zjTXpeQy1aJNk6qcm6oeVeWk6AXItTWVpMpSamerfdqFWxoZfEhEFQXNcP32W+HWrdH9n2CazwicQdnAXoya0PUcGUkj1I9ETkQnkxmEHnCYJJh7fm82/3Gj+tFPnIf9aRgg9YMPyGyoZ+dnp6dnhHh4eFj0CiZ2jjFVl5bOtqouQtusRplKgyTNLKeeUd+HQnHI7BoBM1CN7MHERE12VqZZNw2tFdu6fKfPoDSvYq4YeZcUtEIdWXnAj3TyboDsXQRDAciVfP87P/ziZ/+F9b7axDu1DDP2SR0CORAweYLV/yq9FtGgXQxs9Q+8MG0s0gxoZmJtmyGr6soIyTtkvHt++qMHd+9enCSGzJbMDNXMCM0zWtbZ6EyaIJIk12rNlVKwC8rYengdIpTkM/H1T/7Gxb2fHJ8/qptMhdtXGoITQ7BFor+aKVACV2ZMmUbG70/nP6lS+JWPP6ZYhkJDv+j3ncd5XT18/HA0HiPh8OCg3+uvGucwOyQUlbaqCRECkoK2LXcagIyWzSqRmVU9oIZ8dOAAXcYsyQEwQdvdcIf++nxeXtilBD/PTsKWm9H9UJ4bhTkeCbnEsXFxlm/c/9E84+2se5n6rYJLBkhOdlST3kWvBQBgQ3T5QDHQpbbCfwbLZI0J9Xwl6eHJ/Z8ePzyej0vIEog8S9OYKSiSgUIiUoSsUpWzyiyjGqC2fZA2RE5FAuJF8AJjhZzIZ+zvf/zzRXlx/O53C2KapHAYfRKnORjVuQI2zb5imsf+vXnzzslovn89/OonR71BGQYWeq7n1fLofHJxcXo8Oufgru0fFEVogy1Wd0dEx87IREVFkQiMWQEAhEAdVFkILYk1Zg2CR/BKESCaRqBg6A28vngH1Q8cAGTAImy+4aMJRN3/+Nwd1KGfaJjoQK1PWJAIgDh0+DSBaiu9LgCAJ2IAbfu8PTm9YmWpWZ0maImhQUsmCe2dH3z3YjYZ12UisJ4zHyznMjUIJghCAAgKppLMjAxSagAUcVG1ngENr7JLW5CZFSGZZXKJ2YV+GPQ/sndt8sMf3D8/8Y1ooZrVkgpaQJiTThm//f6P36vz4ac+T7fffAgsxEjYDxQDn5+fnt5/cH5+Eq8dHh5eGw4Htuyat+gChouOL4gIRGAmZoxI3pkaEJiZORMyIxOFbOIMHIoHCwQBMRpF5igLDJDBqrkkwRYlYfHFcfP46pfLH3eEuD+VBB307gjgFEHj0bz4yBwOSmIlj+jb8EBGRDQAVcqrrKdnp1cPgI5AtvZwnbm6nJRVcNtCVGw/RVjGl7esnFeJJEujRavOCl5uf845MVMEZEqaxYyDr0FPmvL++cmjk8ezpkoEyojDnhKYIyQkdoUL8+lUkBIRELgQciWIwuyI0SSJpPapFAAMCIiYgBiJkAhNCQSJgCihMCk7aBhO0V87HBz95nUanbz/g3fOR/NrVf3W0dGgzFWe3J+V3z+/sA+99dZXvlYPD2Y+WtF3IYYQclMd37t3/PChpOba9aNwuBcLryrOkfeo0AAuvLe2nAcyo6UnkYzUjNsOZm32xKKv9qKueias1EAVJDmFANh3rmfUMy6MXEYSU1W3dKIpLjpAL9xqy4XGzJh5q4VnzWCtTw9PWFFFw/PeJ7j4GAAIugaioFu27mlRKboICtbW+LXLXGU7gPda7ABbVVjYpjytXJQbaz8S6iJ5azFOlUUIlFBRoQgX08mje/cfjy9Om3mDqkzY8+DZCIwICMGsjfU0FUQ0IkNQIvaecmPm0QwVkZGJRZdIMwIAZEZyQMTEYErGsMgBMADLlhszBDeG6Huh74u3bt4pj+89fvjg3vFIy2Ts6Oj6h//B23jrjWZv70LBDw6ICQDG4/H4YnT86JFmuXn9Rn9vGPsDYHZuUZUaTGGhjWwKAGSASNpZahAJTBbPhkAAsnSUKoESmCiJzVSiYV9wCL5H5BC9guZV/04AW2Sqt02YoWPbWVp47LmSQndRhjClow4PtEzQ3U+6fNANA39Wei0A0NLCtrADBl0AdNNLFmt/2zgE2xhpUaDs2ByP6/nDs/P7FycX1byWxEXEfmxHFTNkWgT8IGQRUF3lNCIhESAR+6hZVGcGjItax21N9PahCQCIicgTERGJqhEbEIMTARCzDJABkJvsJ43X2NOI7qNHe7/ymWpemlmIvd7+/kWdoNd3cW9AToRyTuPx+Pjk0fl4hIg3b9/qHR1Qr1iEiNLCi0240+9zVdjA1uNGaKaElyKiLf6iIWW2uVglOgM7ns/2XTwIvX0KXKsXYAVeLv+GbcLnpVdrxf0/u2oqL02vEQBa6np5uzDYRYtUCQRBKHOjCEKgQHcfPb6YzsZ1mRlKzNZzwL4G49YTvCjPLJbtMjbmMgamtWqiEpoSOU/iZWGhalsBXcpdAATEyASIyiwGiG39RgAgUENVElMSy7liFiQJPfToncthzwjZxxEAHxz0e72kOWdJaX58fHw2OquamoI7un3z4Pp1N+jFokeEREQMiG1hnzbXEpaL7lPWP0RqV9Bu5r4i2PJf8t5EmiyZIHAxSVLWk7Hgrd6hIAQBEDDqSPgdZ9l6bE/npi/RV+7ZHMYvTq8dAFq6CoPuq0XEthoqec6auQiTpqJ+PJvOH43Pjs/PypSNWJAsgiJkxAxqCoqQl/NpCItkVWvlWoNlQJaZEqL30RFlBAJ1MDB0oEk1gwoCoLXqF7abgAGwc4rA3ikCGjZNZu80SzUvU9L+HicAJDHwLjnHPQVKiCH2BJEIhGDazJuyGo3OLs7OLy4u+sO9a9eu7R1dKw6HFDx6l0AiBzAwbRdhAzTV1hR1pbvC1VldfurYac7a2QEMFh2CIefWkKomakZoDlXMyovH1/t7h6En2VyGQA5VpclXAYeECNztB9dVgnfRztihV0zuFRkcXzURESIk1SbgrJmN5rP33nswquZzyA0a+GAqhgJtPtFyl99UkFo9tl1BVdvu1muLFTn2JgAIxAimDDmpJlAjQAJcU+8WLjGCZdkda7vIKOdcn1fHRX+QBwPf64Ve33JiRueDtAnmqABazibj84vx+MLM9g4Phgf7B0fX43BA/YiegRkRVbTFP4J1F9blovtMa22ry24V01ultv2jBGQgDAkgAN2dnl/w7M7+NS8a1TwgO4L8ZFPcy9KzONpehl7THeDJlFJuBdAc6O8e3n3v7LisqnmqsQgJLYPlVGOI7cm2VJGvEhECAC4Kj62a1wMiEYECoJqCZ1i0wUZBZCBhEyUDAuz6zpevRwUWvRoNBBTb1q65rqqkuW7cMCEi9XscixjjoBjUdV2Ws7quZ/MJgA6LXn9vWOwf+H7h+332HonMAFQRqTUAvIyKuTA24KXq0O4AtowCUljYecDAEBIDAQCR4zhq0uzsUd/ozv61I9/XKr2I7f11IgdPjLt8bQkRT09PfvDg/cdcTSwZkUVfp0YZgRAIVTtLU7fVZsdaYvnStAodawkxqQARKCgBKXgPIAaAvrA5PgAAAH9JREFUpERGGUjYlhXbN1JAUdHMTEW1zX83M8vqjKxpShGrq9FkHPcHXPRijJEjqLVtgD27vf3+oD8Az72DfXPEzhsTALSpyABSFAW0ui+2NUtesNppd1Zau46uwuDWg5cVwQiqJrlWg2A4uxiPT85vFIO3jm4V6PgXReHdRv8fEPZvYrqot18AAAAASUVORK5CYII='),
       (2,'James','Lowrey','Sports Performance Analyst','Elite Sports Solutions','James Lowrey serves as a Sports Performance Analyst at Elite Sports Solutions, where he leverages data analytics to optimize athlete performance. With a background in sports science and a dedication to helping athletes reach their full potential, James plays a crucial role in driving success on and off the field.', null),
       (3,'Gloria','Franklin','Social Event Coordinator','Vibrant Connections','Gloria Franklin excels as a Social Event Coordinator at Vibrant Connections, where she orchestrates memorable and engaging social gatherings. With a flair for creativity and a knack for bringing people together, Gloria creates experiences that foster connections and leave a lasting impression.', null),
       (4,'Lori','Vanhoose','Social Media Manager','Digital Buzz Agency','Lori Vanhoose assumes the role of Social Media Manager at Digital Buzz Agency, where she develops and executes dynamic social media campaigns. With a finger on the pulse of digital trends and a talent for crafting compelling content, Lori helps brands build meaningful connections with their audience online.', null),
       (5,'Raymond','Hall','Medical Research Scientist','HealthTech Innovations','Raymond Hall serves as a Medical Research Scientist at HealthTech Innovations, where he conducts groundbreaking research to advance the field of medicine. With a passion for innovation and a commitment to improving patient outcomes, Raymond is at the forefront of developing new treatments and therapies.', null),
       (6,'Sam','Vasquez','Design Director','Creative Edge Studios','Sam Vasquez excels as a Design Director at Creative Edge Studios, where he leads a team of talented designers in creating visually stunning and impactful designs. With a keen aesthetic sense and a dedication to pushing boundaries, Sam transforms ideas into captivating visuals that resonate with audiences.', null),
       (7,'Justin','Clark','Culinary Innovator','Gourmet Creations','Justin Clark holds the position of Culinary Innovator at Gourmet Creations, where he combines culinary expertise with a passion for innovation to create delicious and inventive dishes. With a focus on quality ingredients and creative techniques, Justin delights palates and inspires culinary exploration.', null),
       (8,'Barbara','Williams','Fine Arts Painter','Artistry Gallery','Barbara Williams is a renowned Fine Arts Painter at Artistry Gallery, known for her vibrant and expressive paintings. With a mastery of color and form, Barbaras artwork captivates viewers and evokes emotion, making her a celebrated artist in the world of contemporary painting.', null),
       (9,'James','Sharp','Architectural Designer','Urban Vision Architects','James Sharp assumes the role of Architectural Designer at Urban Vision Architects, where he translates visionary concepts into innovative architectural designs. With a focus on sustainability and functionality, James creates spaces that enhance the built environment and enrich peoples lives.', null),
       (10,'Julie','Rowe','Illustrator','SketchWorks Studio','Julie Rowe serves as an Illustrator at SketchWorks Studio, where she brings imagination to life through her captivating drawings. With a talent for storytelling and a keen eye for detail, Julie creates illustrations that inspire wonder and ignite the imagination.', null),
       (11,'Tonya','Burke','Travel Blogger','Wanderlust Journeys','Tonya Burke excels as a Travel Blogger at Wanderlust Journeys, where she shares her adventures and insights from around the globe. With a passion for exploration and a knack for uncovering hidden gems, Tonya inspires fellow travelers to embark on their own unforgettable journeys.', null),
       (12,'Nicole','Perry','Animal Behavior Specialist','PetPro Solutions','Nicole Perry is an Animal Behavior Specialist at PetPro Solutions, where she utilizes her expertise to promote healthy relationships between pets and their owners. With a background in animal psychology and a passion for animal welfare, Nicole provides valuable insights and guidance to create harmonious environments for pets and their families.', null);


INSERT INTO appointment_hosts (appointment_id,host_id)
VALUES (1,1),
       (2,2),
       (3,3),
       (4,4),
       (5,5),
       (6,6),
       (7,7),
       (8,8),
       (9,9),
       (10,10),
       (11,11),
       (12,12);