INSERT INTO time_slots (time_slot_id,time_slot_date,start_time,end_time,is_keynote_time_slot)
VALUES (1,'2024-01-01','9:00','9:45',TRUE),
       (2,'2024-02-06','10:00','11:00',FALSE),
       (3,'2024-03-02','11:15','11:45',FALSE),
       (4,'2024-04-23','12:45','13:45',FALSE),
       (5,'2024-05-25','14:00','15:00',FALSE),
       (6,'2024-06-13','15:15','15:45',FALSE),
       (7,'2024-07-10','16:00','17:00',FALSE),
       (8,'2024-08-18','9:00','10:00',FALSE),
       (9,'2024-09-30','10:15','11:15',FALSE),
       (10,'2024-10-13','11:30','12:00',FALSE),
       (11,'2024-11-12','13:00','14:00',FALSE),
       (12,'2024-12-31','14:15','15:00',TRUE);

INSERT INTO appointments (appointment_id,appointment_name,appointment_length,appointment_description)
VALUES (1, 'The Golden Age of Software', 45, 'The evolution of software development has ushered in a golden era characterized by unprecedented innovation and accessibility, transforming industries and daily life alike.'),
       (2, 'How Sleep Impacts Your Training Limits', 60, 'Adequate sleep is paramount for optimizing athletic performance as it facilitates muscle repair, cognitive function, and hormone regulation, ultimately defining the extent of ones training capabilities.'),
       (3, 'How to Go Out with Friends', 60, 'Nurturing social connections is essential for well-being, and going out with friends provides an avenue for shared experiences, laughter, and support, enriching lifes tapestry.'),
       (4, 'Do We Need Facebook?', 60, 'Facebooks pervasive influence prompts critical reflections on its societal impact, raising questions about privacy, misinformation, and digital well-being, prompting discussions on its necessity in the modern age.'),
       (5, 'Impact of Vitamins on Our Eyes', 60, 'Vitamins play a crucial role in maintaining eye health, influencing functions like vision clarity, protection against age-related degeneration, and overall ocular well-being.'),
       (6, 'Is Rococo Still Hot?', 60, 'The Rococo style, known for its ornate and whimsical aesthetic, continues to captivate admirers with its playful elegance and enduring influence in art, architecture, and design.'),
       (7, 'Be Like Gordon Ramsey', 60, 'Emulating the culinary prowess and fiery passion of Gordon Ramsay involves dedication to craft, attention to detail, and a willingness to push boundaries, inspiring excellence in the kitchen.'),
       (8, 'Art-Deco', 30, 'Art Deco, characterized by its geometric shapes, bold colors, and lavish ornamentation, epitomizes the glamour and modernity of the early 20th century, leaving an indelible mark on architecture, fashion, and the decorative arts.'),
       (9, 'Beautiful Towns of the Middle East', 30, 'The Middle East boasts a rich tapestry of stunning towns and cities, each offering a unique blend of history, culture, and architectural splendor, inviting exploration and appreciation.'),
       (10, 'Basic Sketching', 30, 'Mastering basic sketching techniques lays the foundation for artistic expression, honing skills in observation, composition, and rendering, unlocking creative potential and visual communication.'),
       (11, 'USA for Free', 30, 'Exploring the USA on a budget unveils a wealth of opportunities for cost-conscious travelers, from national parks and scenic byways to free cultural attractions and local festivals, offering unforgettable experiences without breaking the bank.'),
       (12, 'Like a Dog with Cat', 60, 'Navigating relationships with contrasting personalities, akin to a dog and cat, requires patience, understanding, and acceptance of differences, fostering harmony and mutual respect.');

INSERT INTO appointment_schedule (schedule_id,time_slot_id,appointment_id,room)
VALUES (1,1,1,'Orange room'),
       (2,2,2,'Blue room'),
       (3,3,3,'Pink room'),
       (4,4,4,'Indigo room'),
       (5,5,5,'Cyan room'),
       (6,6,6,'Magenta room'),
       (7,7,7,'Khaki room'),
       (8,8,8,'Silver room'),
       (9,9,9,'Beige room'),
       (10,10,10,'Azure room'),
       (11,11,11,'Black room'),
       (12,12,12,'Teal room');

INSERT INTO tags (tag_id,description)
VALUES (1,'Programming'),
       (2,'Sport'),
       (3,'Social live'),
       (4,'Social media'),
       (5,'Medicine'),
       (6,'Design'),
       (7,'Cooking'),
       (8,'Painting'),
       (9,'Architecture'),
       (10,'Drawing'),
       (11,'Travels'),
       (12,'Animals');

INSERT INTO hosts (host_id,first_name,last_name,title,company,host_bio,host_photo)
VALUES (1,'Sergio','Becker','Lead Programmer','CodeCrafters Inc.','Sergio Becker is a Lead Programmer at CodeCrafters Inc., specializing in crafting elegant and efficient software solutions. With a passion for programming and a keen eye for detail, Sergio consistently delivers cutting-edge applications that meet clients needs and exceed expectations.', 'iVBORw0KGgoAAAANSUhEUgAAAQAAAAEACAIAAADTED8xAAAgAElEQVR4nOy9ebNkx3EvlktVnaW77zYzAAlgsHAR8QiSomR5kRUvFIr3pfwt/C30t8MOv78ctkN+si1LTxJJ0dxADjDAzNyZu/R6tqrKTP9x+t7bF5gmAZMgByAyYiZ6es6pc/qczKrMX/4yC//7/+4/wh9EjD7d8ajPHwaePw7a84chxN98KboZ8/lXhT1X/WyON705Sndu3+zmR+7+3t3vd+XTfo+f4FntE9z3AvaI4b73uOe977m1T/J+d8V9qqO/lM9UkG5e3i392THI26/3Rjnoud9+Kb9JPuU0/KV8KV8s+dIAvpQ/avlCuUC7PuuuZe/69J92nH0uJcHz/2P3eN3jo4/jb/+GPf73nvsxMAAwNQAg5uvPu9el3Zhh5x72+fq373/nWp/g+M+7fKEM4EWT3YDs4wp9ZQDPl33fM6KZKW3HV7MxctgXM+wag/0WQe0XVb40gM9Q8NcawG8z7GgGiFvoRP8IpurPSL40gM9Q9hnA72rw6/Hp14y/iyB9Ajv5Y3B7dmW/AezD6ffi8XsO3zPOPhx3n+yOc8u12Off7xnf6Pn/wXtOYNrx42/5x/jc72nneBW5/uw43JyrClfTNvHz73OvqMGVmo66iogABrs4+q2cwM1nhJuL4Z444ZOsTrtGsu894h58RfdoCu3B+/fJ3jTDvve+5/AvV4DPUPYp02i0o3e+zy+3PQqxzRXo9WH2xzZn/27lSwP4DGVEabbyMYUep+x9aJIawO287+1zr/5DAf74/JbfoXxpAJ+h3PjotoUvf/eXuFkQnm8rtzLEO//YdVH2waZ/DPK5MYBPxOH5BMfQnphhdya2247zzcdbVIWd4HLH/8adGKAuyhijiCCRIxg/r9frEEJZlnVdq6oYXl9u9/6d8wAwDINzTvHGI8LbnJnxeySEj40z/nPXV771DHcf1R7Y9JN45Z+RYf/e5HNjAL9PuWVIu7PmLeXbVfqdIHjn1JQTADAzkqU4dF1rZk27Fq2IwHn23hGgKX3clVdVRCyKQlURt5f7eGAw3tLWDHb0/uZX3MJf93zeld0JYieI/6LKlwZwpSh7ZsrdIPWWYWynVvrI8buHmG6zVGa6Xm/6vlHVvm8RwXsK2YXg2dAQAdHMxpzuzQXUBJSZdwIIAtqZ6e36ogRAzzWD27/05p5/Iy5rZru/64vqGn1pAJ9IRq16nht2k9O9OpKufQcmRCRRiTEuFnPHrut7AJKsppiSqCgiw1Y1zTBfocz605/+tOuGt7/9nRCmaITjEoF4HRZ/XMU/vhrcVlvF/eDhH624T4337wMm9sje4T8BX38X49/n3+/ezi1F/Bj35uqGrpzm65szgNt49q0xb2n/zbmoBFdIztXJBNtYAsenV1Vlyin1ebFYDH3qdBBVFdFkhY/BFUMXq0lAJGY1SN2w6drV++8/+NG//WCxWHhX3b17VL76JrqKgI3AzBD1eo432Z3yt6pvZgg6PkYiAkAzNbPxjeJ+RPwjgohAdF2KcGs12DmM9gy3t8ZgX2SBz0+I2B493Kc/u6vorZjt+Yd/uQJcCe3JSCEaXedcdzk8tLMmoIHR1jAQARiRANXMVPNms+q6dUyDmY6vJ6bc954ZVJMhhOC6oV0uLx68/5Mnpx88e/Y45WGICclWm3MXviaqo3UhXsXYqIAQqkIsq4iZCQBvJxsjdmSjCm61xwzUUPXLBeCj8sdtAKhwpcTEzy8pwT2VSh85EgkAFHHk6SCgIRKSZYmbzXy9WfZ9g4QIjghBLaaeexCNTbfIubu4PD89ff/88nGWQXIredCsqPXp08ffeSdeBRbbO0FQMAXUlGI/bPq+TUkcl+OiZJDrqgYANBDJ5IiYCIMZEjIA6Xby3HWOdjPBdJVmtnERGL/frUr7IskftwHsCKJdaZh+auYOqoGOHncRiqtxzEy6rumHTd+uYhqYmdmTsqqockwqRmfnT5pmsVheNO2i7zdifc5DzuK9J6cXF0+HoQulB8wAhAZbxcVMoO+++9OmW242i64b0mAjMmumx8cns9lsNpuZKSL4sqqKA8JQVZNPy0D56A/dcYq+GPJCGMAn8fv3xQB7qD03x99ko3ZgwV2HZzwghHAVMeLVFPjxNz36IQQAZFfWgsqOAfTJkyfn5xd/9md/hmgIHglB8vmzx1276IcVGWkWSUMEKHzou9y11vft+fzJpl32/XqIHUCOqQOUUAQw2DRLhPLdX/70T771vbKsvXPDMJho37ePTx8+evj+ejPvh80wNACA6EGNidRMZDX0s5yP6npaleVqsXmyefrOt//UcVAcn5gig+kV9ko8/l41AzBQMzNEUAXnHACICHs/DIMj0tvoECB+SoDoxaJkvxAG8NnJx9GbfS6NmhAiEiJyziP+vadMGxGAEGi7ViDG2I8OyS9/9bO792ZvvPE1MER0/dCtVotNu8jSWkbm4ByjgUgfkw7D0LabZjNvulVKg1pU2+LuqtnURGwYmkcfvveNb/yJKm+aLg3d+w8fPHn0YddthqFbLM8JzTkKgYdhBQBZgIizWh/z2fnasUd0fScnJ6+HEJCQjRSzIaYhEm5/8JW/Q2ACAMw06jQiqioAMDMzxxgBwHsvOd88DSJS/fyCpF9kA7hZBOij/v0IPpoJ7OA/SEaOiWn7/cffqY3ID4LRNhOMAKiF98vlfLE82zSX/88//f0bb76GyICKZG2/mi+extg7LD0F9c6xiymllNab1Wa97mIzxB5AsyRA9Z4RGVRFOlOLqX306L2nTx8dH995+vTs6dMnz54+RJLlfGFqReFATSW1m1ZNCI2Y1LBZd33DairZ+pQn1Z3v/9lfBR/ECIAQSVGLwttWFNQQSE0BxtndaIxpyBDAFHPOquq9Hw0F0QHc4ISfaxv4whrAPvfJno/LKqAiMjGww5Tw+egebosPEQTQyMZvcLNuUt/NL5517TKn1X/+p//rr/7yb7z3FkFS32wWaegIy9KVRVGIcyIxxth1q00zz5KypSuUH4kcM+SsI2Ij2jfd/MGD//fDR+XZ2YUjaPt51zXBubouJWVFA1AiyGkwMjQHiDEmJk5J+j66UH/ve997481XVRIbAohSJtAsMafU9zGlFHzpvSfnCekqON6S7ADg8vLy0aPHh4fHr3z1Ved9TmlrANspYISGP6828OnrAeD56fF9fV324cSEN5e+rax7etfswft3x781Dvvrzwo3jtA27TviPyNbE5WdK6oS0Rw6RJ5OXd/3OecR2ZQsmrNqds6rJQYSFYdM5MFcTjkPcXF5sbh4kvqFJfejf/6Hlw9PvvvdP4Xc6dBK0zebFVPvDw/NY9usRGKMKcUNQMcOLIsqANDdO/fu3D05Pf1AYgQgMNCcMjaL1aO+i23bDsPABHVdMMMQ113fm5mqAiiAgsKQejN0zrd9JGTi4v6rX3/77W9fnp+uNuvTs2fn5+fzxVm3aSCJqGY1Uwbisjp4++1vf//7f468jQfW6835xbNHjx4Nw8AYDo8OfeEICLyXfJNRVrj6i2iX8boHvr81Ad3KFezNF326eu59eYPd5M4tztWnGv1zKrdjAL4N+ymiMRGiERMhI6IBMntTBFWRRADdMKwW8+m0JoZhGEDypCoSeU0UY2ya5XJx1qznsWshuI3Jv/zz/33neOZDUOklDWQwmdYhOMBslgBylj7LAKBmgoSa9ODg4P79+5fzcwAQFZUtHYhYn509bps2Sy7L8nB6DAA5Dyln1WxmqqJbn230aDAlBSNgfO21+6+/8fqPfvSDYegulxfn8/Oub1I/aE4lF0SOnTeyejJ9+51vfe2tr4sMq/Wq2WxOnz49OzsjxGEYiqIIdSjLAAAK8qJFsb+lfIENYGc2uoaKjK5igPEbAwBkJk/ExMRIxIBmhlyQkcSc8uB9mFYzZ/TuL382ndYhuHazaEvvyZlyStKs5/OL89V6EVMP6tHg9PSDH/zwn996443VYp5yms0mJ3eOTE1UneM+pShDzAnY0pAQ2Ifie9/7HhDGsyxgCmaGCuSdI+eHPgHQpJ5NpzMgGoZhGAYzy6JXBmBm2WyL5KpIXc+++c1v3Tm5CyTNML+4uFgsLpebtWomA+eIGHPW0rmD2dEbb32zKPzT8ydmOL+8vJzP1+u1Y84ijpnZHRwcFIUHUNMxMz4+vS+CJXyBDeBGbpY83CVdKqAhGjE455gYERENESBDwchKHahHtBgRoPT+cDp7+N6Dg4M6pjZJVxfBuwoAVpvFcnW+adZ5iEJRLQPAz3/x4yLgcnUBoHfv3plMZ03bSurZEWSVLFmic64sy64dvvvdd4h5sVwgopkReaDokLz3RVFsmqauqulsVlfVxcVF3/ciwszbGd/QTFTgiuhAh4dH3/rWt++c3BWRDx+9d3F53rZN37ddHDw5FzyT4+Dvvnzv5PjEF5UvHZCt1ov55eV8scgpiaqII/IhhKquDg8PAdVMAAlsvM415enznRb4vRoA7QlMP0kfHrgVyN64MG4X0d/NIewwG7Kkkc6AiMR4PQg7YgJmB6jOExMDABo4r0xGKgk6w6yoCJ4cv3n//sMHP3/4/rtqPWD2jJPJwaSugweCWAWfBiADzTENsFnL6dOHqnE6nRweHiXNfd9WdZUTdG1nJpPJZLPZ5JS/8Y23p5MZAaekjr0pqohzxeHh4cHBwcX5uWNfhErFzs8vzcAMEZjI932PiESIFFzJTJSSeO+//vWvA8CjR48Xi4vzi1PVrKoiwIDOcVEUIZRFmCSRxXoVYppvVkPKQ59STpJFVBgcEzmHiDidTKeTKRExg4jqyMvAq2e4k0FXe34sZ5+gxuCzDp/35ZE+lyvAJyh8ufWcCQEJtpwxpRH7Jqai8N5TCAEZwJGBkQGbWuqd974UELzo1swBgUyyd3DneLZaPOr6VcodmnTtYlOWR0dHd04O1us6DU2WDKBZ+6YZnp09Lis3m02Q7PzZeV1PvOdh0BgjO940K1V54423XnrppRhjeVBPqkokppxE9Sv37hwcH3dd67wb8frxhw/DwOxC5YuiCMFfE366rklmVTU5Pr7rXLFcLueXi02zzjmqyWg2ZiYCKSlYjsMagIBIARTBbEsj896LgGdlZmY3mU5DCF3XliXENBA6dg5uWtbyviL3z4t8QQxgnPtvVUIBXE9JI5mNmBCYEImJ2TFDPamIgQkUtygTgmrsygLBNiapKKwoVHJvIoisWR3nEKQfUhdbSUPXmPd+s7osiuK1r37lzvHBg/ffS6lPuQfEYWhU7dVX7zdN066br7/1tdVm+cEHHyCagUrMb7/9ra+8fD8ne+PNN7wv1+uNZ+fQHRzf++orrwQfhrZ1yGVVAoBmc+jrgp1z3nsA6FKvmrNEVU05eucnVfXSnTvzy8vlcr3ZNGNyl8aFzzFzYHLOFcyUFYgIEQ1h07aKMJoZKQICoWMG78k5lyWv1+uUVASYqCwnVTUhckzeTPVzXjPz+TeAj01AiPgR2i8iGiEgApnznh2HEDy5ovAAAqiIKoYIGWOrufnxD//l8uI0D309mYBRP0hZHNy5+1Lbrj948NOum+d+HUgHyFklxdQ1S0Rary7vnNz79rfeXrWr1epytV70fZxND3LO7z344Dvf+dOu6372s3cBQFWbZv3OO9999dVX+y4fzI7u3rv3/nsfjOSLEQ46ODhYLpcEzMCFDykpmBjayckJAPR93zQbM1M1yZhFJOPBbHb3zksANAxJRc10GIZQeCJyziFyXc+YHBEBOUQUMzPNpjWPrAgzM1RDZB9CURTsXEqpazvvxcxijKpSlpPDg+OyrMuyZnIA+rnuMOs+bUMBhef77rs1tbd9/efj/Xt5/Pu4PTs+/e3CrI8+/bHqF2mERBQI0WGoyrIsJ/UkS1YB711w3kzMTFRUpCi9pX55+fAn//J/nj163ywmA1EgyZItJUtifd9v2kZRJ5OJc1iEiWTp4mAmqtpsVl3b1bNJXU+OZicgNF+uyzuH73/w6KWvfvUrr3z17/7u72OKYJQk/flf/DdvvPHGhx88RgOa8Wa9jqk/nM7aTfPSyUtffemVvosoPCkPJuUBAHRtZ07JEwOratf0qBScGwTqUDZt4wv3ylfe9EV9OV/2fd/FAZkPj+8gmXeuKApi9i7kLDFFib1cPTZFYOeuny4ZMfvga2QPhAKipElSEkHsiahPKasURXV4cDypZ+y8qdlORfLH3+ntmmPUm/rmnRPsd7OU3NKH3f5Ie1y1z+UKcFuePwPpSJAnJkZfhbouirp0gQOFZrWOKRmkovCqQgwOyLTH1P34n/7Tsw9+XrCo5gRECmRiZmRCZo5kNg0xS9ttvOe6nhSTkh3G4GKMkjWLtO1GVZm94wqsmy+WQPjd73zvX//1R13XAsB0OvnO9/6yqqtf/OK99Wo1reqy3BC5oihWw1AUxdfe+lrXtSkJkauriYgCwNCnoihUkyIMwwBGRVHEmCb11BRjzPX0oAiTvhvW66aPOYRAjonZRBCdGqJi23UqmiVnVQUb3Z7rJ7blOImG4IwNHQJATklyNkMiR8RMDpFzSlU1yVn6vp/NDseIHPfREm8LItKWdvFCyBfAAGAk4gMAjZWDV8l5dOwDc+CDgyl5LJxHU8sJMHfNutF8eDTzngCUUL2mp0/fj92iLl0eOtOMigaogiKaVbPqpmvJ8ZClbVrymFXLqnTM0+mkTz7GZH2Xk8YYVSIAFUWRYvp373z37Ozs7OxMRF0o/urf//XlfP6jH/54uVwWRVGXk5xERb1361XzyldfjTE3TV9Xlfc+xjgMg0ieTg7YsWoeUkTg2ezAOz+4wXvfNE1RFC9/5WUzW6/XxDybzaLEvu9Sm0f2Dl/NwSNb4RqtGfvkOb5WA6qLmggAVTSv10tVMDUi5733vvTeEXnveYhNltR1m5TUu7IoCu+9DwE+gbxQNvAFMIDxOV5TnW1cWd34SkpflmVVFoAKKobZgc0KChO33jTLs+VsNqnKAKBx2LTLZ3FoCFQ1mymampIpikE2zaZiKkKEVE3rtmsuLi9CCCd374aq8uYBwExjbNFMDVIcssJ0Nn3ppZd+9KMfxhhDCP/FX/zFarX6p3/8xzHD6kNIMbZdd3h4OF8sptNpzrLZLI6PT8qyzimZbszQ1KqSF4t5VVcxS1VNy7IUyWVZq2pK4lyoq2oYBgAIPqCDdbtuug4A2DkyyyJjgLF9WDdlLh99mllcztT3PQABEMKYHnF1NVEzEQ6hbFr1rghBAcjMiHjMV3xyLtCLYwOf2gD2cvT3/PZ9x9MniAFu16HuVmltL2ZX7TXpqvkCgFVVDajVpCrLMgQHAKbRMwLp5bOnZw9/Naur6bSaBdfkrj9fLoeu3awuL57Mzx53XdMsz9Gk69usQi4Q+phxSDmJLtabJObYh7qop1MgHIbh9NlpzGk2m7kQiqoiF+aXC+agACLy1ptvnZ4+ubycm+G9e/fe/pNv/e3f/m3fdiI5OF/60Wzs2bNnKeWj46Plag4AjrkK1bzpQbHyVajK+XxxcnJviF3gYlK6yXSqom3blGUpUUJVMoec2+l0qmZnF8+6tlVVdujctvoZ0SGigF0XfJnZSAppmxavEiVD2yEyMyM6x545eBcQgRjMsirGGGfTqp5MDmZHx0d3p5M73pXELDlf52TMlOymIn83PFC5gukQGdnM9KqK/w/S3+7zvQIgItH2jTrnUh68c6FwqlmllywZvfPsCSFnQjsoHRxOLs+ePHz3WT+0KQ3e83q9HmIX+01MLWjucyZCdQ6NATmLKhAQInAoC0yaRJuuT5Kn00k9na5Wq7OzM1W9e/cuGE3qOiVpNp2Z1XV9586dd3/13hgV/PVf//U//MM/xBjHWRMRR3JETimnNMbufdeP8MswDKtlV1Wlcw7AzaaHYxLA+3B0dDydTDZNg8hFURwfa1mGIcWyrJu+AbDNphUFH4JzyN5fx0jeOVE1sxEjElVDMzN2vNtNCNEQiRnYkWN0jphJslTVpCiq4Muqmjj2ABRj1Eq209Ana/P78eZF12bwB7GBz50BjOvAlsUJAKoWYySGmirHjh1rTk27vrh4XE+quydHL905sayOMPXd0w/f06EtSjg5rteb9O67D95775dt25mJgHlPRVGQJ2LwTIg0tlMw0DHhWpaVL6CPqYvDutkMKdb15PD4pO/7xWpT1pOiKDyF6WTad1G0PziYiQgSZsnvvPPdsqgfPnzYdZ2qOOeZSVQdQM6mKlVVt00zDMNsNkXEy4tFHNJkMvW+iDk5V4hkAJpMDkZjCL4kct75w0NiAiBUhKRpuVwQUl1VoQoAgI5HriYAEKKpSs5GSLbdakNUHaOZAqiaGQERAZsCGIIiKCoiMBcHs5OTO/fqalKECpEReWTsmQmhB8YxXv+1746Q8OP9TPGqicDv3wY+dwawI0aAY11V6xwxUT2pzFLXrS8vnpANq4vz9dl7z6rKM2mOkuLi8rzdLLIkVCEGDvjK/VfOz8/W7cZS6iV3TULEEFxZlURgWZx3YIREBBQQyYWiMD/0c0mqOgI7b7315i9+/sv5fDWbzaYVeV+EEKpSELetIoIPX//aN99770FKSTWp6giqjPVWKaUxrdv3vaqFUErWxXxR1zNm8p672AFA3/cAMJ1M2XGKMQTvzakZC6lJUVR9it6FtmnrelrUgR1llSsIkgAg52wGatsW7oiKyGNR2EioAxUduT5GgJSzghmCmur0eHr37kuvvHK/riZErixnknWzaVPKAFv/6dcawA1xCIl2u1uPH64rCn7PNrDXAPb2fX9+28y9/H7g559wm8d/a6BrLrndihnGFZZhLGoiMrOUh4uLCwBwDg1ErJ9M3K/e/8mvfv7jwoZJwXVZt8FLlut2NJL61Wq+ajar1aKPQzbNKgKmJnCVP9i0XdP1oXAhBEjZuxACeWIgCuzQudoXkqXp22EYEOPT07OqmqScJ/V0tVzNZrOyrDebNqU0DEPp3cv37hXe/+y9D5vNxkwABNFi7BGxcLkqi8J5idlTENTCle26C4WbTEoiW60WMcZRySZlNZtMYkwmys4rKgGkHI+PjxerpffFcrlE5KPD2QjvlI5kdHXMVFUUHTrnHQDEGFXzWOrliqAgaobIPPZgVDSDUNVVNZlND6uiPD64MybCqmoC5kyJ0B3Myl1l9T6MTh0AKCg5kpy991kyohvbt9CYoySDm4Q9AICBM7TtFh632nndlF/+Noaxr07gxVsB9hU07JEQwqPHH0ynNbuDtu27YbiYPz4//8APXcHmQ3DMBwcH7FwIwTF3qTEyMxHTLkcBMzUjHDfcprG7AxKAdkPqY2bm0lCB1HFdFKOTk03v3bkbnz5VAUTu+nj37t1nT5/V9cREz88vDw4OqrIkphRTCKGupx988Kjve3ZkgyAZYAZ0ACO3DLJk77yqzmYzM1tvlmVZEkNM/TD0KSczK8uyrg9W60WMiYmI4HK5QMTJZKKaUx4kDYvL+WxST6vJSI0WU1VNmvqhTznbVcJXwBwTcCh8GDvvKpKZ5W2bmLG5C9flJJRVUVTeh5SyCjx+/GRSH9bVwW98L8SY8xB8UBPJqe06RJ7U9YtGHXrxDOBTSj0Jr7768r/8638mguOT+t5Ls+m0ODyZLj5c5CTQDQBwuVw4ds4755wPrm2adbPpU0opbT0EGWthrxJqRoBgCAaQYrYRQQ1I1SyEUBU1EFVEbZTz83MwaJtejw2RF4vl66/dvzhf9l0EIFNLKTnnCHE+v4ipV5XrmuOxDlMkIVlOg3PEzrHDTbMa/6vvWxFp2iamGHxwnmNql4s1EgYf+r5tuqaqakRbb5agcvr4kWe8czxWzMgI5q5XKyYKzhWlL4saiRANCMeSt5xjlAzAimpmpIbITMzsibwPhXfOISGiSDSz+fzy4uKsvj8Fy4AEQB91FdAAFUCdI0COqT87O7u4uASgk5Pjqiz5N/RZ+n3L594ACPHgYPq9777zd//H//7jnzysajg6LjW1WRLmkdmutpNmryfldDoNk3rYrAUMVK5UHwHsxnm7Kng1syQCEM3wQEWByDly3vtw//799Xrd9/HOyd31uj04OJrPV9/59tHBwUHTbMbWEmZGhKvlCjEAqGh2nlNMW3o9wEjkzyKmSg5GVgUxxtgDQIyxH7q+793BQc54OV9v1u3h4WESubi48EU4PJrE1I5IFJl+9eV7yNS2Tc6WUkois3rqvSuKgoOvq8kwDF3fDiluVuvtYrDdZHKsjgdmYiLPjpxzxGOBHI1xgWVEt1zN7+P9MUsARvCRJwYjO1WRbH7+7MGD97quL0JVFAUAqBnvca3/UPJb5QE+Lb//1vc7Y9I+3sitfkGjd3jD+kTEEAJYUItHx8d/+Zf/7f/2vy4Xy9N3zz4wGCZFINDrymYkHBPGcdMs2248/WB2JCJ9iilG0G3GFJEcByRUAAPJ2mfJoioCT549nc4OwTlygZ1/eXZ4+fL8wYOHQxe985AtMLdN+9prr/3whz9kZjVTlbo+PD09OzwsswBIRpLgGVSIOfWdq9xmsyqKIuUolvMmTWezYejGwrSUc991ANA1y3ZjTdseHB73w3qzabLkUJBJfHL6aLFYOO/uHN11hP3QDV0r2Xzw0+msKArnWBWbppufXwzDkHPOVxxOBB2bAhWhCMGTC2VZj89ZkcZieUQEwpSSCGhKTz784Pz8/PpdzGaHL7/88r1794qiImIzy8PQD80//tMP5otLQq6qCTsCAFVzzGPRhX2sgl5tp6vwHn2TzyA4/tyvAAAARmB0cnL3b/7mP/ynv/9f8tMW0PWpJdj2XgYAVCI0BMyw3R+OAbuhJ0DvvWPOg4zu7/Z4QDONMSMzMJhIUrE4PD49LevJYTXNaieT2Te/+S0ROH38GADG4qzT0yfvvPOdn/z0JyOin1JOKVte0B4AACAASURBVOmWS6FjTnksyjHLSCySIgCgqmZiUtGuo5QGzQIAOacYI7MTSWMBQ8rdar3N+PZ9+4tf/Gy9WR8eHk6rSc5D17XDEA2gntTT6RSMnHPL1WbTNCkJITr2znuB0aINAJhoMp2Sc947AEAgHWklRmSQx6xIsqSiIjbinsmun/zTZ6tf/uon7NzJ8fHR0VFRFJtNd3r6JMYeiaqilp0o9gWUz4UB7JAdbouZMRVMXjSRuldfe/O//st//z/9z6dN0yGTgoIZAHnPMHY8u5pRCEDMUkpI5MCI3Gw22W2EMQxDzkNRFEPuERGYTdTAFqvF2cWZLyrJKNlee+31YUiS5NnTZ4mT9361WsUY75zcefzksar2fR+73kRUVDWJKKBe7x1mJjH2RDnngbY1mTjEDkBNhIhVJYuYCRERMGnu2kGyOuezxDxEM/OMZJrzsNnEnIWIjo4Oi8JLGlKUTRtVwHt/eHQMAF3f9X0/xJ6cK8uyqivvPIxVXdsGD9cIJUSNI2vaOUdjqosAgBXzdVF1cHi3Ouj7/tnZh8/OPhxfyujX1dWUnDJ/amDj9ymfCwPYEdSP9Gth9syAWIgNVUXf/9M//+WvfvLDH/1j3m6bRQBAjkd450bUzCyZODNBRLQY02Qyu3Pnzmx6+PTpaVlWm665vLzIZpITAiCODRfy48ePy7L2rrycX86Ojl9++RXLupgvADWlNAz46NGj+/fvn56eZskS04jhgOURgkG8gvNwxH8iSKaMY8s6590QxTkHqsF5AFVNRI44mKV10zhXMEHsN8MwICI7VxTFELuu71PMRVFMp4dNs26atZkxh7o4cL4AgBGKGYaBiQ5nB8hMjsf0bc4ZrlpBjk9p3AQW2YMRMTmCoihGxAzJhmG46rCbzawfYjf0gCnlpKLEFHzpXVEURfChqqrPVCN+S9lrAHv799Oefj639tO9NdJzj781oX8sMrry/nd6+d+cqOyue/6QmVV1UdV+0ywWi2fvP/xF2zbMgRjN4tj5RlK+9h4RDQnxih6eTTXGQdOkPmi6wW+aopx+41v/7sGv3iuL6dfeunt2cbZYLrtuY5CZSSTFFM/Pn92//9b77z/4ystfIaDp9ODw8PDZ2WkIThGenj8ViQCCqqa5Wa/ItC6L1WrBgIQORIvCA4CaqiUAMMDxhvIAiJgjVKHIMY3PCY1i36oIqMZ+oyJqNm57nXNSHRwHNQy+UEjrzZwMxooWxwSWNFvf96vVChGrspzOavZFVM2qMcacUpSkVxUx7AszJWLnGDlX1eT4+NAzEWHTdUMc2m7T9J2KRkk5p90OqjENjtmDjwBEIUXzjiQbeVLVbjS/SQAAA/ooEU9GWsQtogQAAPir2v8bhxauuvp9XPblrwiez9R4QVeAMULirVOwU+iIhkQG4pid946ZiMsqrNaXp6ePLy8en58/G4bBMceUDFANQbJzN9tgIygBAgISjS2uQNTMuq7z3prGV+Xm4ODotddee++9DyaT8Oab33j27NmvHrxLSI7JzFRkPr88Orq7XC5Xq9VkMkspjbW5ZrnvE6g8ajuT7IgkDW1MZmZZJGVG3DaAI+c8b9ZrtHHLkd33hgaQcrwK+zFL2urANZKvJrDduEBVo2rwpUhSzQB+VtcAlvOQYvReN+tmGAYivnfvXlEUMcUcs5KPKY4dVgAAiImYiKrCi0hVlZPZ7ODgoCgKM7u4uLi4vGw2q03Xqmk/DHBd0rTj3iBSJsoijgWhMOeJOlUrgnhXeV/aH4Lu9uvlhTOAce4fDSClNE5FRKyaicg5JgYi3hqAY0Tr+tXl5Vk/bLq+HYYhpZxyVlU1VVUwGztMwUfhKWL2pA4dmJqI5jz0vVsul7PZ4Ve+8tWqqoZhODo8fPtPvjWb1O/+8uexa4mICEX17OxpTvrho4df/9o3+741E2IQzc45kZRjHzyjGqiZ5qquVFKOvUMWUwSYTaZj6mq7c/24u9FVBbMCmMm4CJtumZLX2nO9z4XaVbs7gCwZURwHVWmaFhGZHDvXri8A4PBgdnR0DADD0HnvkuhmsxiS5JzNjDx7x0VROOerqjg+Pj48PETmpm0effjw9MlpjHGIwzhVqCkg3NzOrkqTmrEpGGJOEaxF2qKiAAA4YQ+7BUyItG8/8N+bvHAGsCvDMDh2Zt45AwAkIAZmqusStv34dYj94yeP1ut506xUI5J5T1VVbTbRDAHIFKPka4StKgPsUBe998E5Ziei6/W66xoza9qT1Wo1m00Wi+X5+fkJyBtvvN40q4fvPWBi58mZLVfz2fT4yZMnJyd3Y4zbF4maJaKaJ059LnwoHAFA6YOmLDER4piXOJhOzs83aNsudYgK18s3EgBkk2un8pq+/xFlIbhqcodikokckOQhCyFd7QlcVmVd145xsTgbu9tuNkkMV+sGPYcQiENRFEVRTCZ1UVRFUQx9+4vTJ8v1quu60UKMUDU7Zi4YmYBYRGNOcmsbSQIAZnbOjcxW1ZxzRCTn3PheQvhEjNHfp3wiA9iP8f9mvH9fke/uLuq0bTp74+o4ZgAoiuLp06fHxyfO1UTERCoagkM0510/tIvFxfzivO+bvmti3JjluvZVXfoNj6j/2HEWDLb1wQB9F5nJOWAmMQk+GGHSPKnq4+OT+fyyafr1eumdu3fvnqpczueb99ft3Tuvv/5612wuLs8AoCzL4EPXNSlJ1zV91w19iypIuu1gYuIZS8+EELz3jCoZVBgslIVzCJpWi0tGUNWxKwkA+LEy63qXu+sU09U0eR3+XzdK2R6gCiCSVFIkom3/C2JDGPdo2p4FbGYCaorBs46FXxAJfOybdrMyw6ZpxiIyBfMhsA8AYAhUl8479gUQNl2X82ACoIhMzvkQvOOQciJiJkJks7H7BnvvRBWRXn/9jbKsTJ0pKqoamtp1t/pdMrXukOoMxn7USEDjSjiu7bs69tt4Vi/0CgAAiNi2jaqUZZkyhuBGmsBms3n/4XsPHvx8fnG23iyXy3mMvVpEtDF9O6Iqtq0Y2E6t4x8RFRmYSZARsSzLsfUNIr726mvPnj1r27X3fvS9JnW9Wq3Ozy9Wq9Xx8Z3lctF2DSGyG8nFeT6/cEhmgmRoIysZyADtaisKIgDNEtEkpxR8+fKde91mUxCZmew0lsJbVdy72xEaXzUkxGuV2SFOCqCKbJcEVbVxoyNBxDTctKsaQ0lDQHCIXkVij4rQbpZMxOyReTqdwBXUMe7RDQBgxMGraVTJQzYxMwwheBeqyQTHTjPEWbIpqqoqhlAgOCZH5Cf19Lvf+V4I5R/a33mOvHAGcNXTYVurGkKIMY60Anb04YcPU2qbdtl1zcX86WJx3jWbIXbD0JllQM2STG1bBnV7zG3VpG77lIkooKWcOCM7rMpiGIZnZ6cHB0dN069WK8ceEZkDoouxVxV1XBSFaM5Z2JH3lLNezs9nk6mZMFjWzMjXrTOYwSEVjgA0DZ0jAKaDyaQMxfzizBGpiUe6urWb2twrtb5ixao5YuZx7wK7do3MLI9JaoOENPLqxn3CzGBMemRMN8HDCCQQEilYHjE0Ayiq0jv2ntgHZkZgIiQictv7USQDp5JVxBQJXFWFsiwdh7KuzExEzMy5YGZjvT2zd1wSuYPZ0fe//+d1dQBAiG7cyfJ3rDS/hbwIBrB3Ty4fwmQyTWkukiVmzfby3Xu//NXP5heX5xenq/UlkqTc9f065YxoItF7Rodjy2UwA9SxHxAAAMLYKgVx5L4DIkqWscEgIznmlNLTs9O6mtRl6JpNCIWSOOJm6NKgVoV6UrX9eizBqcrSchrapnIOTAgNTQi25Bky8EAFo1NV0dx3HrEowt2jg26z1hghZ89EyNcKPQnl+AENJGdAHSdgFR17GTl2JnLd+UNFE+QkOYmQQRqXFDNDMBNFAANTvTIAFTBEZGNVFTHHwXtPRAYqEsdVhFCZQ/DBHGva3oDhuOs9OQzkoZr4uq6BMKY4VrTFGLPISFMncojOITvnynL2xhtfq8oZohPJzqGh7IUq/xDyieoBbrmbO/z+27D+R3fdAgAABbzh99Mtns/1ODZSA7ad+20378t1XanKZrnq2xZQ+07u3T2R3KRhrdLOl+ebzVI0m4lIAoCY0ujrc/Aj2gnjnlaoeLWFgQEBgpKimokoYOx6VKyqGpFU0nq5CuR8KDXHce8wRun7VqUlxtITKjGgpFwW3hGkbsOWwXIoAgNqzo64ZDdlF3IOgABQI3iH9aSsGRbrZYlYeO+9G+tRHI1/sycunGeiPETVPLasGyfjEAI79gImoGaKkFKKkrphGFIU9NEsm2awbNJLHpPP17HE6BEBjHz9hMhqEJMgYhEqNQQ1MavKqnDlpK6RPDkPIzncaEgRkYkYHZFzWSVlEYGhb5OKqWXJiGMQJERCzpeO79y9c3znLrkAAEzeQInYxpDP4LpAGa62Hdvu8r2bU9rVSVNEYEIGVrnRN9ltT7cvP/AH6gtE+9e73+wPimQiOjg4KHxYzReShhyzc3bnzjFgXK7OumZz64QbTPqKAWqEoGKZRmobwLj5zxhUbbfyFUkAObdm5pxXFRMYLMU+B3IpD45YcjQdclTnPSE4Ak9IZoGUjCD3nAdQCUhMaEgFUen9jB0TFMQA0BlUwZ1MZ8OmOfRBmBHJ+7GrAnl2Dqlw3jMHx47IHXszy5ZjTohI3rngPYdpKNEgm8ac1s0m5jzkFLMkwTamLg7JtMtiojhuDYzXvcluZdDH/AoBIIHmyC4E5x0Xs2lF6EnJQCUldMFzIOfreja2kTOzfhgGSVFylJw0J8mj96UiiERMiIo4HB7w4eHJpJ7tbL8Juws+E43FOtcJ/qvN7n9//RZfBBfollyFeuPjGL1R9OwOp5O+a/p+M8TGG/7ghw/ff/jgIzsZ7VbTjQgdgZjB1c63AFdcFxpfCW3xbFUxU4zkdcSOFBWRUFWwH0ofAEARNAsSEBEbFAAe0RkyqoF5QiZf+ABq5Diwm4ay8j4geHaIaPWkKP2smlx0/UE9FRXnXFF4E/XOFT445wjNE3vvHVFZhhCCgPXDIGDkOISAzh1MZkQcY2z6tm2m2TRJFoW2G9Zt1/V90rzqfNN1MacImkGzgohcr8oj1w2BRpgADIsQmHxw5JyTmBRRVdkXAEaWZYvOiapmFTUbYh81d3EYUso7pLpxfDMDM++KqpiWZW1244J+vKP6jQ38geSFM4BdKYriCvUyQyuKoqp9Sv5//I//w7vvvquq3u2tQ93q/Kj0qmbbIsyx/8fWDBAISWFEjWxcx5lYTNgQjQwRRDKBY8cIKQ0BC3LIZpWBM3AkDoiYAbxnLIswDAMD1d5PCl8F55BGcLOYzuq6UrPjoho35fbOl1VgQOd9FUIITlQdc3CeGJz309nMF6FPMUkm74IP5NmFkpwbhoFXbnY4vUoM42q16YeUTYec5ovF2fyiH4bBJJn0MceUxorEa2TJxvgARwJ/FtE+R4DB8cT5qigCABShUpMUJUJ0RUBkYmbEpu9SysMw9HHIqkbIxEpaFMXYcHesX63quigKZv71DXRHGwBE+0NsZL+fC/SbW5B/IiHm6yXvNr//1501Xj0PEQCIyQUyySY6DN2//fgHH3zwfpaIZG3XbNmdCEQsMLIUb1r+IcLIPcCrGGMLKo97/aLBTbUxgIlmUUhuu0+WjEdqTmZKprMQGNCpBcIpYU2uDL70XlJkKpwjR5QBCx8mk7oMRV1UcMWqcm5qiqI6C9tn7r0vy0BMDtkXgR0GH9ix9x6ZyroGJg5+6hiZiQiZgBB8SJI5l+Vs4pzLOccULcns8CBnzaZ9108mZVUXHPyHjx8ZYT+kru9TjM77mMc6GTF2AmMtPEqK3hWeA3PBPozVc+SY0Lx3viizqoCOnYDNzDms0KOrCynWzcbMoqaRIz32IfUhjJnKovAiyblyyzTaFuMjMaje8BqZSPQm1Nzl7SBc05T29h6lHWWST+k+vaArwAjk3/wzq6QEmJtmtVot6rqMmUXIzI89bcwEAEXyFiXHbT39ttQXkXCriKNOX7N54XrzPFCy7WNlvH4TQKakRgAezCM6soKgRH/oQ8VcF0Xhna8LR+gZmUmTBOfKsiq9L6+IkIioW5Bern/auAIQMTO5ENixK5xjx8EhExUlucDeoyMXAhOBIyCEwmcFTVlVHZGJ5iwgklKOMfZx2DQb8/DKG6/927/96M23Xm/X3Xq9ttl0OpvNLy9VNaWUTfssY88HFSVyjgM7jxSCr4EKFxywR+AkKnFQwKgioFl1dISygqioifPeTNHGzkIEADEmNTSP/bDph7Ysa8CsIkjGTCCgiohIxCp/eDz0BTSAkVMABkC8bZyWRQAkDt16vULCkzsH5OIQm753YCQqIw9Mxh0sxyVh7BB6Vc5H1y7Q1RJgaoBoZgLGqoUjvnKmdsmpjsgRBiSPUHlXMte+qJCPy6oiV5eh8K4uw2gARIRqYx/N4JzjcWM5sHFn4av9vBw7AGLvyqpAJmRyRWBmXwR0zgVn7DEU4L13Hh2x98hEROZYGRkJ1dAAVUEN1cwkm/YpVv3gN/XdV756+vT0z/6r/zL2w+mjx3/y9a8BwHqzPqyrYYhd1w4xr2MUwxEPzTmDAZqaiqRoaDmzYZRsSVTAlLiXnMdG2rD9Mo/tddkhIjMjIl+9LwAFzOcXpz/7+Y9m0+Oqmp0cnxwcTtWQ0RNtbeBFSAh81gbw/yv1dwXmMKuoqkiSoVnPN6vLi8unqvHk5Agodh17TzFKzhhThkx05eWMo4x/bV2iKz9s5NwiIJBlMdzGxOCuujWigdsWtgIrzMrAxAHIEUzLsnJ+WhS147v1rGCuQhEKVwbviDzjWO/Hjh27Xcx3RDNHhTNT9h4AnPdFVSKTOXJFIOdcCBCYvAfnuJqiY/aOnQNCZAJmJARivlqmJGa07XrFZqTZREN3qDlXx0cxxtVi/vJLL6UhDm03m826ptlsmsVivl63aiYKoioMCUANDE1zzglUoyGJISAbkhmq5RyTgKlINlVDRbqeJxBpLB4eqaNwFYD9f9S9WZck2XEm9pnZXdxjy62Wrq5uNHrBSoJDDAgOqDk8JCWNxEf+Oh09aI4eJf0CHZ3DF2mowZAgCBIgQBJAN9Do7tozKzMyNne/10wP1z0yMququ6q7iCndzlOdFeUR4cu918w+++yztt3cvfvxx/lj72oWPjzYv3nz1hu33h7VYybaLYn8r7gYLi2AZ3F4dnk7Yk/F+y8J/ez06pKhSvrK65d9OL5Qeqt8PD+f/+Y3vzpfnMXox5PJ4eH+ZrNsNvOHj+8+eHjvfPH49PRk06w2mxUzr9sOO1kFpSHhNTjfDDAV7dDi5JRjFUAgFPSdoawQKgQKqr1nQXQ+gn1nIx9HVahCHHtfxTgdTaYx1GRRfF1XPri6qhjE5T9mEqYLLwtGJcoGsyNhYmtTEhEJnoR9rOGYq8DOmWN457wz52U0InEkDGJfRaVe+61cSVldvo4ACtXbNHsl1TydTlLKXepCl6bXDrrF2tqu3TS6aZv1Znl+PhlN5vN5qVxbrtdZYXVdLCHIC7yRZxdAssk5UckWcwttu9x0aZN13TSNatO1jZp3XsSXuCWr9qIq4JSsTWaaYqxFDLD5+elisXpw9/Ht19+4fftNEVecfuthqZ0+Yjvx4VDFRwToTq8xutSP7AL9oxfU1XoVXaAQ/Gg8fv+DX8znJyl3VV2FwJpXZ/Pj09OTtt2s12u1ZGYi5EIcuPiXgyTrwWcyLSqHRCRMpfiEjABlhhAJwTG7gu5Lj9tEx1F8LX5cuVHwo1jXIVYh1tHV9WgUfGQKXoIPRXNhO+NZygIgXLYAwo6ISMSYBMk5J96zExcrcywxwDtzTF4keBOHGI2FWUiYve9XMPV26lKAVGgjxjZ0TRWAuyRdp23nfUCXqqaztkObz0cjZnHiBLRergS8aZuk1mk2aM4bIwM055SJMzOItTj3WWEQx5Gpy2Jg9s6rgRxYzIzUnLhC3zA1UzIyYmJBXVclNksJ6/XiN7/5zWq1+fKX346xBkqc+4VIQrs0Su7J5M+7Bl6lBWAM0q5LMcbXXntts/nqD3/4N+t18/Dhw6wbQtu0y9QlYiOiUTWJlWfmpllraRWtCUSM0rWtx5svDAOb7LSxYQIbhFnIHFEgYkeVcHQ+ih9LqL2MfKx9GPlYRz+KVYyxjlUsXRa9+KIa4qhgJiWwYCI4FmbjSxYAADu/XQBGKBaAnYOXYgHgHRyTcxycOU/iiB1EwESOicj4IiO/q0RbghqASW1Ly2HnQhW7pqWUWBVdRpu0TRSdMoUqkiH64EKgxXnTNCl33Xq9XDebNqkim3SKzJyIFUpwSpzJJbUEUhZzQuIgzkzNwBCzwrvQlLKqwZgoEpEwO+djrImoaxOyrFeb4+Pj8Xhy48ZrIQR8MTonXnzX3x2v0gIAYGwoUn703ntfvXHjxs9//k8f/ubXJyf35/OHTkIMdYhub29aOC+G3IuiaWl2SBh4+XzhAinDyIyIyBIR8xAcByNHcGQe8LCa3IhdxW6vChMXp1VdhejFxehHdR1jrKvKOS5gpXhPBZkUZnHY0vicgAvOdGkBkPcoTfpEnDDKvu6dMpEwBw8v5gReEDyLMxYjgbAIG5Mx2w4h5UlnUsSbmWlmxzkrA2YWnWjbclbzytGaxdJrNdG9EIIzWs3Pw/k8BH9+vqhi3MRqb5qapG3WrNyobpIqsZop8flio0lTkza5lP1GF4RNrQjrkgDoUtrCrFUcFYUsZlFFKRFOQVOTmH1O+cMPf+3E7x/sexdLJ78vMnE+txH4lDzA0/V5dmOVyzHD0z+HL+LPz6grGOBINtUYapAe7R997w//6Dvf/oPT00e//OAfHx3fm4wnLEjt5vHpyXx+ulwsUtOqZuTkGJpzH0CbbmnDbFowGDYiKOXMIMfkiGpxxZPx4Nq7aaimsa59GEmY+DirRiGEelL3uzVzXQUW8l7IORICE1ggzKFwXRi9l8Jg3mYcRJhEjARMLEwiBfmR4Mk5Y4h35J05NhEKPjsGkxV7IkRCRc3WCEQkwmRX7h4rIcFAAIuZsmNTg5kxMdS6rDBV5eiREgePtq0no9x1ddvmtut8Q2okuu6SEmeyDIVmhrVtu9is101OSllFQVLgopQ66siyIJpR0gQgw7rUCdh5yZo4t0DFwlVVMTPAwlJPx+fn55vcMruHDx/WozqGWsTlfKGespsisp2qsUu+Pl9KnF1sN9bPuudcA6+YBegHFxxULQMUQrhx84YPv7Ncv/H45Pj07Gy+OlucL8/OzruuTTkRQZwU/g9Z4d4Rm/ahMJRhbESkbGqqQnBwnmzkqHJSuxCZpqEe+Tit6pGPs3pUuzCOVQgujmoSkcITcELOee/YOZUezBZh5zwAES7VfsVj6aOCPiwWFSkWQFggTI7Ze3ZiZOadOoZ3cM6EVQjkiESZmEnL3j98JFjInqg/IuzoOhJ6U6oEmAmpiYqKdao21PLmrMwSY0RWMpw0x8tN07Xd48Vik7umy03WTZcycTZisOcYQ5RYiY/wvjMkRWuarYC8AqDZrA2WLbMRRLaMLKLeFTIQgKqqnYS2TSnntu1yzs49l17i7jb/ssYrtQAYGCwMGYDgA0izdilZ12XNaJru7Oz0wYMHq8U8Nck7UROQksLMyC6wKLa+VTAbHLMQM4yJ2Cz4YdLHauL9KMSxk71qPPJxXNVVjHujiWepfBDHPgZy4oKHMDvZLobSYU64L4ECwEx9CmJbzF8WgPRlhCpFfZnJMUTIC7xjM5Pe9U/EKgTm0v3dmKislp65U8g0aoBcapqJbdkKCseB1Mq8JBTnSWFk7JjJu+wdQpC6cgY2kJoX2RtP2vXmdHF+o9uct+1y3SzXGxOfmbOpwsdqRhzMOXNewWVhJNKmzZ2mJmlO6XzpN13XrtcpZ+doi/4Jl2oGpzAiqqpKRo7ZzWb7k/GEiFPqPgfz4OlGgLgUfDDR8yjJ/astgJehhdR2rfMCFC4XHR8fz+fz44f3F/PTlJL34jx3m0ZRaM2J1Iy09M0gKkw5JlMhdjCBEayKUomMvKu9GwmPosyCH7uwV1XjWI/qOoQwHlcizouQiHOu4PHknBHYCzvHTkAF/2ZmLshMYXUrMZc9mwhFitYxhI3FhCBszHBCwlb+hME7jg4Fay6UBylFDFIwJb1UKnaVTl9QRDzRLhZDYVo5ClAXnSMQVEwNyN6Rqea26bo2dWq5il6d+Rhns1mrOF0u111arJdduzo7X6y7tG67TcqxHrmqjqNJiLXEUXC+qjxERtNJs+kKxqp2UfzO7JkdETPBCRPRbDY7OLgGsBNp26Rm8nwL4KUbAfcs3r/s8jF2ivN2CZg7nH6AfTn0yuu7n3nFc935HNp+8pawUIg8mjMLz89P7925uzib37/7ydnZ4/39mVrbpWY+P83W5txZTmbJsZApF7zfPAECcywO5glB4MC1oPY0rmQSfS0yrcK0rsYSZrGqQuWDjzFwdM57H4KIiHDBIomoIPcFmXE9Vx5aGtERGQ8cI+JyC4hhBBIos3lCIVIzsw9gKt6OkcA5Iym3QdBfOAxEylbKF6A9dAt7gkTFPcv14q9kbKXk1mBQIwUpJJtmChBCIHGhap0yKrJmHHm1oMdnm2azWC7Xi9X6fL2ZbzYP5/N1l85Xm3Vq4Vw2SoqkwFzgvQuBZRT8rB7N9vYO6vG48iGMq7qe7u0dPT551DSNqRA8kZha27YpafI+xphKsxgWBdgzk9KlOb0732ibF7ChWpqILJfKgUuLwUyLmR/mWN7+63+N/gC0087oxYYCBFKYgizn/ODBg8ePHz18dK9L6dbrr6d2tVwul8vTTbPIZmSJCEKA5uLxE0BQgTimQMamgali9qT7dRw5GldxHEPlpA6+9hwdq9juOAAAIABJREFUOy6rBVREMdmMDWLiPTOzCJgKJYF6n8QBYIISCk2NttIm1HssBjCzMYOt+PHlp3dOCEQwZscXm0rvOdlFI3Eu8ifPlnzq7xgBQ+uXsmzK/VMrpZWK4qRBnReCY+pcFqifYtwu12ptlULVhcViia5L63W3WYuplA0FqlBlg4GYSs54kxu1lWHtzxYnjx97527euu1Ho3o0qeuar904OT5RtaZpckrwCMF5D4LLyTabTdM0df35p9/zQJ9bqu+nHPNKxQBllIZcpqZNuyays7Oz+fx0sVgAuHnz+vHxvbPTk01zvlovc26JqKQOmYzMyBRsMAiZIw1ETHkkXHuuvauEjkbVyLlxVY2qEAgxuJEPjpmJnGMWeC/OS/GvnJS+MEQliSBMwlySWVxgVxBBHJfKSyOQ9rOfpKwHJiITdiUGYN6lSACQkjEgtu3s36mIeHL0xvWpi6FHwJ7U6xlyqTZAU95DlYKX0ciREFGG1rlr2zSq1u26iSwjCcYgx9klACvToqthZiysqjmlpOpjztZom9pO3v9gMT08PDi6Pt07GI9r1f3SgPB8MSdm751IMCOhPnPyRWbJ1sX/lJVARJ9JsHjVFkCP4pcd7Kc//cmjRw/efvvtzWYF0ps3rz98dHd+9nixnOe8AZSowINKBobBjKFkxoBjDUQM9ZZGoR45nlaxFsx8rL2MYxiF4BiROTCxsAOIjQhMJmRERr016FFLK965E2IuTZqIegiy/BRr0JeaDGwII/STnkiKb0MMIjLQULderpyZt63bxbn0qTGUDoD3c9zPqx/Ut6kTcTEYi3MCwAhJNae8nJ836zipoheXUqfKHVFi2mRFKXeG5q5RIyIWstw1xGASEp8N8/nJul3PVufXD18LIU4mo+Vyfb44c95VVSXOwSSEMJvNqqr6PBNk90JehhG4tBCftetc+dbnOmaA/5/1+Zde7+OEi9lPTMG5733vD3/605/8l7/+z7dv33z99dc+ufPh/bt3zuaPYR0sg5SF2EAF9IQSgWFE5kUisYNGplGoZ8HXnvaCq4Un3k9DiM57QmDPbARlI+dpkFTJqklISp9QdkLiSQomQyDqnRkRor6wMMPAhUhEABuT9n4QysHGRY7x0i0qG//2FTMDSamfsr5QBWpGaqVXzdabxQ4KunMbtxPdVDMZ+lbAO1Ik2x2xPCAlqBAcy7iKvdibaUoAkPPjs/ORuJRyDK5plRJMFVlNjVikzzk6JSviq6RwsUo5a7N+fJw12dHhNed86bExn58y0dGRPzw42Jsd1KP6CoBzaVrtxJxMdEEN0oucgA7b/8XdG0LHy5MRDFY8s9bmFbQAOph5Nstf/+ZX3//gF1UdPvjgl/cffDKfP065rQKrUlYi7Xn8BfRkKIOcsGOCdo6kcm7keDYKE3bT2tciExdGwTshYeeFRFwvl8tl7fU/bEqmgG79dRDKtC5TuXjkOnRSKh6/7ZIaqWfmFe+IgB2BigGjLASv8vm2DfXMzIZK9vL71Yc6KDnzFfCklCMW6RQzu1IhXpqR9mfIxM5lSkYOBKF+Q7aiE9DlvuYrJ5eZiKKTrFkhROiyGmUhARuIR5NJqEfZaNN0bD1isljMiaiuxzkZUYYxE8VQj6rZbGrC0uXuJdVc7V4gvSg+9KotAAADoRCIMaZM77779vf/y3969PBuzpsYfS2etEuquW2SZRlwqbKjOhZHJDDHVHlXRam8q4iiWEVcE42CdyIi7L1jV0RM+u1hQE6vDhs27zLXBVAakJnhjWpGwiVZqwTqfXps2dhET/fb1YwG4S4zK5I+ZEqlk4qZmj3jraW/38VJl9VCpoWfU/6+PUMQA0rFARrypcwuUSI4Z3CjwBgpqWrWpt1s1ovVWpomWUq5Feek1bJ6RrEyZnZe2W9Uuk4VbTWaTKejpGhS1yZls/Pz88269S6oUYx123bL1ep8cV7XY+fdVgQJAHMPHH66VGhBhJ485otgoy9vAewoMgwA8Au3Q6MexVMGMZC6dOfOh/fvfbQ3m4zi60CXctduVqv13DpvSlSwd+rvgRT6JIyQK3HRcyUSoeMgE3Gj4CtxTsSLE8+8s3vyri9+gZ0DYB32+y1us93XP98oH3Up29/L98K057tZ36+OzKAD/HOpsez2N7U++DYzNVI1ZOvdCzPsiPCQwtSon0eqXN7M3sESvCOoRzUi5K5Lh7PNZtNo3ljXUNOSrc+Xmi2n3JkqQTgwEwvNJrNs0qa8Wq3YBYmV89HQkUHVNptNcto0eTqROiIn26w3xyfHLHx4cPjSLcDnGG6rssTEuxzr3bKoXZCu0GXLX3XA+IlYdggbZINBJ30mR2g3n8AX/6+9s5y6bt2sm5/99B/u3//kbH4MqBdKCUI0m83GdfzNRx9S9o7IkaIX/7CkSYydcJQQREeCSZDDOlbMlYhjZhaQKilb6Y3OXOoBWNggZDsmgDE0TgUZC/owQEAyYClD043i/JetmghSKmoAthKSlPr64iAZTM2Qibhka4lhbEpGBNZCYFUGZTNYqTTR3CO7RAT0qo/Ds1HTfjWSGmCsRMwlemAWswyzIjENK8ugrGFSYxiAjCL3RI6FnHbT6ZjW7WaxWm6W05VfNqgl105yVvUwk0XX5NRJuyGJY7D42oeanWuVisKD97E04SvJe4LXzN5PRqOZ870Wr/PuqcXypnYpD7BzsUUAYVAM2akfGKpM7Yk+2wNLhGFPD4VfggXoSS87BYc7V/MpukBPH12Xms3y409+/ev33z89e9ilTUpN1uTIee9ne7Oqjh/9+gPN2keRImxUEr8KJSIBOUMlvvZuFuM4VDUoeu9L0weCSE+suXwVOwveCGqUyQSF6Q4tzQYYVjo8a6loMgDWU68YMHAvLMtF38Z6l5vV+tlWPBOFcfHXqXDhjQl9XxYzJiUDMVORsSKRPrVB/ZPOl2um0W/4xsXt0f5PNS1e1IXrD5T9S4lLERgr90Wb1EcjzkuoY1VVVRUmo7pehrDeBDHhjhUFKUva5WRkaB8f+zgOsfX1JGfSbNly0fIgovFkPJseHh3ePDq8eeu1tw72j+q6FvcKaUS/EjHA7kxMah/8+te/+MU/z+ensC5r8j5ORocHs4O92cRHvv/wznK1UuucZGjuoRkmIngqtYvi2GoX6hirEIPzvhARRYq6/9VVOmz2O5CCmqmasRn6rhRcJmsp7WX0ZQefAsrvDlUjBhlAKOlZUjUiUlOosRWy5hCGkJEARkZaQKSiVsRccFPbCZMuvqKUbg0VicNQAu2GGZ/9LLxwdjHGOI7T8fh8cV6HGH3wYt7bplUzY2ZRTpqhlnJOhjZll7P4WuGIDeCbN28e7O+PxzPATUaH+/tHk8kkxqiqnnzWnFMuFG5s6XwAwIYXVsUqBZaDEbgKjw5G4On80C+6AHZr/56YWJ9nqOobb7517cb1tt1U0VdVqGtHRMvTxfnibH5+0jWpadbQzAKiLEQgCIyo5G3gCQ42qsIkVpUPXpwHnIiIED0TOt89c81aipGhysUd1xKZgtSITBmMXZXXS1taKQ0ZRM7KdAepGnNxCa0v/jGjbKYEpz16Ux4hEZkRKQkZW9mcmYpxGWQvet3w/hsJZLlEFmQoBIjSTeZzVGWTiHhXV1VVVXWIk9G4Xmw8Z8cmzKKJVZlZVDtNIKc5d2mTmzSZiQscogu+mkwmKdl63cTATdOslqtH9uj4+LGw7O/vT6fTGGP69GTHb2X0C2BHKQR4Auy/mOJ8gfNRUUDamf24BMc+5aMu/37x+WqZ+0fL4uPI+8nePpsWXJKICDo9rF2sNs3i7PFjxzyuo5NcqmLYCixjqWtcjIXmOQ1VJd6B2OCEi5ygZHNDjzMzNRXlshf3E7D4J1ZkNVUt66UdIvWle2ykXGQ3iaivhS1pWLqAL3Np/KhmjNKtSXt0qPedckmEmSYwlWhBUwaTiQBkZCW9bMYwMqKy/W+H932vNANyKfI0GBRWkFzsQhNXRv8sSqwioqogSpYcU9JMTsaTyXKxHI1G0QeoOgZbX0nnWLIqMakxwZJlYobparUIqoUauF4vRvWeiPSyvt6FEER8Tjnl1HUd9wn2qxu2OJcvL4zL0294EbtxkF4YAS5tB54wAsRFPvuKEXglXKAnBsNYwf1TJDOoIRnw6ORkPj9nhiOPIolv2OY7HcMLBye18yMfozjP7HZ8fSX03vcVH/ryGNwHY0uWOyMyyj2Qr0ZUHrINwqe9f282sHDQr+8SZ6MoIGQlJbDBqEcYCKU1HNioj2BL8ow0ZSaPiwVQgJ5LRWEAUt59xqLb2hHL228vhTEE2PN5QboD+xbELLB4cQSQ6dD3gBxxIuNedFLNMjFS3mhTYCc+Pj5pJ1ZVo9ls9uUvvRfD2LmqRL2lmYBZWdGfH8F8KaMwuvhTZsNTx5Xtn5+DdPEpw8C6zRHRRaSPgRYHJBYkbe7fv2dIdahh3LXJct66jGQafHDMkd24rryIIxZix0x2CYxS9Nj8Nid1ZWTNknPWDpmREhsxjEwLM5kIZJbBPBRaljRW8b77zb3srEBZHkQE7TtBGgBkhljJSrGqZqC4+KWHNxGJWseFzF9QXiNjosvnaoM9MBSV9T4GwIU2ySVE5bmexZDaM4L33nvnvI/i2dCXkpbzA2VSR6IwhmVTMxBzzu16A4AR6OHDh+LDzVu3x7NpcGMil5JG580say7t/pi534ye8B2efxDzZSOApxsBfooReFGo/oJb8iku00scNqysplk/evTg9OTh0f5hcCJEBLkgvqqxITpfuzAKceRjZOeYPcvnOrdecIrMkDKyIueiuYDS9876Xl8FbxliZi3/2r/34ncltRJVFC0eqGnOpVcxBi6RJaNknIkzUVLLxQfL5avLe7WgjMMPXf6i7Y+pQa2XzLIMFHFVVVLFdn73eW7lbQuZEkLs0NSZmcWLlE2ETMkShkkjfekzExNxMTK5dGlYb1bz5VnW7vz8/IMPfm0KYi6+UNkwnDg3dN94KaHj5x5PcYGGE9rhkGyLeq1X2IEBORdtgrK9bfnWxNsmvJe4GU8UAFwcc3ktlYByqxNfCEJtFeWjX/3iaG+2Pj92zBmac0cChuScCRCIB1fip7GeuJphjsQIGZZzJjMxZpZE1henELFnMrBxoZGbEgGddT54Q4YamWZNmsFcWqUXHxPGqmyFuVOwxyLaQ0PBBxVsvlh5g7EyMYbsLPeufDYrpcNCSiCwUskHQGClLLToN5uikAmscK/7O6aDyCAzNCuTDT02hywLaS7t9wRAHxBnsHEBVJXUUNptkRBlwEFbMi7di1POTkRYCOpEGYl2soRdSkmzicOQhheQFSFTAjMUmYhzGvCAfhe4NNm2m/EuOrELA+3ODWG2oVns7oq53KsPTzUCpRGbXRjhfvyWYoAr/tJuMP0cb1ZAT04ePnhw770v3b6b1qabs9N1yq2l7JihxGDnJDgffVW7yotUvhTPqpl95tf1dM6dV8wsd50IqyOihK7kNJg097R+R0DB6tUG+W8jM2QQ2YC2wqy4On0fyJLzV6M+Ya5GDtDS8reP7BhFbqe8ERh4RKpKYFAud5OoPGDLuYi50wAN7dh+2xElv8heW/kSuxxLPuEOyHAVwixMzCwMKXHPAAeoAeAtq68PglhzTuLYOf/lL7/bF6w9scu/lI3fvpim0NUF8AXt0bPqv555/HN/3U9/+lPn/d7BwaMHd87OzlJqnHcAd01LpaqWODpfh+hDEO+dZ9JUpNV3v6B4t2W3LuPK1AdQuhpmdDl7o4ziEuWkxGKmQui3aadA3+zW+nC9907MmGkXBeq/vQ9SqQTNqgArgJJn4H5OwwDNKpDBAgA2WAOUfO8QhA3LoCSYL7DX4fsg2JnZ212gGNg+gUdWHPuEncenQCl+KI4QC4uwYzjYRZN3vnLnSkaFWZ1RrOLk1utvff0bv1M2vfK4lZ5743uO8azZ/6xI4Mnx27AAT9v+X3jcuXP3d7/+tfPz8zt37jZN42PcNAvVVCjMzOyJa+ej906ktNA2mFkuVkBe5DuLX69GKXWF989gIBFxhhNkGyr4pNxAIzMbCELMRGbI2QAwC3bWwFCsMgSow0tbdifM2IoGhOWcBWIXFqAXfABQmmXvLoPymPt9/dLF7MzRi4VRyufVMLSPLbGW8a4d6D97u86GcbEABiXjoSiZYczqwG42u/Znf/o//v63v+tkvDhb4NN6BX3OUWb/Exf8YuOqNuh2pj41xr2SgNwua6CnBD/tcy72pCub/VO3/8LjKiD2Nr304MGD6d4s1tXPfvyjxXJx4/r1xfI0a5MV1iYBBZK90WQ2muyNJrPpZDoKFdlmtUipISbLMPQktpQzm4kYEanIhbyCFTvOMKZcEHfKWSWXHToDMMpkbJLAJOJNDTmrKntHAJh6aYpLrAorucn+OQ2SPiV0BlD0dAcFF1z8rxAvcqayBoaKM9vdQRUgUiJmKlhKDzmRQz+tlUt8OpxN/xyNDB2p9o8s93c+ay7HFiMJYfE+Rj+a1tV5Jetk1nRdUu3Rr3719mk8ilU9nRywCz5O/+y//fPf+9Z31WS97kajiVm5HKOndYe/MhHo8g28cqQQgUu3nh782T1gS/wnuohF+1f68mLd/dhXMw/Qj5zVB+66dH5+fnTt6Je//KVq/sY3v7lePZ6fn2w2GyEQICAvElkiu1GspuPJqHKcGvQFJVqKpanoZspVT/epo3CNzLjkgEuaCmqgBPVA78eDynMtBWHoCf7UFx+qGnO/+z/L09vyt6i0ZiJWM1aYYEBOc2mUB7rICmzfXUKJwSHvV9qFuTO2p04sIrLCmdPilhCAko/YwYVT6nJO6bNaGJWJ5UhSk2UvfO3r3/rv/uzPD6+9vlh2p/Pz5WL92o1bBTZ5njv/nOMzfZvnHM9Wh37B8a/n/Zdx/OhYc/633/3uvY9+/fhkIyIxxq7ZEEBEnl30oQ7xcH//2rWj4KmZnzbeA+hSJ+hpniLcE+yvnsmlVVHmbIZBtewxBjPuaRFWyAamVLjpA6RFYCJTMgwMfrPeSmNHKvTKyFnd08hhpH279t7l1kxMYDa2Ph4ABqdCgYFkwU/efN7OlZ1/IiD19Zk2rJ5CC7XSTdu2b3FOioJn/3E7s46INGfxvqrGMUz/+E/+w9e/8fvT2SFzdf/e8WLZhWo0m+7DGMhFBZqIipf16dT/zxz9rsH8QkHwk0bg5VuAlxLalyHCpsZE08ne+fnye3/w7WY5b9tU15P52XHbtigBI6tjOHFxXE/2JvtH+2TarRdb3yyZOutrnTyHz/zeonFS0J0yFYpIvqkplWQVo2zUYFJY6ksYTfpHS3qBpxcC8hPxYj9sSEtvjUARZC7+FIiKL6SAaolmMpgLzMqXglpWBQ8+/5OT4vKOQ9RDrQUY7J72Doi4EHr2MhsYSqbEhJ0MtBOXNS8XiwU2f/mXfymuunX77SpOYrV37fpBVobtzrEXLhF51riI/r/YcExWisGBK8yRi3m862aVwu3dYGD3FK7s6/TiOebd0XsFTA8ePBqPjg72bv3sw0/29685SQ/uU3AuNRlQR16cSGA/rsfXD6/dvKHNplucHasaIeXseBvelQ6QgkzinCmhCMaxFJ4/ekVO16vbiutVTHiIQEsxLYuZiYkRoxR9GRdVEhuQ8q1bX8pfdskXxf3vkXoDlHcj1UJtUiUj9P+QwUxl4y8KOlRaHlD/RJhA4L7mwCibGjPQE7+BXrh3KDxjAgixn/2UqSTFzEqNf99Ph0okoMzCoBicJxZhyokYvd3or6OoeFCIfPL4+NYbt8/mDx9//MHde8dHh7e+/fv/zvto5lJuTZWG4KfQQp586CVa2P37xe+7lb1UnmahoF/M21201Xal44ZbTFRo51r2nlc6Btiu7+lk75vf+L221b29oyDtYv6g4JviRFMR/hdxLk7rG6/d3DvYXxyfrDelezl2d53L1V6XxhbisCJhS9z3Zdnyp5m3OijFY75SLPbpm9tAUgB2EovPOFLJeoTnYtmo9axf6SvIuGDujML4LAargEtPfnq5gJ2Mr5j2qSHOQM+S6kHMrdAiFe1HL957z86R8FbszcCXfRiGLs7m/+9/+r+///3vK8iFSuG+8t63rh3dfPON95gCyK5Yj1dhvDSThKdt/y/rkw+PDt9++20AR9ev7x3ut10vJZlTBlAkar3zN27cuHnzZlVVzLRerbuuM9MrJqgAnNhx1fr5LUxSaiqZRchxUXKGMAZZlH5TLIyxQgvZ+Wz71DrJF83XPMVFLpuZWm/ICm3I+vZnT61mBso8lh6eZ8fsuFRFwPXNorg3Xxhkf2wIAFhYnAs+xBhDCM7JpwuxpJwLWWM0GjHzZDytq6ptu+Pj402z0qz0UpMAn3uU7YC2eNkrOwpazkzT6VRYqqoKPjZLXS6XvU037Vu/iIiT69evj0fjbrXquq5t2zJFhNlyKvxLJeSnimgWwL5vRcqD0hv1tANhsAClsBFKIFZlLdthQVe3RsCGCHhX817VwCVdBeApO3QBSZ+UeLhkBFBIDii1NICV/AJpn4Te8lLLBQF9VQJBStco3pHUZbGcUVwe3SoaXR5ExMziXJn9jpiJCu3qqSN4nxTOSdumWI3resTs5vN5s7EYo/fMFPLLzgZ8wdFfFL5w8LqFt/E0XKWMbdoGwG7s0Fd57jyAvl/d9rwITdOOp1NPXbuiNuWqqk8fK9Rc8IFFTa9fv3779u0Yo+S8WCzX6/V2MyMg5SxmROSCM0JP3VElohBCVVWOvRNxvWR5v5cb0GPqBsBCiIPuA4n3n2I/7YImesn7xwBf2HB5AHJK4hwATb2YeC+3aLqL4fRvV9vmBC6q4fpbheKqpWTOoXQXLq0GiIWYxIeubQt1SBkCtsxgrauqbazL3faplCVBzCQiAglcVRWLMJEPgdoOgzIXMxMY5hTOOcdwAEIIIcTXb71548bNuhrffv32dDr1nrNmZtretyscniu3aDs3tsbwMrtz9/in5BYw5IOLt3/1dQBgsL7SFmB3OCfRR8rYbDav33r95/981znJWQAQU13VB/v708nEmBbr5en8rNNkZprVVNlse79274WIiIhzTkQciwTvnIcw+8IdK2MgZhN6VVCgyAmWrdwIpe9LmW1FE+5qNnZH2kTpKSbgSTTDimvP+sQyK4JyBR9KxVKB2Yeivkul/RJYekU6dhkKgnfSNI33ztQUXFg8BLbMxqVaZxA7ujgHJSYIFyAoeP8k8OJElBgmDGmaRjzH6Pf3D26+9qXZbH88mty+/eZkPPOesyZT+vT4p7/jL9jn61M+5zMV0t1L2f6vjC/m/fdKC1dejTFqajXnWFd7+9P1eg3AiQDKLKPR6NrNG/VoZGar5Wo+n6eUe6pyzvw08gUR+Z7w7kII3kfvfS9/S726U6nt2J4WOSklKcKOhkpiI5SmL8VZGjQLLoovt/f2ybkMbJG33TMkAKZsXOb/QLPtYSMGYFyMUtH9JzJLHbEwgU3BjujCocnOe2bWrE58ThpjZEaXWkU2EBFbVzZLGhyhIXNHDMCJCz5MxpMYI7P01ouJlGDoupRREvgmzu/v7x9euzGZXbt2dOOtt792/dotgL13uWTTyJ7hgX7aeNYG/zzHbI3AFSLG1gi8whag+LYAACOsm6aOEnxYONe2bUoJqp6ZshJRVVX7+wcC0pRS03ZdVyjHGWYEs2Q9vsambINChnOuLAAR70NFLnBwKK1fBoSxT98wbatnqEj+ww/nCRMGEYS3GrdPFq2XsbsGdgPCQRaqLw3pk0Vq6OkDtD2mZ5WilHKa9toulJL1sJXLYibZINmJGPPxw2Nh3j88cp4e3L9/8+ZN773joJQK0ahTMnJbKhuA8qfm4pKJOFeF6L0IGTTxEGoQU+nmp3BqoR5Np5O9L7/17jvvffPma2+FaqKZ27bNqqZPA6eePX5rRsCVre7JLfJKvE8DGrjl/V9xbS+OvPwiX3IHrEfNS5ywU6tY3ooBq9a+Lqx/2QDyyAxm8jF2KaWUKGVmm3gfWW7duvX6a6/FEM+PT87n82a92XRtm7ukmXtJw6K6AACF1F7a6+acU0pt6jbLhgJFZfbsggdRKYZabzaqWsUKZqUFgXMC8aWYuJyebDnxWw+haDcUEgRUC1QOGHKhuG1r6IiEqN/PS8RARApQzky9NL7zzlRVkbOKMzMr+C7EUk5NlxVIRKXIKsPGo+mma+988kmM8f33f3Xz5s133313HEb/83/8n/7iL/4iT1rjlDqt65rYgaDJnPi2ON/llNiROB8qA4kyBUzH48AuBFd6yyLngikT4ELwceyr2X/z7//7r37t31y79uZqrcY+NwSYZ9/HYejzkhdBENt2im/LKzHcwz7FcDnxfHH8C66NS7msnfe+ZAvwrPD3aYc+3SN4YvTiTaW0RbKGEJqmSSkF5iAi4L3p7PrR0aiukVJq29S0OSdVVSUzyqalsKYkWMiVNnVizq+71Jmct8v2ZLnOZOSLKzzbnx4eHR0cHUUR86Pg3aZtvfMsAFHf7Yt7y9DngLUIoZPsXpTqFUJW/zjzDjnCrGhZ7VjwocEIATBm1q7EM+VrKKekijalddsQ0cnZ2f0Hj35z/0HTtZvNpm1bYto7OFitVmYm7L7+la+enjz+P/63//2b3/jd3KUf/fDvXr91+2c/+5fNZl1V4c0vvf7GmzeF4MirWIe2tHVi9iAj8cQQ8SFU4/EoOPZCnPKQ7FMj6rquS0s09qMf/eiTT07f+8q33nrrG3EUt0zTS0/zFRuvoAv09BgAgKmpIQQvzKVbcMFyp9PpjddeqyfjlPJ6td5sNpoyhlpBspL5ZCM2MITNcfZOnPP11MSrWnJgCiTOOw/h88360ccP8PED8f7a9YO6HjmRelQ7KQWyzovrdyODmcUYe71T+JqZAAAgAElEQVTy3jNQMrBp7rR40wwMgGVJX5mZMjMxKbQEuzRcI1iJuE9xDeR71WxKqto0TcrZwCdnp/cfPfz5v/zLrz786Gy1IvZKffaAnaOPPjK1EMKtW7d/+IO//cHf/u2X3nzz4cOH/+v/8h/rus7Zlsv10eHRYjnf2x+/9dYb/+Zb3zw82o/MwqzkSv6EnctqJJmDD+PRZH/PV9E5T10WcIYpQc1UUzbTTCcnD7/1e3/47jvvuhCetj9/xux/MsL+LYyXuQBeYPt/gXHJUKgpZYg4Jk6pa3IejUaz2ezg4ICIck5t2xb7QKqWs5mpUek7xJBMkiWwOBNPEu88OF6s1qeL9aY14pBBSbOqivcuBvGOifzHdwFMJpMSaYzH9Ww2G41HNw6vBS8iklK350YheOahLyIpWTZoTvmihLoPmblPoJr12ox9tDFA/v3vfRlhqaJUzWqmpRdal04en5yeL37+y1/+wz/+ZLVcZqPFauNHox54ZUqrFRPFGIXo3p27//jjn0yn09Vq9Z//6q/29w9OT066Lgm705Pjugrr1fzenU8e3LnzR3/0725eP5pWvuTOSBwRgZM5bwaJfjSdlIRAuSIzY0IyI8viRJgm0/FPfvIPp6fNu+/93jtvf+Vzy6f+Nsdv1QLQMABczgMQBi9NqXct0DvSxERqUoq9YUxMpalgGVVVTSaTg4MDEZeJupQ2m03Xdkk1w3KpU3ERpOQDqsij8cliefbo/vmm2yRLigTJvaPCWog62lnblecXgt/fP3p079FsNmtO5mVaHu7t703uvPnG6wXCpzuPvvOd73Q5eR98YNXkGEgts1hqtWs1ZyCxgYjJBsfATC1fCZloIPBd1vUXM2ubrmmak9PTk7PHv/jlB//4Tz9bNxs1SwrvnXZ9n10jMHsS1s42qenSwjG3683dT+448ccPHrZdq1m71LnSCVA4pe6jD97/0d/+4E//5I+/950/2BuNvIgpZWIKUURJeBbC3mIxGc+CnEbXtjmxocmZmVTENJt23/jqe9/79//DeHKTrE6Zt96g7ZB48s71FuX+/pgnfP2ti4hngDw01AakPn9y9ZhtDwESulqMPIxX0AV65uhjFybxvus6B2ORw8PDa0fXxuOxam7bLnVdzkUf3BIsM4zYVCX4BMyX6/fvnrQpt6lTOBKfwArJ1Fd1AFCiXj7coIQu2fn9+9Pp9MHZWQiBwW3bbtLjxabrgI8//uS73/2De/fvNfZ3e/v7b755exZGMYSUul7OhFjBZmlw69V2kjiljcX2AgsVlIak1tYfUE0Ka9ebs/P5gwf3f/azf/rVh79p22b3c7YwhpZ4xzRrB5QyF82UFNZaC4CYhMgF3yd6SUg0Ou/F/833/+bnP/6n737n27/7zd+Jjp0XLjcQCrXxbHpw7bC694AXC8cseZAGM2VChv7gB3/rw953vvMnoSKW0edAPD/fuNIv9YXG/w8WwHYdMwqRz12/fh2Frgy88cYbR9eOYoxm2jRN13U5p2TamnamLUwN0buN5uWyOVtuWiUjz65m9pqRLJsWXpiV2nYF1LhPBhugjZmdnJ048bWOYqy7bNmSLVcq1MA+vHfv8cnZqtPrq+Yn//Iv03H88lu3v/ruO54pd8lSY21LqQscCMRSrqXf1XYv00pbGM3YWsjtAshIOS3m548ePPjV++8fHz8iphjjum22b9+iJUxlAeTuMmCSzYoXViIo5yVr7rrcAVU10pQe3J1Xwa3i8q/TDyb16L2vvANF9A6Wzbw4m0z3Dg4Oo/OO2ZGxiFNLlDFkS1ar87/5wQ82jf/jP/4PsUhpfV6X/sII0JZe8EzZUCYqDAsixgt+4yu2AJ7dXbh0/yy/Xr/2mvcjapc5d0fXDkNwyZJjbnPXpaRF/IhYidUsMx6fr1dd06Ss7NsCgSYQpeFLzYyMkK3Uv3MRLOm3bKLi5zRNo2ZE0ratCIvw6XxhZp/cvX9wePDw4XFVjX71qw/feedLf/03f7derd798luSOkqaO6UuK7eRibyUYgMi22a4+rNAL9+/WyVchqaMlNN6s3h86khGVZ2zLRdL0T5npj03c6AYFDZbysmy8x6AqQmTIZuRppy1oyzRh2o08i6uVktmfuf2m5o1Vp4y/eX/9Zde/vydd96Cc0YgMSLyVawno9F4VLxYHso7yzkCKs7NZrOzs7lI+G0CPiVx8/mMgNutRr3kj8qOaSZC0auhz6DyXjktJtolAA5+e5/LvNi1+gy8gUqFXkn3D9gtK9RES+tdAHxwdCvG8Xx56iNPp6O9wwMOLqWcjeaL88dn56umTWpd1iZZa7ZqU2avErWXjuxn2MUtY1GwsfRaVCgyhASAMgd2ZszCpLZazAFOgKauSDstz88YenZyJmRC9tGHH3uhv//7n3704cdv33ojd52I26vDhNe1YBpHIfhCZVcmyGWJG2Mz0x3ZfM1Qs27TrJab1DaTqlr5eJLNp3xtOm27NpslUzY4IyFSMIBsZEZdTsmSc9I066QqTtq2E5a6rpumiTGSGhlE82s3b8UYhbnL+dHpiRNXR//jv/vR/mR86/brEBiLOKGcZ7NZNRoFcQvr+lM2yzmT+Koevf3e17/9b//03Xd+P1STbNRzZk0NtoMGP2P+7GR++oIBAnCp/m3IDXz62N1WdmgvzKXYzXYECsz+1SzALhfgOY7e2e2edX8MDAWxAj7We/vXFuf3nAMR+8oXmmebupQ0qWWT1vImy0a1A3fsDC6XGJcH4VvrVyQAU2RTYjAzeNAZ3+3iVlo0D9oJAHKXyou5y6fHJ0y0XMy98+erRVWF9XrZbpr5o/PrR9enk+nybH6t0sM6eGNNKQQnTsDEhryzAEy1yLcVo69qqqZZLatYjsLTKqbJyI6uzauqqGKZmWoCLhaAEVRJQV1OSXWTNq2XbImZtaono1HKmca1ae9jOCeRqAIRSIAbs711u5acT+7c//lP/+lgtjc+2mdkiDjxPtZ1XYtIn/UrzSJd6LJ+6bXb3/jG7712682kLEZb5dQvOl68xcQLjX+VBfBis/+zRtkjbaCFGTGLf/e9r939+OcQZU+jOhLDctetNqnpNGU12mRZGTcqCZRIlDgbZUI2NkYupbY6kHPVSDNZYmMmLiTL8tXWO5cE6i1GsZk563YBrDV5lty1dVU162XuGkBFkXilbdcdHBzMquWikdRa203HE2jw3ouxedaUts+3rDpVNdNcGrtkmKmlDpqDmQmhCmF/ejSObdt6luH4PqWqBAN3gBq1mrPacr0uZARhXq5WYx8zZSLKydQUgCM38r72HqRrVWijqd2s1pr1F//4sy/dfuMre7MQvIHg43g0ns1mIQTv2o22ZqbECgbHg6Mb+4c3xtM9M4dBxvS3Duu/8PhXWQAvcfbvjp61Ydyl/M57X/+r/+f/NGQwxRhJ1ZS6LncZLaSjsARtQBtKyTKYFGwMBUvlC+1T3EWLWGYTS2RQVc15tV6nrks594q3amyKnBlQ66klOmijacoEXa/Xzkm7XnVdV6rIF/N5Eo8uC4xzJRVzarhL6DJPJwjJspMsVytf1EyzmSGrFl8+a7feEJRSigQXXD2JKbvURTKQkmbNRpvNRgmZoWAHJBBlS2omXpomqzrxMY6ZpaqqpmlS1+lAiBpXtThRTV41p652LtRV06Tl/PzHP/rx9ddfv3b7lhKc4xjjeDzy3ktfTSNqSCbj6d7h0etVPTVi2Yq2v/rT/wsugN2YYQBti1bRzgJQ7VnjnyfPp7u/EaFUxbowev3NL+0fXEdzulxuqmoEc2Z5k7BI2rh6QWr1rJ5VIafVZiPBu+iIqMtJRFSpTK6dpIQm6krPoEwap/Vo4D6xWrtcrpfnuWtNG920dT1Sy61pajcAAE5tYkPucgaISJNuUpeYzQVKHZOJjuIkcHTUZtu0gUlszFAyKf2xh1tVdHN7GFfblDXnLlHKlpM2raYO2pAmUSU15sjemVCbcg6WSoDG7FiYHREc8Ww0YS/Bh+BiscxqxmxN0xBR27ab1RrAark6PJh1zXq9PO9Wq+X5gjdrXaw//vjO++//av/a9XpvnLpuMpmOx5PxeKKPHgMgJidRIaPRtb39G6/d+nKTmZ03pdzmIb1zAfbj+WxCiWgLl3e31JR2ak6eZ1zeiEse/io54xVDgZ4xDNhK1ii47drxaPb2u1/757//vmYmCQqfLGWJPDrYf3NyzPcffHKSV8s2dV1qNpvVpm1S7oS5abqeSUy41KuZjYSdc0QkIiGEuq4rH8axqqrpLI67ZmlpY6MO1nWbpvJFe7lA7kbDp5WCSyIqE1hMmQxpVWEatA4BjWqzWgcCI5J5+J1HUBK+vUuTNXdIym2Xu46zoemQG7WN5ZwVSqzIyKTE8JVUYw6eQlTnOFYNsO7SJmsLQFz2Pols1hvnxPngnXeTWUppWtfvXbv+xhtviKPNZrVZre99+OGju3dOHtxv15t79x5+fPeTH/7o767deu0r3/gKEYm4GOsQYjlfYb8xahMvVu0PfvgTjje+8vVvbbpOqFT0v2QLQMRmL1NcCK/wAvj/uHuzH8uTK7/vLBHx2+6SN/el9qreN7LZw2WGIw41o9lgYzyWZMm2oAFkGJYB+8kP/gf84hcbgix5twUbECBLhkcyPB7OJs7CWchmk83eir1Ud+1LLnf/bRFxjh9+mdXV7G5NN8keNXxQyLqZefOX95c3TkScE+d8vh288gfwANTtwI1Ngq+efPLpN176jkQkTJDSVmK0vXt1+Nof/0mL3LRhUdbVcu5DK+KDBjaUJAmhJWYi1PeuSF5ABUPpu+ASoASYAECephZokCejfr61tqltVVfzxFjWIMFLjKoaRSDKCfMepItegQAwtuARGrULi6mozcCmyXw6y5iFqRN/AYDj8CZGVVUJ2sHMg0D0GgM0rYhC02r0ql5ABdgjKRJYJ8QVcEl2UvrDe+N5Wd84OvSqy+jbEDv8dbeaWTbWGGuZjUlTZ61xzjjniixbWRn1+/mp3b1nnn3uYaTZwf6tq9eH77yTrAzHk6PD8dH5GI1Ba02WZWmaEaKIIpEh95knn/nss3/p7IVHTTIMggjMhsOHdHv9iPZxF4E/1z55B1D6ABLDsSb7nx8qvPujD5ygx+CjxAsXHxmubni1gply2mjz/Muv/8bX/2js62WIVbXwdSOqieHNnU3LChrbtm6WnikaNsRkzHGdvSIoOkJUzABgOp0H6SZjaJoqANbN4t7B3Ws3KEvd6krvzO4OiQ9VFetGQssCIXoNIUQv4iN223gPwkCoEqLXtsJ5DEbEiqClunaWlSE93gJ1PekiEVQkdJV84oNKVB9i60E0hCZEDyiBqCHTkvOcCKf3ptM3b9+5Np4u2rho67L1Js2A0KOCUrusjo+jpON8KdwXkSQkhq7xfTAY9Hq9NE0zY1YGg4fOnL107swTP/2VR3/i83du3Ryt9htFRCKDNjEmQaSoEBFcng/On3t0OFjLsr4XYmZkbltP7/YV/EgArPtI1OPPftyLwHscoJv8OiXFB08V+ETUWxU+VmP/fRSudig1xBPl4Pf+UfSku/y4+P/YOk2e48fwLpOVjWOFJMvPP/TUZBlndcyy5BvfefWf/97X53Vb+ma2mEZte718fbQ5GgzV++XkkLTe7Odbp4cWFACCb1AiaIQoIlpJwzYB0rqV2lgftQnRR5ksyiqEGCSCGtcLwc8Pxu/cPcytffjsmVO7W4t7B9qUCRAbq0KtjyGERrvak9g1mDhMwHtlir5pGC0lbes1FW0bMMYyd10WrUQE6VhcMbagIlFijMoaY1ALrQaJUgPWZGbB3JiUL115ZbxcLkUiIxnbiCJxXVaWOWXDjDujNYPkLFviXl6AKIFECGXwVazLum3b1kep58v50ayVqGxM4p5/840izYskPbW1/fSjjz6xvdtSSiKGGpeb/iBT9RJjVNlZ31lb3Vpf24YAgKTQ6TsRatfiL3AMVNfuTReS+7m1TixNVbqjQYwn/U/3O0gRFFToJB44PjuX9ydGCbtOp+M+r/cPRemUAfRdb+qu8heyAsD96n89+dV/rhE8WCV83BwOndIDApJJmrb5zOe+9Np3/6xFbhv/f/3G1/anCyWcz5eIsDYabq6t7m3tTe4dtIv52bWVtWFmMRjx0jahrW0MEANJ0CARIwGGUPkoLFCwA8PgjJI7vT5Y+lA3vlW9de+wXHpRNIlzqX39+vUbN65d3Ns7tXuqmU2qxdwxpkajJ2+j993oRya04CFGCBoabFCLxPjQhNYGSk2MHYNIEYhQ4wNNTCgdhMWlyTJGLxpd6oWWgteny5evX7k5WS6ithqbpnKJySCeWVtdH412N7YSZ1LrnLEGyRA4YzsHSAyniSFnKbddyggAZvNq/2hy8/ade+PJ5avv1CLLuh5P56q6P5u++NrrKdGlc7t//Vd+6dELu9G5BsADhqC2yLc3zxT5wLBVtN0GtVNC6+SfPvowOWY+/rCGiCfx9cc7gf4EHeDjJkO7vxoeuzEpGCEDAKSxGwiAYKTbFFFU1MAPP/rknZtvn75w7r/6b/77u/fu2TQ5ODhQ0FM7u6NhcXpn8+1XLm+NRnvnz/QTglAuJjNCJYkQooQQvY8aNUoECSC1b7ttrYSWyZJhIgvSrihpasC4M+sDH3U8XxxOZ9f3b7Izq8OVtw/vXrtz+7ELl5LVVKu5UybDUXxsvVGAEGxHDCIgFNRWokTvJLg2eCeubVtk5vsk7E6MCJVUVAVVCKSqvNcYbNIEPGzhrXsHz195q7F23CwIcDVPL1y49NDpvZyRDcc2NIsp1CIhtiq1iCEwxhrDTZo5x1mWm8S4NCHLxjljkp1efm516ytPX7J5XoN5+a0rv/OHf/hn3/1e6f3R/n6a5ks2B6+98f98/V9+9cvP/Y1f/ZWDMlSRFdzqyuaZiw8NVjfBpiGCHMdsIiis8MBM18223Xffp+Zygnj8UWraoOuiPKkQ++j2aQyCSSFSRz/o+hmhE+UlBVZBBVTRoMBUNf5LP/WTB0dH//IPfr9qm0YkqJw9fWrUzx85d+rVF56/sL1zYWstVd8uJr6a5RpUNMaoMYpo7MgREoPCsq6jRDZGICRJosc1ZQFDEAH1EJmNt8i42U+3109funjm2q07167fPJR44dzF64f32OvZzTVGMgFdbJCR6qYb2iJKjq1Fy2AIo29FpG3bik3OFKMDJjrpFI3H1V1wH/IpjGjzRR3ePpi+eW9+9WA8Fxzv7585tfvUI5fW09T4YKq5D35e13VdR/EdVrUr8iMiay0bWpZkrU0sG2P6/T4xWGPZ8NKlSZIUeW7Snrr8sd2tZ/6Dv1ML/pN/8X//zh/+4byqKStqxcpmv/XHL1y/vX96c3PhGYwZrG2cOXchXxmF+IAERDf9v9s6iz+wj/+EDBF/iCXkPQ5wQpvSqIoPYMRjlBOQFn6i59JwP2hSEiTSwIikwUI3FwJr10ISwXYJEHnokcf+l//1fxjPZwFhMZ+vr69vbm7ura+8/vLLZ9ZWnzi9zU0JyynH2qp4kCZEPdaWEx+layys6kZV06KwWQqEkclLjIoEEYCQEQBCaANG9RqizyUWaJ7Z231oa/PtW7ff+P5ro5X1xx994vrhQUHw1MXT1f41rJqMhIJnm0UlJmUGS5gQAkjTVHmSQndqTkqoSGDZiAoqgACJFZVIiM6Ax/358vLt/QVn18r6blPHsvyln/rpjX5mJWC9bJfL24cH3ofSN4ty2Uj0GgXBJA4AkiTp5UVhbWJt4k0vzVLB9nBsmZyzWZZnSYSmobY1SW2z/my5pLTgXv/X/u1f+YWf/Zm//z/9z69fv82curxfLuSlt24eTuqjhd8YrG6dvbi6vlk2ANEDOoPxuCEOtavilGMQ4rsUGQI8wTP/+cmcB5/wEXutHnzaRwFQfxpXgM5IBUWZgUOZkfSMrvXy0LRt69UQJFkFkZiR4ndfeUlAowIas7293e/1JwdHPYLHz+9xs6BqYaQWCV1WBxWihCjaxFDHMCvL2rfskjRNszwHa5Z11caIzAGwCTGIBwBSkBCwjoSapykpGBGOvsjzJ86durC38+JLr/7xn/zeF579Ygv8ze+99lPPXKpVqV4YhFhXLnFMyAhMyvQDhHFFAiRVAuJu6lRAjIrMqUTwwe8vl2/dObLre6+8+Ort+SRN01/62V8Ms7GNzWJ8dDQ9msymh+Ojsm6XdVX6Vgg8QivHynCkYBCYYHO0uru+ube1nTs/MNaRCaIhxLZNEsPRB9sE58W4lEMb6mouMUuS/+I//8/+t1//F//st35/pd+bTsdB4N6y5nyoef+Jzz7XhoiCCMAQYuwQGgEAyJiIiKSx4w/9UMWhD9L1PiH71DnASQehoAJJSEmGqVxY6zW33r78e8/fu3ujDaEBSFbXzj39ma1LD9+4deXG3dsetGnatbX10coaIxwe7n/5sUsmlDbWjA1q6I6nIxGyqkCtoYp+6f0yhmDtoN/r9Qc+xoPplLPME93YPzyYzlrEyIiIrILerxR5z9oVNhHrXFU1FOCzrOil+U999rFbd+698r1vPvbU5/rb27/37Ze/+tyz5c23U4Fhn7StEBKGaIAZFOCB7JY5FuECQmI6kcoGRQVLTd3cGS9eu3YjP3Xxz964dfNwurU5+MnPPVke3uxZvnnt1v50fPPocNZUTfDBxyDCiR2sDLMsM4lDprptmqZpqrpt28O6vPn65VevvfPwuQu7/eF6f+giWw6ZhMbYoNGFmAAkEhOVJKUwPQoMc1n+9b/yleDjP/mN395cHY7nZRm1yLM5kGR501QGjQUDGrhrdcAoCBEBOiWFk/DmhE39UUfCcYHT/48coAtg32WffJghIQuwhoLjdo6Pba9987d+/eDV70Izy0XAt633k8m1r732zXOf/fzG45+bzSbG9vOiOHPmbOqSo9s3VjK32c9MWZoIBBBAIhyTzwJoAPQx1jEumgZdUvR6Ns2PZss6ei6GR3X11p1btSL1hsmgd/bieUSyIurb+fionMyOJvO1JNkusrZtow8YfGjL4XB4fm990C++/b1XLj36dLG29fvffvkXv/Ds/mvfSWMg7w2AKgirKhjOWIFVujQRESETGgKyqKFrs1KMCrSsw/ev3RyduXj59uGVW9e2tje++twTcXlUGLp98+rVG9cXvjlqmkVbi8JwODhz/typU6fWR+t5r6fGBIFFWc0Wi8l0Ml8ur1+/3jdmPhm/dvWdcTF85PTZ9ZWBFYokqQoixg6zJcoCDGQ0pEUu83kT4l/9+a++/fY7L165NhqtVYHY5dOyfPva1af2tnPDCVGIIcsyOMYWgUeqQWvFqEmEVE7kp0D1A6ViBN8LiX8vvORj2MfMPr2XC3S/xQ47TYZjoy7H1DH5PkRi6MO2aHi83XsX+ENIH0ZJAyUhJYGEMAFdwfqZU7t/9Ov/aPzm91awjViW0jhVWs6ZeEDmjReff/3uWNuABiRqL8+bsqyn089/5lEb2lQRRFTJmoQYPfq6qoBNaJrGh9liUVftxu4GsJvP6rKu9i48BP3+d771rdr08vVV1y+Wvnrr2tW2qp0iEZ25eGnrzPlqVh5dvwZ1telMptg0jTE0n47TNN3q937m2c/96QsvnX/8GZutfO+Nm0+ffby++vJKZiDUFqKlxCKiRBOiCWrx5FQK+ZjgqQRBMEZneDqZv/bmlZXtU29Ny7cODyRWf+m5x2250Kq5s3/3ys2b4+Vi0dStSJrQxYsXT507VfQGiryoFq++9dYLl1+bLuvQkhrixJ17+NKTf/mvQAhxeuSPju5efuvV118/tbN9enenCrFIHAsYQCUTsQ1MFAyQSq1gjUTPgH/rV//Nl//Lv9fLCjW8vrl7eHDvOy988wtbX11Db5oZQ+uXseiPer01dCaiX4qU2Ls9rRslDy7ez2jLMQLo/seuWEhOuLvH/QAMeLxDfE/iHO9nRu6PmnddRQAeqK5/UDdA6Tg/dL8H5BPtBzh+rSfFw/KAPKbcp4O8//mEqKoxhLZNoXr2mYuvfuM365tX+mHBUmlbQxtVhDUYVSNi0c3KZdNUJhmuDIYxxNjURZKM8syGmlUQSY0VIVA0AmS893UTfOXbINofDgLgdD5dNuHUhYdmaCkdJrvnE5fYfnE0P1h630wnUlXoNQJWNn3kqadWL+2Zoh/uXJ+Nj6xvyRESOENGNc3NWpp95blnf/ebLz7yxNPX7u6f295M+6tNeeC6DF30UYFZfVu3TZW1icZEo4gEVkfAiCjQhBAXs8nVG7cCmUj23nz6+ttv/eUvfpabuVbLejyZHI3ruu1IhmvDlbPnTo/WR3lWiE3ywRDBfvd3/mBeN14BrQ0K4JLR6Quysqk+kE16STEwWXnz7t2bNxzC2uZaoOgxevKZS0AkShQJAgSCLMhKKel6L3/swqUr4yqRZDpbFL3enVvXrr35Sj4yA15Y1pWiN7BuVAxhmOjR3Wlofd8Q5NfHdcRUlLrW5b+YGtGPyKP/FMUASAggljWEOkFdcZxCfeu1F001o6Y0jOFYuYsESYEiUaTjzJVoHI1WWeXg8ODc2sAZ1hCJyFgLrDEGUjQATlwo515C7dtIkOR5Jb4MrfR6cXUk+Up+7qGLpy7Ol9V4um8pQDVzjmOLvo7APF8uFk2zUhRucwNDa9nE2XiymIi0w8wJihfhRK2Y5x458+KrLzz52S99+9XLX37kTFnODEVRCTFSiGAkAkpIJTQaA0iDkZDImAiGpdG6LZuqnE6PJF2tBV/7/uu7a2uXdjZTv4zRN+WiXMxiU0eJ66vrW1vbW2tbRb/QvPDZwKxuHx1Nl5Q1UpKKrys1SSOIvVGycbrxYn0z8jXRG3ZZh/lifHCYOpusDFqgFjF29Uhdnd9xSaYiQFMuY2K+9IXPX/4/fy8g1cUAACAASURBVFMzs5xP09XBYja5du2dx1YfGhSjXkr9jVE+7IPRl/7FP37jlecpK575hV994tm/crhYtDF2RaGftgrpT5EDwHHjbzSEheXNfvL2C3/m2lkaayZAthHQAgVSrbwARSQBKgbDNEuZqV/kKJHEr42GTb0oFACgAyQDACgYEWO4Cb5pY1BxWSoIVe2VeHN3bxri2t4pWN2wwjyfIWhYHG2fPnfrzdJjI6xAVpT665uD9a05cOa9NUbaChpb12VBKIp1u8xtliDsrRd372aHR/suy25PF6fXN8PRLaMVhAgqUQUthlD70IC0JJbEQESDjoECxuib61ffbnycUjiqxsv59Mtf+GkXywylCr5eLsB7gzTqFf3eykoxTFxh8jWzsob9dVxdqxa6BLJZbqJHjTbvLdNCksKtbEavuYYR+BWUpW92iuLalSvje/vDIo/kPWMI4Xjwx2O2nqp0okL1stxaXWfUtlr6oNPx4Yqz89mkaRq3UfQHWb53Gu7c+No//keTm1dyaBMZXP7G184/+bmtYW9xGEQiEH0iJXLvs48uR/IBDoCfWL6/u3K34bt/boIPgIA6Y9Domwt7F7/7/P+7wmoJhIjTlJWaupwvSmAriELkiuLUuXMbb966uz9HDSrYVMvC4WJyYLBRUrYWkZyzAuQRY7UEMm3wPkooGwYGwdFgZTAY9NdPu/6oLYbOusTmXLVFu8R6Ntw9f6d6EyztnT5/c3L00BNPs83isu5vkGEbqrJqKhQ/ny8xCWuDYWhqY6NW9entlW++/talR56skace+9aFtnHoAYS0kUC+LZs2QRhEXzVVGXxMd08laxt1FQ+PDsZH0yOv2w8980e/8/Wd9eHDe1vrpq7u3Wuj7ztnFHtplvQGg7xPgUBTMau+2PWDdciGo7NFMtw01d1YzkZrI8+ZDkdrOzuc9wtBrmaFMXt7O8bo9OrNNMjlNy77svaI6my5rK1JbJJZl2ZZTs4CEzAzY99l4zbGusassIyhrshKUaQ24+Hqar45Wnzr+T/4jX8+vvFmge1azxitQjNdvv3axu6Xrx+2AYLcJwr/OMbSyUr1AfIL71ePfJARJPHdb326VgBBiIpEDBIQhNuSYzM72L9+9Z1JE4JNaqYaaHVnz8fYoO6eOXvxwqXHHptevf51ENUYe6lxKCjxA0UZFSFIjMcYAcIgmctGRW+96Ldpji5Bw8Flw/VekJg6s5zceeqhR7/88/+GNPGF737nZ7/61Z0zF0NZJ2WzgUMAXI4P52m/rMs21HNpU9s4dBJqdrjSywaFQQh3J5PtC6elHZNxpEHbGhBUSCSDGHxTMaqv6uWymjnrDM8OD/fv3lmU1f68GcZ49+6tn/vy51dSm/olMlSgmTGZNd63CZmUk8wlWdq3vfVYbEA+innf5kV/9+zRlYkrVlqbY29l7fyl0akL2XAdfJuTDNmPMkn8WlZ5nS9u3rimjbeD/n35ku6jYdNJH4DhrpDRMYlvt8+cvX008bWujYa9NDm1sZHE8Pw//advvPBtmI9hUbsMUo1WfJByeft6vhVYA0jXlf3p4sX9oAM80CT14zfsEEsPnFq/b/qniNhFiwAQmzpTdcYaNExatm0F2JLJsmJWlmT4qWc+61ZWfuInfuJrv/37eZYtx+NenjnDUTyS4vuyrYLgY4yqiCYhYrZ5km/mg1VbUNZvkKeqzmDJDla30jRP+qNJM5/Vwoqf/+VfuXDhHFS1H1e7g7ULuWl9ey/vqbWVElLSxDgrQ8ptmrBEJJALpzau3bumnNvskaNrC2tag4IaBQEkogbVKKHWiE21nI+PEmv6/WKxGO8f3F02wWa9g/ERYPjsEw8PrYZ5Dd47oizhwtkmRlYwSA5dykmS5N7mpXFCNnLys7/y7379N8z+7Rsxzc4/+cylz3/Jrp9qySWoKdEgTXKINnOY5SuDwSAtposJIho2aZo65zrVHOccWEZDYE0kQdXUWl9XDz/y8PR7L+8f3NscnX/20Yd5vvjWH/3e5PqVPIQIUEVgRgEyxEZieXB3FINTPa6PUPykfeDDFoEPtH/9K8CDm5/7ydEuOcsIEgIKFWlRxrKMDRElSVLkfRPAOL708CMy2IGiJMQ0zeaynzlr2cQHskyCHRKjA12RiKpKB3LuJcUgzQbGFlF7TFWQpPXLGCg0nGa9vNfvjVRj0U9Ty0VqGaSaTleBnto9tVJP5s4sCQ0gAzMzkY0gdV2yGksu+mYlz16dvrlz4fFpvbx1OHVDazJ03NWECyKgAhExM6BUbTOdjUeL1VgvJcZZ8L2dM6+/fWVjbXVr0Mf5QTWbl5OZBc4sJ5apUmlqaVvKohVJFYzE1Let9zbprW+f/pu/9p9WfgnOYV6IKxofYFGnsR3GsEo2VzJolDCxxhok0E4aNi3ytMjTPCt6PXaGrQUmMAwoKkiGfQxpngGElOShU5s5wjuvXm4PDvsmwRzq0CZFlrIyAJMhNl1pUNAPliL+126mw+Qfb/hVT/D9IA+qlz+IC3qQXfWeteID5M4fNDxWgT7+9KTOWUGU7u9XUKLE2FY9h1VTpnnW+pC5LE+KrGlr0ZYgsC2Kob832dg7v7m11+YDHqzZNJnMZ0Wvl8Y26/dlXjgKCcZOj0gYRTGCSggJcG4cQIiK5WJRGJf4uAqUVvXmEJYSbhwccH+lNO6gbKEJgBCgray0h+VseXQmcU+srF6wWN099ItZGoMJMTMGgxHxCaFKo6IYkSKnKW0MesNh+uJrLz1y7tL1d94whgfECMqgtW8LlRiQOCkGq9l8kfeK+fQwNwyhOaqq0fronZe+94XPfKbHLG1sffQhKGPq7LBI742PjE20rm1fTFuZ2dgmbtWI9LJFVSElgta4NDhQcE5sqsjtctVXu05WY+wFiSFqG0LTMtDKYLCxsZEN+71+v78y7Pf7NknYGWTWExY8cxIC91dXVTA1jKZ95uLO/ObVPsDG5uk+ROfLo1sw9TWFVr2gUpIOGoRoqVUJqGxtaPwxYwpA4zELiJGjxJNjMvgk4s/37AYIOzTxX0g/wMc0VSWmSHowna1t7V65/MLAcp4lWWVa0RpEFPI0bWp/bnPbe6nr2tjeoNcvF4u9U9thPknTtDGWUZmQCTqdUwKyxjrn8iT1MXSHwRCitj5UTTuZpmyTNFstirM729+fLV97+y0LOHCZovFHtWrjyO8WyeO94pzlZHrQTI5kMsG6TAmtADIJIqswqsagkVBibOphkc9mR0fz6cZzP/X6Ky/3EjIFMKqJgW1UVSUWsskgXQk7zjCDkg/ItAiNGLOolpsbax0fC5VEkC05S1me9ItsUTWhrur5JEuLtdV5H9dbbffv3ARkzoZ5fz0yB0Ff1Syt9W3RzE/nfMrZQWx0OfeLsqmWdVNmeXJm6/Tq+np/dQWdLQZ9myRsDRmjhIwojBBAySwqb7N+UJHgH754dmttJVTT0TAfIQ2khemRzg/DzKlvHCsiqiGbFXUQYY4++rpG/JCJUt9zOvbjNfnwkopPlwMokBATp4J692j6zM4pynu4nOapGSaJj3ERpBUP3huCPDVNWzXAGv3Z3d3bN273H7k0X04GqZHMJiEaY5iPhRMFyTmXuaSX520MrQopBIzeN8tysXRpglBHsSJF8I+vrj/80Klrh5Pbk8myXbKhYZ6tFsWp0SD1Le9P2sWiORovj46kqkyMA2cUScRJqDXU71J6JPZ7vdvjMSCng1EVeVK2Q0sOQ+oEpUWKaI0mSb4yxKIX2jqWC4EKrGmi9zE2td/a20uHw9hWSblIJUQRy9grekWWL8pJW5fV0hXZUXmQ9hzuFZcurG+NA+6X1e2rr9ZtnFazsm5JKQHZObc35KJniGNdTmfVYr5YLKaLOTJt7WwPRqPeaNiiujRhYzrZP2QSBEUCJiBz7cb1ze2dxaIsl9Xnv/LTYO1wc33T0dB7O5/Mjm4RhNQRWc4TsE5MZpKVYVlGjRbQRfjUKbN/2l4PADEARJVlBFlbSdZ3Qjm3BvPcZb7KkFrR5XycpbZazrBtDceyrc5ub735vVdEgm9by5g5i+gNI9GxNpFBFobEusJljWt86xHFG1YJ3tdlNaemtlGcBQ1lXs8gyR4djS7tDjAZGWb1XuuWx0daVvV0Wk+n88PD5XgsVeU0miw1hmKMTUtNFaOEEALGyAaSJKmqamVtb143rt9r4rjykhmJyhGjoFCSiHHBJkmWY1N5gbYNYG1UraoKmQYrq72NLY8SQojWLqYTHz2zy5M0c0ldNU1blYtpmyalwYUKzaYb69sjm17cW4/GTOf9sq6dSfppspLbVAMvpqFaVpPJfHI0nY6ns1kH3M57BRC6xLE1yAzUtfB0lXlgbELo3r5+Y2tr5954miI999RnuD1c39xYZaGjcbtcHty60U6OSOosMy5TSJiyzA6GB636yMjsrJPwwZHAJzv9f7j9RTuAqCiIKtAH5ik7eSAlUa2jPQqcbp2u7l13fpEk3CuSxaJa+nZ6dHdtOHzjpRe/8DM/Z9etgfjQ7tavH94r5wtRNC61aWItsIQONsoqiKBsNlZGpEAMolFiWyRFaELb1rMlYFrEo9tLvxhUq+XyyKRZu5+bLDGJ9QAsRArloiwns8V8rk2YjO+JBKO6NhwCQAhNVdfITFnWNFXUGLxHkwSNTdOsrI0OJkcmzfxyFpGUKRIIsTqn1mGaUn/FpJnUJQlKtXRFQcYuqxLRkEti5nYefhjJonVeAaplWfp+vz+bLZqqrpbTlGEMkqgWglzXMJ+CSyHP2Nk1NmsAEhfckM5i5Wto6+ibg3v3JrPF/uEBMV945OH+ylARiEjYIFs8VgtnBREAQQpIwnz58puPfuYLr7/1+tPnz2zkNgG33st1fHDt1dfq61fC5CiNTZK7tIfBAq4MeLieru1NjoJAQWQezMr8wFhn5hPU2EdyA72f1//RdGU+XSsAgrAoAoiiJ3N9Vp0//0i4ehnamYk2Q9fTONc4Hd8brQypqb7xtd/8mX/r30lTXM3dMEsmR0dpYhdlzYYRqAOq07GwKBqEiJClbhDS0BYUY+MDUPBeyqYGEC+JR7+s51mWpWnq0sQlSRc8oRIplfOlDz62EWJQCQaVnCFENuSDoooxqnUMxsSgIQZWZSIAyLJssZylRWp8Woe6ZWjBRpNA4jBNMSuoNzRZ4XrDqNouppykSlRWVVbky7bmXi8ZDlZPhxhD1TbGmKbxTdP0i573flYux7OxBs+AoalXFrPBfMI2MVmCziRZdkLUA0L1ddNUZdM2s/nyaDqmJN05tTtaXytWBpZM7MIlpk4iWwFEOxYTtCHe2r8bVRezicwmX/mln273b1y9/L3hk49Xd24blVCWCWtCnCQKDqBIebRm1vaOWrMMgGQI+c9V7f2Lt0+XA5ACY0AFUhPRLMRAb82sbFB1oFgx1GkweWuDQizL02vrb7/8Ehn35Z/75VOjwfZocPv2vYsXL47n5Waeo7YdV4iBEJCURBVBssRG70KWguiiXGoUAB9U6uhjAF9Ja2VZNYm1xpg0Te8n71RVAxz3uaNmiUFSw44YlRA9CET0EFTa4FXbGMC3bSAbg2RZvpgvUSVK4MSV7TJPXTCppjllhe0N0+HI5T0kKGIr5Wywtpr3i/lykRfF3YP9KsZxXQfC1thiuBJbn7isl/vVoZcY2xCWdXlYLlvgWdMczOej+SAxNkksW0Op6XSXEACCRB/btvVeYhAytLm9vb27m/cL41zwXgVEpONnkwCzO85SEyHyt1/47nA4unvzxmbPPro1vPfa82dHPath4+K5G7dviASTmMQmnKK3MfZ7yeo2rZ69u6A6ABiWDuGOx1udH6X998don6wD6LvpznfPpVBJP1wHAJRAQZBInEc9qtvB7rnl7C5rZXzjjOQuNo2O79xZ20vXE/vWd77pl7NzFx69uD16/uZtevTSrGy2BmtAVTfnIYhRUlAkZSAGZGJjbWIaSVIAqBrwUZUwgtbRq6oljhKllKSqB70MTipYGRmBmNAQOmcNITAhKrACWBMtgGSS1FVNZEBi0/hoovdiramW8zxP2tL56ClIEEI2ZDOTZibLsMix3wMJ1O+70WqxtrW1vfenr3z/wqNPXH3n6uH+wSS0YTpzvjUgxMTO2iTp9XpBBQj3JzRfltP5pCyXKduqWjpjssQay0FESU5EHY+FCRB50F9Z295c3dxwWdqxUiUEQGBEQgLE7m93gg8jtNm3v/PiuYvPvPAnf/rv/dKX/b0bYXzvYHawNVoBZ0/t7o3feBUdUm4xRU+BR+thuFXy2jTkkZKTjcqn6xgY/lUO8J6ugvuPP3jgdjn+D2wJ6GRXAE+ILUoAIu+VD74PIYqIAgkAGaEO7bo/ma7vPDS5faOAphcjtKDeVG3ZKC727yZFselMe+vtG+X4kdODb739+mx+cKPyl3ZPG6opAEHLKoBwTPMm7TplCygI0djaJSatTNm0AiCgGiVqIAAlMtYIahNaQ8REiMiGmMgay8xMBpmYEEnZoDOWQMplLNsagAgpqihQ60WNaUMw1hqEaWghLFYBiCjLBoPeKMlyWxTesTo2SWIMmtAWm5M0fzP6MBgMXvzuC7/6Cz+bQMwttk3DKkyMTOxsmmcjRMNsnZst5m3r67qu2qWfVIhomRgwtc4ym8QxWyDK8zzvDbJevr69m/eLtJ+ZhLMkD6JonWFmx0KgxgChAKigKrSi33n9chvD9NbVVV0+d3rj+ve+6WdjtfTq899++tFHV2yihgNSZObEJb2Cts7bnUfeOuKFDgSzeEL6kWOG7A82RX0c3NT7h+LxDxO+77ondJIHi/C6mIEQAfHjrgAE+h6c/8f8WYUPbwbontPxDwUIgZqoqSlmjLqyre3Y1WXqmhKavnMB4rKpIgRgDMQe/Nre+TObK++8+f1LF565N52fyhIQD0H0mIkkQAgSidEqg7USHIgapARNYjtVbbmvT4EKhGrMMSXgGKXPbNlYa4koTTNDTAyIaAxF8TF6749lI6KCAAlSBHDWhSAMGNpKNaqoS5N+MRjkfbYJGQvWgLXqTGSGNIGiV6yuDwaD3a3t2fQoxhZ8C6yJI7RMERNr87xABRZgJCIyRHnqvA+Nb733IQSi7uucsrNk2BkyJs2LvNfr9/voTD7suSI3WYLMETSCGsPkLBkiZCFUYhHwMRIzsPmXX/+DjbX1gytX/sYv/MzhlctxNivSXp4lRZrduXW7v77Rtq1ZTbAw2Hc4XMHRmetzWuig5UKkk6F/z6n/j8t+xMTRj3ML9GGLwMexY+6PEIECWzdtq1sLf3rvokxuUbrIiiYtyyw2VfCBgxdhNGQY29qG9pGdnbe/9Up7vn75ndfXH38MySK1Vgkg0HHGgAwqG2RQCYZBg2FJYuptG7yckPk7Tn9HwegKFYiImLI0sczGWGbKi4KJiAGRRLwEUUTppHOxa78kZDtfVMPhKNQVozZVSRJINCGTpUWS9/JeH11iXNKpsgIRWpPm2XA02tzcvHDu/Nf/7BunTp16++rVJx86h4xJkkFsMElAlEQpqqGu3oB6MfMxhNCpf0REJGJiypOcjDGJI8MuyVySuDRBJtfvkbNgjRryqIYZrVVDYgwwoaAqWWNbX5dtvHzlyngykao5v7O23neTd+4ZptHmzt7eXpFZrqvZ4YG11hVpMnC82tPV3TLbPZgXC8g9JAQkJzUuP/ow++Hsw5JFn7IgGERBFbswACoJedo7auartkfpyJaztNcWdV35sWuWOYAmtvEh+pYMJ4h7/eGlne13rry+vrV7d7ZzajBk8DEE0A60AwyoIIhMbFLr0CUhhg4/6L3viMwnyOdj4V5iYuIO754kiekYO2yyNCUiYkTEsvSqEmNoghcURVCgiECJG987XD99tq3qlGDZ1hSVohZptjIYpFmRFX0yBpwxbJhNBEVEdjbJ0vX11eydaxZxc2PtlcuvPfPkozG21jhyGttgE5epqqjnTq+MooRjVLVIjEKIxKSESZqTNabT92VLhtk5dsbmKRnD1pA1ZBitVSYwHC2BdpAfClEiUmT87a//bu7s7OjoJ7/yE7ffebMPtHNqb/fsuTQrekVK9aJazDjPMU+kyHG4Hgc7d+p8CSOPeatskT/+Ducj2Y9+bvCxHUBVfyzVou9FvnS5xndBYtQdwbCpVBKb36pmT116Zvbi0mpIirLX+KqtoFnG2CRJNqsabXBgeNLAF554/B/99u9u7uz97h/98V/7xV8c9fo5ZljPWAMAIEitQQQAIc2cRGGDIqJqkmi724oqD768k/HfYU4pSZIkccZaADLsVIP3wSSuaisfYxtCHQNYbkoVNo0PZV0PejkAVMt5PZ8l3o/6va3VzcRlzqVCnPV6LsmUOMaOEAHg0qLf393e3NxYOXfmzORwfPXtK3/zr/3Voj8M87nJCBHbugamCF1AS+hMaD2c7KSZiA0zsRKqY2RGw0RoXIps0TAYAkNoGQyjZZMmZA2SAcMRQURBURXbEClJv/47v+N9OLhx86/9ws85X7fRn71wYWtnt7e6AUBKJJwc1WWxu2VGNj+1U+bDQxgd+X5DowgJKIsQdlkffc/294ExoPe7zz7WKPrRYdE/5hWg2wV10+cPAXURBHjvJkoQPJia02Xaa1e2l/uzrBiY5XyQZRBDIyFozC2pYwrN1mi7nIVnH3/s2y+99PSTn/vj77z4819+rpHgmEnUqIiCyzKJEQCiSMdIVpUY5f7ByvGN4Il8NzOdBMER1FrrnENgVCLkKCohBBEBjaBBYlRfNi0yuTTfn86SXh7aZtjr1eOaVXJnV4p+nqSJTbsAQIiF0REhkyIqAlo2CW9srO1ub53d3f3Wd7+7urX2re++8DPPfq6XZBoaBmGCgGBB0XJT1VA3nWIfnvTBGWOISA2hNWqIjUEy7BJAJMtgDTpD1rC1bA2nDpiZjBJGhaiihKIYDN66devPvvXtxWT8pWef2lsbxv1b58+e3jt7wSapEqtgHaGcLXzihv3tZC2bubyyG3fnruZBwBzVdaU/AnCcSvnhY8hPxD62A4gqiX4S0cxx3qkj6XUzhR53/0dw15f+0qXPzOb7VM+K/go0DfhQ+maJIExe29n08LEnvvjaH73w5LkL71y9/c71G7PhyitvvPHsw2cJjIlAEghALHaFq8cjvhOik5MuhQfu68QBiImB7yvGEDKhEokDAPWKgYLGoBIkBpWoGhGMS8uo+0fjU+fP5lm2mM+aqiSVQV5sjlYHvX6RF0mSGOfIGDIGjQFmRABkiMzOFv18a33t3JlTr37/tbzX/43f/K2ffPozkFlgKyRIQAzGGWgsJJZKC42/v83gTtSRCYhMngIhGUa2wAYIyRgyHAnQWXYWmdBZRFQiVQUFRPKIAbGJ4X//J/9HlLgy7H/1i881B/e2tzdHvYFXikGZWoNU17703q2t5VtDn0CFxdtTKmkUNUcgVlGFCPhuHvBTZh/dAT6q1/7AIsA/xG2fSAqcCANjRNMYd0+qfPvMfLm/Ik2S5QpRSvQaosSqrGbjydpomKdmUS7/8pe++Ou//8dj1JcuXy5S88SZXUQ0gkYFu+mHsBvRpNARQo9vEgEAHPEJmFqImLt6UkRm9+6LjIyiQRhYVWMUrxAjRGFkSgOlh/uHZJmNYZamnElTW4UicStFkacu6cotrUEmuE+aIQaVrn477/U2NjY27x498dCjb9666dvwh3/yza/+9E8WCaNLEMEgWGNbw5hYMi5WlTl5ixARmJhJiWyeIhMZ00nBIhNZA0xAeDz6mdHACbSeBCgiBEIP/Pf+4T+YTufg2//k7/6H81vv7K0MR2li0CzbYI1r2mZZlm3VFr1s+/QeF27mw81xu4RRFQugtEN5fxQ77pP612HmB9OmJ/0ArO+G7aRy3wFOCEc/CBJ60ENOxKHec+l/RfDwQXMDwQnWJRIC4KKNluHMk59/a/+GHS+zXq7QiNR+0YYoed6fR21bv9Irpnfu7Z45/5nHzr305pU3ry9XNjaVkyfPn5F2gRgsoqpEAkXD1jBqQoqkMYi8ezeEwNDx7k9uBBGJHmhpdRKaNvgWGMkSOyQbk9wsNG1auVsurh8d7u3s9BIT2jI0y1hVu6uj3ZX1zLokSWya2DRxaQKpgxNRypNbR7Y2JGY4WrmwtxeW7Y0bt1Z3937z9//w9KULF/e2clSDlKQuhkiWICjZmKYphhhFVBSpi/MJCG2SoCFih4YUGYiEWQmtYWQ2RpXQOesj+gBBMJCpojaR/+F/9z8uZg0D/0d/52/3LVKW53k/MUlbN1W5mCzmSw02Ty88+vDm1npQv2za2wezuR+02FPuC1qATgsAI+j9EUIgHWBKFZBIj3WmhNHoSd3ah+3pT7aphAwn1NHj79x/IMcnzQDv7QGgB2Rv7y+Vqh+rOvUjM7d+6Bjg+Pe878RQkdSZWVvfrn3vwsPjb72DLoF+wRgTcKGqmyA+6mRy2C/SjGRxcPfLTz9eLstr+0fffumVJO3Nl+WXnnw0tvMU1bDpdghEx7sZJCT7oBgbwwPxANxPYJ/cvqBECZG6eUGAVFSRbURfo0x8deXG7ZX19Y2NjRSwqacSfD9N+y4tnE3ZEnWNZKyGusEK1J0TKQAoQiRA5iTPVkYr25vrj5w/f/3gXlD5+je+sfILP29GgzwxpKImYAzGEjrgtsUgFGOXxOIuQ8Vk0gSZyDhkUmIgUmRhRDZACggI0jQe0CK7uvEmdW3d/IN/+N9ODidSl3/31/7W+e3VanqUZ3l/sLqczZso6uzm1u7K6Z3eyhAieB8bj5NKp41roB+pJ2QFSBVUUY6bXz8esO0vzPiXv/JrD35+vyf4ROJG4fjt125gHksrPtA6ffJA33+RbtcMcOx0iN2D43bgd3/rgztvePfKenI1RQBDggEp7G2v46i84gAAIABJREFU7t98o16Om9AKMXJWB6y8qEnBpKfOnr575460rQVz6cLFa3f2Z3X1zu1bvcFwfHR0au8UMbIBY8mgMgsRgGEgY6ylLqPITIaJCe//I4N4XFoHHbeQIIpECdI2IlEEqiZWgQ+qMPbw8ltXk7TY3dnZW9+QppqNj9rlfH04XO/1N/qDYS/P8zwd9N2wn66OIM+516M0BbZwLLUXNQSOSICE7KMMesUbb7yxsb3x0quvFP1+bzRAa9Byx2sAQ4jAinRCmj65EeoSoGSYjEFrkA0yoWFiEmOUiBRIKQoam1VegO3d/dnf+6//Pvoa6uV//Lf//YdObUlVUoyJy9KsaADccHj2ycd7O1vpylCRValtdLqAO4d1HVLlXuQkor2f0cH7mkKo8GCbtr7bGq7H4+1DJTLe/+UPS/zoB/3XjasHUk4n9Uiqn5QD3L9z+rgOgB/gAAAASNawb+vT2yMpJ1ffulwuZglnTz7z+YA8K2shWzbtF7/4xTffeouJm0Xpo1x4+KHb9+7N5ou7+/eccQfj8fb2VoewjBCICRGFSen/o+5NnyzJrvuws9x7M/NttXZVd0/37FgIEZgBQJBBAKQoLgIjTCn8wcGwbOuTFQ5/sv8f2REWKTtkh8UPtmSZpqgQN5EgAJIAButgtp7et9relpn3nnP84eZ79aq6qqd7MMAMzrypfvUqt5d57r1n+Z3fIWIGYEACJMDlGzLoAPGZHEcXq6uaqqQUU1KrFWaK00R3D+uvffd76Iurly9f3NoOpuO9+0cHD0dltdkfrPeqzUF/2KvKXlEOh2E0KjY2rVdxv0dFCd4DmIKaiUaFJCBqSGriELfW17712rcvP3P5b77zzfWdC0bQGwwACBCI2BEhACEZETKLKRCi80bgfGZ2cNknNmJENCYlBAA0BnPERZMQi95f/fU3/vk//196wfnU/rP/6r94ZmuN2rkHYPJFqBpJ1cba9rNXuF8lpjal2Op8lh7uzW7fn0QctFgmrhI6QzI9XsdXdfWjMwCyfDADAE5WnC2i5nkzRMTHD4AzuXItb5ibLRoQIAMwgNN2d628+eYbOG2csQJ/+ld/bTat948mSeTVz33u5u0787pu5nM0JMOXn3vuaO9gNpsezKb7RwezOrIvh+tr5F0yTaQC5ooCgBAZiQEp19EAEiAg0fJleQyoiZo07XxeJwX1xSTBWOhvf/jm1177HhXllWcuv/Ts5VFwR3v3pvv7peGwLDYG/bWy3Oj3BmU5GIzCYGi9HvaHPBxyr0+hB+zM8m0xENGYzExNVFIAdIRro8HX/+7rF65e/uO/+JPNnR0xCKFk4uAKS8LslMgIFZG8R+eMwYgUFBwhkSEmtaQC6ELhEUQkeVclY4Xi9r3x//Qv/te/+E9fvXLhQmXxd/+z37q03q9ACgTHjjnElIbr68PtTXU0T1FMY93Uk2bvwXQ6g4j9GkLEsqVCqUOynFKqTm2O1fC4TS0iwSL/+Di1PiFnW9fvOQBs2aAMERE/oAFwqj4eME//TzgAAM9eAU58YkQASMAgu+vV3bfforoe+EoAYt186pXPT2ezw8Ojq889x0V17fqN2LZgipIspk9+/GXn+Nr1d4zprXfeuX7n1v5kfGF3x7wXYAVi9mCgimZgoEC4GH248jLL1MaqopKStYZzhf1Gfnj91n/8y79+4/rN0drGxqj/+Vd+blS6w4d379x4F1IzYD/yxWhQDctys98f9Hq9wbAYjng4LNfXcDCAsuKiAGbroIOGBjE2KqpqlqJHVGlJdHdn+9vf+9aly5e+/a3XmEMTkw+VD0VSZecyMNsQujJ27p68IQKSYl4HGInFzJCRPLhi0uj/9W//6Pd+/1+i4oW1Yd/S7/7OV57d3ihVGMwBETIgl71y/cKm7xXJJKbW2ijzev/h0XicklaRQou+IZ/QKaJhntTPnNgeedNd5eNK4c/4y1OuACdG1sr7n8gAOLkBLv/6Yw0AIAAkIo3NxiBQM53evcepBVUXPHCxdWH3zr3bHIqXP/WZb772XdMEKpoabWqTdHFn47nnrv7orR+q17nF169d++G1d6fTtLN7xft+JrtAQM0BCkQ1eORlXRdEg9m8bgzGYt+/fus//OXXvv6dH0zbtirKKxe2f/OXP9+nND24f+P6G7P5uCQaoh/6ctAv+6Vf6/UGVVUMB2EwoMEwrK1rWXCv4qIAx8hkCKhGaCklSwqSyICdDfsVpVSQXd258NYPX2/q9uBoNp6nh+PJUR0xeAIlNAMTUzVTyNSeoKCGgMRE7H1QsCjaKghXb9y484d/+tXf/1f/x61bdy6sr/N89qkrl/7J7/zmdsUFQTubFRSAmNEBUjGquAySmjib2XzOMVFM927dE+2bK1suGqJIKETWtf0yXNGEM5TvpzsAspnxaB3C0wyAjtr/iQYALHwAXOwEoIulAAEQkBYxV3uyAQCImVtdLc0vrI3me3vtbFw6k9gaETJOx4dHs/nHvvSrf/eNv0nSgomlJLEeH+6B2mjY+/znXhmPDw+PDj2H2bi+/u6tb/zNt27fvsuu4BA4+IQkRkokgGaohgaUkARIgJV9AmwEDubt17/9vT/+s7/6+re/M2uipFSx++XPvvrFV3++tOZo7/6bP/r+3v17/V61VvRHXBbEw6oY+LDe6xW9ftEfuMGABj0/GkFVUllyKIA5dwUFMADVtrUkoIKaEKFwjpFS21BKz1283Ct7N969fuPGjfl8fjQdHxzsEyE7L0jRQIAESI0MWZESsqIzdkKOQ+/2g4ff+OZrv/cv/vc//uM/u3vvwdbaulfZrsJ//uu/9qXPfjqkeYkKbWRkACRiY1bWULBqI800zaccU4FYGF6//sDCloS1xD4BCaIQ52dF59W7fKgDAABMT1AputNd9RZ5AMVjBDUarTg0pqDd6raqpo/pgYMdIZ6twMCPcaOLtTongHHlwLZ6EjPN5cLk9+ezS5d31178xL7M9OguaZNmDw/qA2nmU2igF0YXNu7dOFIRtBhjZIP53t04n/THG7/9ymcPP9F890dvff9Hb2PZa+v4nR+8/p3XfxR67plnLr38wgu7O7sbo7Vhv1+FAgCI2BBmdTOeTm/fu/vG229dv3Hr4f4BovPMcZaCt1/65Eu/9OpnHBin+Y1333n99R8cjY8CunXfJ0Ej9t730fWJgyu88+acBedCAMrlKfkbdokUIoIElMnxARWYvSPEcoM2Yiv13MX4iZ0LV37ly+/cvfO33/3ua6+/dvPSMz/6/g+46O3s7Lz00ks7W9u9Xi+EYKbTad3Edu/g4PDw4Ic/evOd6+/GGDfXtjar/k5vYPP5Wln+xt//0osXdwOIb2cS27aF/Lx94VtUhXZjY2M6PYJZNEkgSr4YVNXh4RyEXLU1paEoARoBsaAQgCYAOFatY/uDJAkiI+aeE++d/pLO8rROOd9LaOFVnzgtQO5OkGt7DGCBPHqKPMB71MScK+cCPxaJtpWM22NkUVABAthYeOfu+MoLnzx4eDfVk9lsvzncm9dtTFArQxs/+eor9+/dtEjRwABIzcyayRg1NUeT/tr6r33m07/6hV/8zutvfP/Ndx5OZmKQGnjzzWuv//BNTQIAwTmiY8SEpNSmSMwuhCa2zgeGCIBfevWVX/i5jw89zo/2J+Oj23du3rx1vZ7XnnkwWivIk6lz7BkLpoKcYyYXKHhkZ4SniF1Xvi0RMgIKImbLBgnLor+5LZMJRUnzGNLcbW489+UvPzw6fO2Nt974zvdd2b/1+hvf+erXyHnnPAcPAAYUY0RCH0JRVFvVcCzjEBsS+ewLL/7Cq6+8ePUKpdbahs1AkuaCDANFaCWZ9xZcNRw8vHXDowZSRFwfrkPSew8O1FURQ8rNLzKr2qIv0vnyAWQDVHUZUF36zdmLftqjf7Tg0OcJIiqqARKQKSKVh82sl4rBC5+axeboWh0PH6bZDHzROpcSfOqzv/iXf/onzWQWozijpAKAajad1ajzydHB/v17g/WtT+xe/MKnfv7+g703rl27vXf4YHw4TS2ySyoiSUEdO2SUNjqwwrO2rdN23flnLqx/4uWPv/z8s4XabH//YDKZTo9u3Hh3Ws8tipmR4WgwBBESC8Teee8cB8fBc8jofJdJRzAvhoiA2C2jmcWRyRxhYnMsMRmBIVOv6G/vaDRpoeKjCvhof29U9D/+hV+K6K7fufvGO9fu7z9sQaNpIsytjrFtwcyYqepdvXz5+Vc/9eKVZ1+4esUBOkI9fOB9iLOanJ/N574sADU3ZhYwQRxtbIlxPa3RspHvYAjv3rt362Ba7n58QiTUFc4bPs6M+QDFlq3kf2z52RgA1s0uHcdXRB9C/+603ezvFld+bnx3b3Y4V/boihc+86oONsOFTXBBDJPm+BepJkUAsZiiU45xfHQ0eXD7LvtiZ3fn01ef/dzPDaPZeDrdmxwdHB0ejI/G00mUlh35YbU2GG6trV3c3lwbDHtFIITJwd70xttHTVsfTcaTw7qu22ZuEjUlz7yxtdUrylg3BOaJPTt0jjkwB3KBnCfHGXx2Ilm+YgczozEDExFl3coJXVdWxWAwWm/UFz32G0W1t3dfmqadHlzpFc+98vOuKo7ms1lsDICDJ6KN0cb6+npVFOvrGw5JVEEitVPH7MEhcj0eo5EAFj7kKBjkbiS+sBBGOxdvvH29hQIiNqkRkBs/uD6GwBeem7tBRJe1fwkkWSCbf1L1v7pCrnJq+jd96qZ6H9gAOBnBzZf4uOVIO/tPAXJ+8CwnKNtzlP1gIlzUyxO0gAD8YN5urz3/yV+7VB/cRZKrLz5brG08bP2l3talqy/OHj4E4rZJKUbVlJ8TEibR3KexVuVmfmN2RHSNEYMP1aC3XhRXN9Zwax2YnTMkSZbxzlSPDyYHe4cKIHEyPWRTECl8qIJXTSQoycpQIOKl3V0zO6wbNCDLOCJEJhe8LwtfFL4ssCyoLMgxIYMZJAHH3RfOsrAeEdHUjCw4F3oVDAdpOp3WTTHq+9Jv9ng2GRuCtLGpp5Caymy9qKqqCiEUPiAitS3FWDe1Y3ZFIE+SQNkJOUQH4JRRCBCZDAA0idQpWQhrm5t+48Ld71+r1q/U8zbOJ22S/salgssD12+pVAsKpGaLy8097gFyMx87pRu27EWdIUDLR00r2nJCl55Gn5GeqFf2ca+Ap68J/nDEzFAht9czEwUGIENqiR7GZsDBbZShwLcnLbZjV4RLwIP1DQ6enGubVs3E0KDrmws5K6+KpmJAxA5aSaKEacJT4qPcuDSX/LpkIAoExE0diTw7duzWylAEF5wDo/F06ggYiNHIbGN9e9DrpxinSISWSxYzqNBIgQwzX0UXreeOho0RwMDMVM1MUtKYRJImychV6CJp5gic8yE4QBBH/aooh4PeYNhO59PpLDYNK5BAmswFa+gViEjeIWLZq8Q5RhBjKLzmDAGC9wSGwIxGqpZaiZTUETiqNjfmAmNlKfreOegbKR6ZqynMqEjk0OhUAjdPxh+OoiwuAOBnsEfYeZJB0ZYdfEK1REsuEoCGXBIpsbBZxKKERipKwLyzczH4svZBbC6AapBWlhkyMM2BKTAwAguB80qeESK5Dl6FCl8pqkMmx4PKOedCCN77nvcEQGJJWsFajCsDQUJHly7tDHrleJwcIZkRZbpH0K5jJhiCImD+VUVNSRWIFAC7E5smWbwSqCEiCgEhSkuWHKv3DphZimSKvii4dAPpJ41ta23TcUmnJMEREWQS9lAiM/pAzlkI4HKtm8/N+SATQMzrOtbqIvqqGo76a+u3JrMp+do8UsHokZyBi4CScZc5utI9qdPPLttFP6F6yA9EnnYAfJi1PGbZE+4uwwwBgLxPiaCoQOI0znxgShrHk8H6FrmCyJsZGCmaqS1o3kBQCYEBiYCJmMAReQTHTMz9skJEJo+IZVUiomPHIVfDEzvnMi4iRZHIgAzokDySBxyO1tZHQwb2hgGJED2SQ8zIakbKF0CmYEqgqYkUakM1JWaHaiCCKXHbYttC01qM0kYGBEdCZrGOqVVRAQu+AG/OMJn0BkMQMdFmXntDTZL/i6iE1AkAM3EI5BkKb9RhP1BRk2iKJtDMZ/OmTiGFym8OKwzFwd1DdAPlvmhhysfE+SYAxwabmpE9UWTzJypPNf0DgHsEpNottbbQMwDQFceCDHAB3j1R5MNnD/OMsu9cPTpxnONTntg1g+dOm34EBmaQm8xEJQNyDgBEFQhnsQFUcmxg8xbq6C9ceq4/2Jo9OFjrDQ6OJqBkKMkUjAAVVQkAEdCMlAnRky+d986VZUUM3vuiKJxzpQ9IyOzYuxACLsilRCQ2AgJq5ktP2iaUNjVFcAE5eB7HNohKG9EDqYco2rRp3sRZXTRRmpbq1kLrCkdNoaDKSM5DUmiitXObjqGZ6axO07lDMlElhEAJNYLMYqNmrSb0Dp0vuMSuogz6a9A0DSwSiN0cnJOJzN4TOwcATKRJJDYaBQ1MpKnrWDd1HVNqqHShLEYbG1SVd++9w7QWUzDIcdX8XM1WW7+fiD/SyZ4noCuwIEgGnZl0QkfPqwnucPwrH1MX4Nfjs3dv8qdZ07KnsXKKXD+gBma8whBx3gpAP6WA1vuSE65Vl2pWABADNkSi8bS+2BtxUfZ7/f3JUUdVkh0vMMptM0xzeSOhMZAjYmYfAjsuCn88AELIK4DzzvtcJ2BIKIkILIJShHnTcp5hmSWJxIadr1xonBcFl2mA1SypxChNLU1NdWHBgy8g17InZ4RUFJAU6gjtHCdHaTKWydyato1CiK5wXIUGQGIyEUMAZiVk78BzcOXy/hS9AmABI893jHmpC8gAaiklwG54JJGURFJMSVQTABhhxmXEuk0RFQjBEZAiKGaevdMKYifJBD4o0ZOjIjdvfdqDPIaU7mfAB1iV8xm1AABMc16V7u/tXX5uc7i+Nr4NCrYUVcuTExmQQbZemJCJg/OeXeF84UMZgvO+CIX3LixWAO8dcV7NMhyEQA00kYH3wfnC+8K7djKZTSYzhw4IAVksmQrHllUYeDaeKIALpSlSShAFywql1cBAaCFoEmgi1Q1Pj9rDw2b/cHJwKKIhhKrf84MqsTMkTOrYuSJA4SgUGDy743LNJQJfV7jP8rRsZmaJxCCl5fYpNSk1McU21klSAgtYoAvVYO3mg4OMCvnokRq+f1ly3sDP3AB4VKxbDm3lV56Mx+AvrG1tvqMJcqMYMzBkJDBEADZkQIbMnouB2bMrXCY9ZOe9987lyjHnEDG/z2TriMdBNEQ0QhdCiG3wIYQwPjw6HB9571Wg0TSXFqIlU0UyQ/ZOVUMozcxJS1GKUWRL7LmDoEaxmKSu6wd7Mpvt3br9zltvE9FwbbSxtVWuDcqNdfHezIyISo+Fp6p0IRA5WGKoFvFTgqWv312zmYmaQkdVaGoIkJKkJBqTZIYLRkMgZLDw8MG94HttBFh48I+fg35CzxeWK4x2FtTZGfRzjvCYxNn74AXSMwP8TztBLL5Y/j6wkgfIttrKpt3Z7NTHuGICLUUNNcb9dgZgO89cUiYKjoNHOYaTkAEhBvaMEBgL78pQFI6Cy13hmLvaAyM0zEhjAxO1rlC6eyTMBN4j4rSe+8DOewCIYj968+398eTixWcagJnItJ7DUbs73BBAObC2Fed829a9dhiStM2UphX4TLPO0rZxVrfTucxm7/zozb/8i/+EiMPhYLS+Ph4fXrhyJYi44aAcbQx3LkARsAxUlECIXYuh4wzMwh1ENMjl1WqmZpKR37mtrKqlmJpWYm6faczAhVOAsj8E13/4cK6hj+xMVtDNanCsl3ji+S/YL/XE8z0GBa0qIiHpoiiYV3rMrUZR8RxGtx/T1npPH+BnRjqLkJao1fwpHR2ON3cvdNWAiMSEhhnXz4Ce2CE4AibK3LfdDyKHxGhdOc+TTTPc5Q0ImZRxOo/TO3dnoq4IR209nc8gxlxQj4hYz+ih9eY9iQ3GmgNLVeQ4fUqpbVsQTclu3Lj1rb/91nA4unDhQn847I+G6FkIfFUON9dHuxfdaJi8U0bMpfpdnGvxaE8ayohkppKL5lVAlMxMRVVMFAmZKA/gpJoIkdD50M61idhAwmIgH3J053Hy42QefuYHwJmiCA+PDp6/uDPYWKsPD8kxx+jQAwNo8uwcQmAOCJ4xOBecD84Vzgfng/NI4LDj3LTOtTjjJCv4Tc55M3BsgZPwdN6Mb9/i4NskRli5cG+8byYhhIrcfN6Cilqr7cwzSFVkQ4uJwKxt2zsP9r/5/R9xv7d78eLOzm5v0EdmDTza3RnubrvhwG8MpQjgHBJCLhWKAIrZQxRNizgBKigBmIKpWhIwM4UcMBVRFVUVZALvgoFjTpZmGo0pVL2H+0eAQcGZCgB/RBj9P1g5bwD81Dp607FdY/TBcYbRdNbiMztro627+g4iEbMTADVk5wiKzByF4Ml5dp47dk7HzrFDB13gHGmVfcPUlDJBNsBKYou4449z6Iqi4pQopllK1kgT1RAaThfX1udidw72Y9Ne2lpPatPpvK3nHqUpC88OEcuy9N7fuXf3W99/Xcpqc2dn9/nnQ9mbSlzf3hptbWxc2qGq0CIk78058M6AKIe9c1Eh5tI1s4y/QCMBM1VVUKRsA6mBoCXrqn4AEInIIHgyMQFMAuw49B7sTzH0yIVZK4GflOTnpy96bI+dG+05T5xqpJXvtjAXM15/WUNwvEMucl86VflDxEeiYsdRWIKlZXrChO/6BmQvJX8RMMhdNJdeztKqMezywcvzii3w0cs/dFMUCvD9vQhSPvfcyzdf/6G0QqqmbCKKySGxY09YMnum0vvCc3COHSKZanQYkDrTEwkAVdRySgOtY+taGkfaNR/Akl3PF2PXFs43XhJgm4Q8JoV5Sncf7l0YjZAwHR0cHu1fWF/b2dgwT8nAUNd6oSxKMbj+7p3rd2/4QX/74pWdZ5+Hfs+Gg8uXL/bXRsP1NVcW5kmYgRHQKTIiKBAia2wBTMAQLJmgmqYIggUxqKEoGDgjUYVoJpapdJGMyLBg5JyDZo3G6K0oB+s7D67fSTRqjYhZrCvgsEWp1+L2HzO6LhFwKwZJdppWFDQXmAIwkIrgomLQ9Fij6L0628Gx77Fylvzpo1A5y/m5LlhyCqztRLWDmnxo8uP0HDhHjKLAdBqfee7F/nBtOp4YMeSGhw6ZKDA7h0zkCT2Tcw5Ql72+rYOWm4gAIS76t2XCUOwGhmX7QVVzpJUBHYFn9Ow8c1JTJFAFNCMSwPtHR7EMu6O1JHr7/r2bN28Gx/2quPrMJSa/fziejMeTti77o3Jzc+f5F3ZfeLHcWivXh9ArQlFBCMKkXfczByvAL1v0coS8Lonm+DlqkhhRMZOfmoHmXgA5iZuD/cYoBpkW0UDAgJiK3sFkruAEXU6cnJPnXFyA6dKtPE93zYzOQjw+xVNdhIAe89enFZfD4/hRXeDsffGQGkIUvbu39/zlqxgqIEcUzRkAeCJH7B0VRA7MEWbHd/XJiCoiikoX7ldFJFXNkz1lUBrgwoQWkczHBg65cD44F9iLoYpkFFsyTak1Zw3oYT3drMphb0QicT6rtb314M54fDgarM2bObFf29zuXdjauvrM6Mpusb7mRn0lNEcp03UxZwddzJCJzMQyuKNbr3PAilQypCK2ESQzYCMYAVBemYkYSIA4M78YAJqCmQEZQVEMHxxMBSnvQouC2rPv9pNpP8CT4vgR8UkWgQ9EOjTBh70IfOBCSXUyj3Rhc/e5F+7euI6IuZyGmAgz1hNRdcHecsKEM1XLrH0kKshMAMveH2d4RxnACQDM4Jk8U8GoigAciUkFAZmdSWpiPbPUc+RAKu9CFVJbk0MBa7Xtr62T48H6xtrFS2vPXK52L2AVoCzBUcezYEumGHi0GVCGkZIpqZgIpkRiKUrGF1nWZlrUnxKiI1DsKhIymYRq7lRIYXAwaRUGikAGZt2p4RFk21Npv5nyj1cR9sFO/5AHQFb9U8mFk/nnlfcnqCZWiznOu4LTnkCWJWnuaeVbsRfP6yW82OC4hnjV3+iuhfjWw4cvX91++VOvfPtrX63bvRJdKDyoOXbMiAghBIeAiKpKDKpJFZTBsUc0A0mSTCGlYywNkmXWIzRSFQWJGgEUUJnBswuE/SIwYEhp1sY66ayJpMKekbAgdqKogkogUpWBS9eviqrqF6FyZZ+KcnBxZ+PK5XJnC4d9qoL6sCzURkBHZIqSzS4RFV2oluUUh8SIqs5Qkjazic6afDOTQuj3EZCYc3AdkcgzMYGoxpREQMmIzUpfrtcHSZjNEMxoha4PEXCB4zkTvdM9ghWNXMbyc0XH8vGd1LEVjXlE9zIC4sxzdXUwj9vXls7Jo+IWa/pHV7IVpGr0hLaQkaLOU6uo9w8nW5ee2b60e2e8r628x35mokqiidqc82VmYFr66KYxU+9j5r/uZn02M6cqRM5TkXzGRQIAEXEURvMiAkIGjqAwKAgr73rMw7IqApVlGA42uCj9YMSD4ejyxd7Oblhb434fCkfeJVBeTL2qKKCn8GHL6+9gYlEsts1kMh9PrK5jTOS8LwJahaAKjJiBhR0q2xaYOUUwIOQwrTVBaeAUKGMYu+l/cS4CEDV9vxb9Ke1/742fTPvfhzhExMdOtB+iPFXG+5T4UII2Nx8cXHz50sXLV+699QaJgJ0b3jUzAFNBJZFoOQpqeUyYqaqZIBM7VnXE5F0BC6gWIrJzLOJNSxEiwlzvm6Rr1RVbFWVTrymQDr0f+TAMYa3qlaUrq7IcDKGsiq3tsLE5euaZanc7jEZQlhZYGSm73QaollDF1BAQuz6HxxYI5kIhcESzef3g3v39O3e0jYXzg421oig6MwbVcuL4pOrkKgUjBiom0yRuIJkJHM6IUOec2/sLlX/OXzpXAAAgAElEQVR0tB8gE6t+VOT0OFwOAFOjxy8Cp56QUdO2RfCTVmrlj336lde/9TfzumYDwBNPchk5ATMiMDA0tSSdneMwd4+JGpMKMzvnvPfOMTKDHNenEqJjlkRVqAAaADJFh+JRvaXAmKRmYA9WmPXA9YlGzo988N4XvnDBY1FV/UE1Wh8N17kaQjQgQUNG4KW9mCMWCqaQV3WBjraOAFBzpQFMprOHDx68+eabN996s55Mnr/6/IvDfm4hA6BkbAaUI4ILi9Y67icVIGE/bpN4p+AsQ5RO3exFSOmpo+5AT6X9y3M9+vkHov2QfYBl9cBqLOjE1145k6z2eFox6NyJGP/x22W9BADAMQcOmMlxjH8Zw+sYkhaHQQLtLDRVJcJcG7VqMHbwTtBj4hRQRfBFv21nc5O3bt7+2Euf3LjyXD05nB+NC18KqBhRXvEJATGHd8SAUNukAAoCxIhqZta27cPJxBA4UFEUvaIaDQZ1bB2S8w4RGTCmKAohBFJCKBAaNl9rnchaFxO6pA4levAeUk+hr9gnCmajoqKi8r1hsbm1tnup3NqBsg+3HsR5rQBQeKx82N6E4KEK4L0TBymCIhABcZQ2qplIYRSTzqfTyf7+zWvv/Mm//6Pvffe1OGuev3TxpZc+huhSSt4Mcy5DzYOBWlIwgzYpIQuAGEZC9YWrRnOklMnNsx+MHQxORVVSfpinVGUVJ7daIJDD/2aZUYqO0wIrMftHbfeFHAfoTn4uSI9s3510eeqVPAAKLLyllYP8dKEQGUh3yqpZTPPH3+a8nEB2Bp7MLmIzRC6S1vf3x5968cqnPv+Fd1//jjEKGJslE0bKYT9ZTP8AIIvkl5mIgJnN5vPxdHL36EgZe1U1GpFh4LqpglciVSWipJZTAmbAwGSAEbTVdlyrCCRBFWoTGzhQBgNRdSIxQUwBQ1UOB2tbYW3Thd743VvX//Ib+w/3rG4BwByBd5GgGvWHGxv90eDq1WddfwBVCWhQFl4F26Zt23mb7t2799q3/u71H3z/29/823o21ZTWBuXlK1dGWxtVv8e+QOSOri+zJwKgQrbgAMAUU9IELpGL5FLOWxpllpRumpHj+dvM8uLzdDqgZ2rz+ds/dTD06ez5nzYWaDkG1Iz0PTon5411pdnME6cFRBUdAYCrm/rW3Yc/9+nPffPP/uT+O29IHYWMDXJPO+om+pM9WsBy8ztRGM/mdw7Ht/b3KbiBWuLCU69gADPPZmxMZqIapY0xRnl4/1bbSls3sW3z9wQ1MmADAmIkBgOGuokxNUeHk/3DaTkc9e88xFDUyQycGXoCB7J89gJm9/Ym9u4h2A0VMQxVWfX71CvQcwN62LbfePuNN969fu3dd2Yz2Vpz66PBha3Nna3t5154fn17q78+8i7kMgYDUtRM2ZBTAA5ZxUQlJhIKEYMBESIYIOVaI1XI3SPNTM9DaP4syocAhjtzHXiK3dXwvRqPkYFqAnJglISv3XzwzGc+9snP/sLevbt1c8BmAsAiRqhgYgALytNF7tySShRrU2zUZm2c1A0CPLh7f29cT9bTzsbG+qCsfCgDBbbZeBrn9WQyqeu6raOpYQYMJ6HMfmiQZyYCAATHgRmJgR0puHbWxuYh+8IXFQAxOSY0aSQ2osqAMSbMXezNDIGAatWxpP35tGV4MDm8drj31nh6oHBxZ+1jz25cvfrM1vZmrwzD4XBrY603GPiyIOCues5UkhjlZUBBwSEJYBJqEjRlmTAIkgKRAULmC+6CiR9UtOSjM37cCez1OZd1nrKumlO2Uh/8qIKewg6ZaV52Hy+4wB2J2ermJ26fnfgHADKWhBgB1JDQl4eTyd296ae/8KW/+9rXpG6tnuUiyWTa+c6mpGgOnfPEZCaYHHKDkY7mdSiLctg/aJu92fzOZH5jf7xzuL6zsbFe9auiYFVKiq2kJmmC7EWbqCV1BmjKBoaorIikCIhkimIEhmLOosYkZHN2iROSkgI0IGataTK1BNA0jWQoi4qaETAANCopNa2Dw9nRfD7d3dz48t/7zPPPX13bWt/Z2a6q4ApnZs6T4648zXLTLlEk1K46VFEtAraRJrUcRSq3tyIPIngAYocm2oV8kM68/+e/P+OBEpI9WeR0Jfhz9qA7NYQW2yvB02Eafmbg0E8bEkU0MwNDBQcYXr9261c++7FXf+mXv/aH/ybFum1bBWP0pNB1xVjpacg5T4ZixP1eLxFhWYTphHw1rut63r5z9/61W7cHVW9Y9SoX1no9D+hyvYEkVANVVvAKHow1Q8eIMRkSA6TUFkJMnLwiM6OgQdEatONMygkASIIqoqqgKUnUJElEs9JKatp5ilOLD5sprPV+/rOffeWLv7K+c2lra8PY+sMKkaK2TWqQgBAdeVBMUSyTFKiBZSpqAUNRmUUZN6kYXUxYRgwGThG8ZaQhdLv8GM+uU0/QJ4FCnHeQ930Bj5GfpQEA569FjwpaVylvQEp+2szevH7zi7/699/85tfvzibk2RMmEbLcKNPQFBfl8ogAhOQCk/YGBTosCz+s+s9s0YOj6d2D/cPpbD5vjuq4P99jQGZySM45jzQIJRs4Qw/YYxcMyYARHJEH84jBjE3NnCNT6PrJegFlq2MLqDktpUlSW9fzuoltTFGyCWKIBkzEiGLmN4af/PhLL3zu53dffnm0c5mqKvQCMrrCiSRN7BObRDJYJo4pq6MoGKAaiorhvI1HM02+X/ZHMwoRg3bcHMpoqipwvHSbnYZgvKcsy74y5/VT7v2TlQ9wAKwg+38iQgvsw9OMAQAAQhcktu/eP9we9b/4G1/548PDo737k9m471xSTQSmCGoEnMOximyQDIEQi6IgxML7vtKslZLdsCruHhxM6jiZzeZNBIBWYgIQ1Wja1GNGK8h5pMOkPpcgg1WeHFgBEAxL5pJ9QOLgzVH2TAO5+XymqAYkYDnH5pCIwmBtw3vyITjntrcuqJmI1CnuvPTshZeeW3vxig173BtUwwEH17a1BZ+xS8QktYkIqoJlMhcEETNDy2YQmuGssaNaip2NOXpBl4HPZHAGxv0RUXzvKmGzRfuj96sgZ0z/p/wRy/8/9SpxYgCsxmVXcwKrp3erNtYq7QofZ0VO9IdanS9OYo1yiGeJvF/+5RjlhattBBSgS4muNhZexISye3mcqjdFQAUTADMy42om6Qc3Dr746hfffuutb3/1zxEEUjTTRtBDAiSMEQDAiC0hIhEBgTd2hYvY1jENA1Uu9B2sFVt7h9NJGQ7Gk/ms5rKftAsLsgfqmisDuS7P6MDIDFLyRcmGqtAoJDCfjJgf7u+BUVVWG1sXDOzO3fsA9Bu/9Zt3bt3e7Pcrop3NNY1zBiuKQtm5UMxTDGv99Wcvl5e3256rA25e3EqgUVS9R8JkJAQg4MlrgqRmKioKqipGBjG1IABqs8YOZ4LVhpab4ofJWLXTfEUUNQM07eBAqzqGtpJG7J7p8lmZrURIGXI+YbmM2CmlOjMJgJR7Eh7z/6yWGazWpltXB3MCVtadZZFHW+1Htuq7fmgm0HGI8/xgqJmtwDCPPzwF2jt3TVh0HjAFJQIIe7P6tbdvfekf/s6De/ev//C1qGOw5DQquiirSRnIXSNzGNPMiLj0OXyvgVzlXeH8ZDYflcV03kTRJqqIkqlnh6a5sR93sDlgtB6ztnF7Y2tzOAJBiZEMdnd3fVncuHVbmdbWNy9cvPTsiy+98+4NX1Q7Fy/94j8YadvO9h+MymDtXKUGAHJBDNcd+Y0hbAyk521UrW+MIoFpVxWQLKO0FcRQFERNxEQzyyKkvIGqQkowbTRRr7d2aYJlA05XVEJ0Ybp0BFWnk7hnJgGyjXRefuA9tf8U+8OpjVfk8UDJE9r/GPkwfYDlGODz7cIzx8CJDZ4gKgqLBIKCe3DYbAwGv/KVf/Rvj/aPbl5L9RGisCmoi5Cy/e0UuctxcYf3yZ22ENkxqQPTCokc93r9ajafN9JEaVM00ZKJTVmBDEr2hOgUCJDIymGxvb0dnN/e3r537+6Fze3RaN05V/WHSgzeX7r6rDh3+aUXe6O1y88/Czs7sPewvHfXtPUenCMEpaKq796bxGYeiCsutkZh1G9Ac/1eh9pTVU258FfFVMASmICJoppo5h41AZhHOmyg2Nqi3oZgGdXxyWjPQhHPpgI553k9xTaPav/jq16e/BpWtd8egwZ936f5QORJ7mweA4/f4Ekcg1wCOBP83rVbr7585Vd+8x//4b/+/aadgSZSISAHkCABgDI4IlImlGN+SDPGDBElMCyAkEkdOGbEufcGVEmbLLZs4BTYoMfBGzIBoznnSx8ujjY3tzZHo9HQl1Wv6vd6o9F64AeCVK6tbVy40IByUfY2N6BwcPAQSPrPXgZrwDOoQFOPb958MDnw/coPe/3tTStcNDVQXIB2zMBUc1s/XPzE418VFdQwijXCR3PRMCw2Lh0JQyhRTxQGLbU/B3DeUyk/EO1/JL75dCPhTO1/zADg3/7yf7P85YQanaNSOZeeXye2pxPbnH+B3WvVisknW+x1tjYb2qJR6alwkC35S05e//Iyjw9ogMhuXjfjyeSZK5cGvfLBw7sa523bdgYsIhCooSkoqIIJiC1v6/KCFYiAySEhMQVfhBAcoWcejfqV9wWxR4QYUYWTUEo9diWSNk19NI7TGcbkDcisreeFc6EqiNEHDzmLZhHa6BihV0I/ABO0KT14+PDGzb2DPXXU2xhtX74IgRXBFmzSllRT0iQQ1WJKUSxFi6KxkdhqShKjRrEUY2vjuR7Nseb+6PJLM+o13BMsuorsTmeWIfuMv1p5FqeUeHmnV7bAlcDRCa1YOHhnVc88LklwgiPRTtjAp45x/PPExwpnXOiHvQJkURUgXjoD7zmjqykoPL5c5kxBwqTgyn5L8tatB3/v8780nx388Bt/PkmNmimCmWoyIhImFkBTMnWZIGLVDEMFAALwjESkImZg3SbKgYN3DlCmNbYCMWELqalbEQdmbSOzWVEUOp9Lr+QykHdclOA9SquM4INUvbDeqtTUTGASJpPxwd7+7OAgSSpGva3dC4OdLQssaKIqSTuOclVT1SSYRKNpShANY7KUNImJWFIT0SRta3UMkfuDnWcb7rfYEwimSEAKi4jrsfHzdLIaJ11iP0+p6aPa/xjY85nbL891xodPYPov5SMxAODEGAD4iY2BDk6H3CYV0R/euP2Fv//rZbBvf/VP5/fvmZmqRDNmIGNiYkFvqGKGSgREpoi52kUREBwYA6BjzYW4Rpw0AWFyzEC9zSEmtTZiKzBvyaxNDaglQG0bbZt6wmXlyKErSmLfHlZGhM6Hqmf7IyoCIoKjB+PxuJlD4avNYbUxKDYHUFBtsTXVnFwCQGRV0GgSxSTl+R5awRitTTFGE8VO+9smOnUbxegyVNtzdQmDgeMu0GK6sHqWY96emBz0ZDK4Y3x+5Nk9qXbmfZ9K+59WPioDAJZjYFkD8KRj4CnPIqKaHAGH/kE9/tabt1/50j80Lv76j/5NU080RVBzAKiRjJwRAOYeTQTMuYQ4TzCEuSc0ghGx0ySkSoYiImAiyQDLnkPA4Ni5ovAUBUQhaWyjSZTaOMKkTc4R+8DO0cQDOnZclL2H928jexERgqlquTHa3r2yefVisT5sIM3rGXpekHXmqKNaFI0RRUEEk2LKrnDKISAQiWJt1LalOZRSbYX13am6SAGQVLtxvWCX0/d0vR6VH0f7z7P+n1b7j+OeKz6Amp7vBK9gj0/U7D4BBuNkjdCqXbgSp1/ZZFWhT/QHWFoXuRPkccB4uYuinjEeCLG71dkxWAmnZgpn6haU41MLKHMw1JgAYXAk6e/eaa5++td/Y33rz/7dH8wP96yesRnltDCCgIgqI6Ilh4SGxEyIqppMISkA5ZoER+gLV9cprySmdjg+YkB2yAYle0Q1FCLzJUTRVlsTMzM0JmkcJ6NWNRN0unY+N3Lo2Q2qyy+9tHbpwnBrpAxzqRM4MkZBZJ/vGSGjEiZzuVZGAVVBARVijJoERFKymGieQoNeqgtu+9kJVQrODFAlU59DVxtEcNoHPJH+lRVYBBktLCalxXNUU1zR/pOVK2fgxB5bJUOrm6483xNHOGffxSGQFI4LYle3P3cFMNUPpVTyFEzaltUCBpZ7zT+Z5C8pljvt0nI9yYMNkQ3BgBWKqbq3788/8fJnf/e/u/oHv/c/j+9cN6kttQa5J0fum0RAoAsksB5T7xuAqB6bCowZuNm5WgIW25aIp01topit8KbGpJl0bt42RNShjxaRlhB8INcfDtc2dzZ2t2kQtGTxZKhqapByq8BMAmWQNR5BNAf7TSR7w5qSRrGUUrJ5hElriYdutB1GlydcRgywqEDqmIJyEOlU64qntDS6dMETw/3NVD845tFHp//Hb8+//eX/+pwD4dLCXlW7896fjALRe26/mvs6kdjKUOmTit6l+Ba85CdOdM5xTskyTGRdsLBbFhBRVGOUw9m8Gq7/ype+dPfmjVRPNNamhmAo4ADBcqsyNMuttMAUdcG3bLaItUHOppuZLsj1uqGQQFVNTMWsaVNUE4BoagzgGJiMqez3XFGEqtcbjjZ3d0fbW2s72/2dzWJ9LQwH3CsTo7JbkKkh5JZiiqA5syUiKcWoKUlSia3GaG2tSWfR5snXbkTDXVq/lMr1xvhsxtPVcNc5sqpVx9EeMERcwn5Orh+rb08EcB7V/uXB82RgK8EbW/nlPOf8XNPonMzc43yAj8giAN06sPr+KQBVnSkJmteBjEfJQ7RpmqIomCgqTKJ78/ZhOwr/5T/7H/79H/zLN771tWayBzHlRFxuMNA1npDMkHW2nqxAyrsT5UWjKkr1aklBpApFzkll+zPDLpjIh0CIzvuyLAdro1CVPKyoV/heSWVQRgVDM1PNFUWZllDNGBDVNKnE2MWCVERAFSRh09pc3BSKcvOKDXZq6tURdVFZ+vgp86mm/2PQ25M+mnO1/8eRM+NO58n76A+wMvrPrRM420/AE5+v2JGrW52f9H1UVE8wnaz2mj0FrzAzzWfJEUNTAPDOqYiKABAAthqu78fD6e2v/JP//uVPffrP/98/GN+/rbMYJTWSPCOYAiiSodpiZsj/HLeLQ1AzJeq8Nyai4MiAAD0gFshAxISIbhFaRUQmR0TokJlDCOTY9yrfK6t+j3slMCUVVHGhACJkImYmAkCR7IyYQxJTMzHTtk1k0LYpRWujmyXQcn20/eyU+jPzrbIysZ7t5L1nvPLUNksHYLEAPhLf1FPc5Ys8QGa3OAkQekKxDvzTCRPp4jqWx3nCsrXHDQA1I1WkYwP6pyO2gpP7SRwcHrWjAEBA0RoMB238i2//6NMfe+Wffuyl/+f//N/efO27pK3U86ati0Au8wci4KNrcGdbHfNEEHEmLiHCEjkgMTsmqnpV5hdiZmSPTLlLQWbo9d6jY/XERQj9nqsKLgsL7KoiZ5azjQgnPdMk0hHUmRGiRGmaGBNNU8Dell+/UPtRbUXEIIsyo6weTzVfvse9PUv7z9wya//pjZ/CbTgRln1U+x+/++qvH6EwaJYT4ef3RQz6/oRAMw41As7U/dV33/74s7v/+L/9H7/2H/7dX/3H/6+R1rlCNIKBOw6pHV9n/hegKx7JthIxIwITOcBAVLIPITjmotf33oUQyDnu9cwRk0OkEDxzCCGA5xQYPIeywOC5COAZgmOi7kHrapCx8zpUNJc7ppjqeRPbpDxK5dCtPZOq9blRBDIghtwdDJ+2fvxp5fHa//5m1TNDq0vtfx/D+D0GwIe8CCCeGAPHEPAlXlqftg4BrSvzXhXqfigAgLlGJBTr37324OGk/oXf+kcf+8yn/+9//a/uXnuzPdoLqoTACwjT4+1dBsRMwgkU2HnvSx/Yu8I5dt6FwGUohn1zTOSAsCx75JzzHj2XZdDAHDwycRGM0BwDAKppSoqYUsqFBGAExxqAbYLxPDUNJeiF3oXQvxj9YG4+AioRmOW16wNpXk3nFwm/p/af3n7F9z35ySmn+dzUb/f9H6ulj+7Ov/2lfwod9+Sp12If6BKujx76hCGxpOg2pEUzIjQ4WQ6AyzeL/gMZBHT83tCOIzYAna1nHVzo9MsgF/YtUT+r78mQck/H/AJEQ0BgZATKr9wolYi7uI3l4kVWBcZyXqeb9/fWL1z8ta98xcCuXXu7VwZJSUUsAaoCKYAZgcHiujtvGcnQAQfyBfnSFaXPfSR9GULZ7xVVUfTLsj/A4H0IRa9X9irf77mq5/sV96ow6HNZcAgcCg4B2SERAoolVVU1BEAFVOJk2iYSizFNp+2kllr6c14vdl6U3u4Mey14ARYAk1zwgyfiuB0Ccwm1Ojt+g9LdnIyp6d4DWDJQOHGTu8gqrj5fA+xiZYs+AKcw7atKcqJOXQ2te3WxO1gQpT5ylYgokCwjAWFlT7T/v7vv/JUku+474Ybq8MK8icsll5ZIiTmIopakKSfQsCDBMPzNn/y3Gf4iOMCwDQUYlgTIHwzJlkiJtLnkmmJY7sQ3L3WscO85xx+qu191v+6JO+SQBxPeq666VX3r/O49+bT5PavLV3/WguF20SpSbZt18ik/d7dZWgPA9vMNDcC6t7MFCLeejwi4Ws2uQtSW3RxgOZB1bKlq3RTVrmmPwMiAFLhROz49G1+MvvrVr7799m/du//g9OwMgdCMAY1XYX0IgAbU4rKdXIfsiZnJI3vHkX1gz94FH8g7Cp5CYB8oOPYBQ6QQyXsIAZ3jIoJn9g4dkQtAjA7b3OJ2fgjQkpKoNpJTrmrJ4qrMowqhuB6vvzlqnMSDZKzICpddThZK0LLWw2bD6l0AWFZI3wAM2pY5hytkq/+vfHh1XV/DQ+eTrco0wHrs5w5xANe/zoqeCQC7NoEXA8BVLF0BwJZPdwCg3Rh2AmBxvPOpdU5u3/0CA9tlAgPV6P10Wl2cT27dfuNLX/8HcW/vwfFDzWqmgEjUlk5AbdkTLwHAzK25xhF77zyxY/YxsmPyjoN3MWDw6B0GT86T9+Qc+kDOoyclMiJgNoBWcFGANsYf1FDEklhKklKTtVJ3MtVR9m54h/fu1OaNe02jSC33b1o5cbEcb7LLEwCw4tQuF28AYKcZfvX/+ue7ZPrO+LsG376BvBIAwI5N4NUBAK4ERXfj3p4XALASpdafp8MN2y9tVVhDEKV5mR6dnAnY57785V//1CdOHz8ej0dmQkDaJhF2ANByBS0BQMy94INz3rmi1yNmFzxHz96j9+iYnCd27b/oHDGjQyNsh1NVafv7qookzQopg2Rrck5WZygTH091Dn0orlnvqMGiFkZ0ZgRIV6Tq9he9yv2wGwBtw/Hlwe0AeIIOuhUAK+7X3aX5nwUA2m2L9LwA+J2vb/cEX13sn6wDbNBKFO/G5beepIWysvSe2tLDtPxj24ZZKgFb7miw7ZKrAFued/nR2jlgsEWFauvnAJMDcmWTz6azk4vR4dHRl774hX4/XJyd5bpiQ2vbiCERIdhCBHXOMTExOWLHFJxzzMREzEaIzEDMzhMRMRMxOU/LhnvI2HrRABHbJFs1FWFDFMWUrcn1PDcNlQ2dzhSHt624Jn6vhkIgAvoWQLqMSdhYa83E1NYm2GAjal61Y11ZE0U6uePLnaFtq9Odu/ZqVYG2Rk171QoKnefpXrjheWidCEsO6I6Pi083alx3ALAO+NaBvClf8O98ffsOsPFlrLMJbD3neUMkujEMa7bOHcu5LSPjrjzD9kt27jBwOQXrQy2dK5swQLBFHR0FMOQmw9nZaeHhzTs39wcDRrPcgCK0bZRyNrSWpZdmDCQET8iAjASE7BwQKiE6ZCYCQmQEtxBM2tUWTVVbt66JSMoioilrylrXVtVSy3yuZeLHE9N41PjDug3rB4fowMgAbemt2LY2by/uv7YDdE7YtdJ3g6Ku8szqk26mL+yQfGAj62X5mDsIt5o+n7wDLH7uPOdr5wd4Am3kzbwwmRksq1FseCIXAcaqANCGgSgAAAHmtlqPKWmiGujR+Xh4e0+Qbt66cxji2fGj0/PRdDJpUgUqCoAIOaX2xbNBJs4o4hSzcM7sCEQ4iyUxEMIMkEFJg7ERqoGpMQITEimAmlgb+5Abq7M1dRKqGryYG/XvlNxPOBRwCMqLeoYAQGoEnRqjPy9acX874c/B/U8Y80UN/xv0HABY+QRe8pYvQy0GNpPot/sHdhEt4qw2MbA8vg4DINceMFUEEkHLqICzuWQl9sXFtLIqDQ4O1XsfQ1OVTTUvq0pTVoSsCiqEmMw3lklSVEJJXh2LSJOEEillZAd1RgFhy4rCqAyE5qgNumjDpC2r1m1yY1MlrOpQDG9N3Z5yX8Dr0sllJmCmrWl6e2TbrvlZywn+AKkbpr+S+2ld8tnCzUYA2/v6fCDcDwBu91xsqbHYYuDyIXZZXbpRn91tdK3PQOeCtejCyz5f6yv9ZRCbiBLiMn8SO6v4pcVTli2N14dv1Q1aHFRExMVV2E3PX0GifWYEIITQuYd3aB6H/cENDO+fzh5Vk5GLwRe9AcJ+r1+W5Xg8npWlAiTTbFnmk2EMNeQCcp+AVXztQ2hIUEJ20oiP5AIqgzYkzBCFIDcmBEROk2BWNICUp+Nx1dTq+7G/N1NpNNeYAQnB9DLeytqWp8vqhmvxk0ucL+ft8r0odmu8tlbm9n1dxkuv9+TqtAjZFN+XJtPVe+zG52x0ZmnzCpbPs3pU7caV4jIC0dSUpCNQaWecyzHX0xB0MSsA8AsqAnVJzUCshcGGJIOI7XLeTdFY0VWxZ/lWNpeTNnhuOcJiOVi8SiPLBOaMGClm44tpmUejgHg0HKIkYHd04xaMzsqmzrmu6gSOIFkiSGgNYnS+CO1rm7nGu+hcSMBEtWfvyTkrZ8qojIYARqDGBt5wMplN5yYcIU8AACAASURBVHMI3B/GNqRBCLqRMYZLGd2sdZVByyLLM2wRrfz0nXyrgfID6cuyQWq7opW3P88HtfzDLy4AWloFTm/DQHvCs2LgeW8t0phlBmQiAKhzyk09reqLs4v94d7e3iAy9ocDn32TXFVVZVnWOXPTxKouiqZfFAOTSlKs68DexeBCDQDo2HtPjpE9MKFvC4EiMzVl/eh8XKemtz8sYl9yfkoh5KUcuLH26zN3Ntr0kb0a7m9HfvaaoQtp6qXUwEv6xQYA7MbAaoKeEQNrclJbGXbpLYaONLWitvc6IhEDoPZ6Ral53EzJeHx8Gs5P9wf9w4OB99SPgxB8UxT1rBLVrDar6tTk2XTuyfV8CM4FHzh4M2Nm7z0zuxgcB/aOnTOz2XQqKRkh9XqtddJ73yzQS8tvYauvfPlN4Sr3PyttGlheDfc/e4784jE+UJ3+pQCw61G6x7tfj9ZexiVLiSoAtEvp2pjryQTLQ2u8iJ1mM0/YBy6foSMJrJ/ceX5tReTWT8wACwnIeZdTzpIDU5uKMBgURCyiZVlNp1Mmrho1pHnTlNXZaDoqeu5wf9gLMfgi7hfS5CY1oJazKUiGXFdVmw1DSP1eL4RQFEWM0WcFbaSuy6YZjUYxxqLfoxCA0DluUWFmyTIWiEhP5YoN7u9aJLeGkGwu/91r13S2nY6wy0oneim0mNkOVeHyyFosEFJ32KeC8Fng1B3ktdgB2m/YhcFzXfssGFhRd0V/siy0mCa8fDapxcyIKOWKJa2O25LUzEDMUAwMrZ6X0xrOLsbR+aP9g16IRVF4YsRF66RWSnEIxMRAyqgAWYVSKmeTXDeWxBEVReERHKFjZ86FEJjaKDwTbVQTcG9t1e9yCS++3da1f8WUqyMIaJ0Ely0Dbs7nS63H7bQ9+4BXpf8XqFzUpdcCAC298Nb2vBiADgw2TtgCg6XNDgAYUbLEQTTFd9/9/hd+7U4AYMRsogvKJiIGqtkMOEZVrUWS6PjRw76PIYToQwjBMzOx5obZOQJmIkCdp7bmCmnuxeCBBqEofIiOybPzxJ7Qex8CO2pfe0opiwDrVqvd6is8gfthfeafi/vhJd7aM9KrUzxaeo0A8DJ0FQOwTdQBgG5H4VY96BiOVpcAbIWBmvOurmfvfPuv3/3mX/zO1794Z78AABXNKllFBWTpoRGw3AgSAjtBZE+V5Ol4En1o0yQRF11fHYHDtqWTRqLgvGf0AMMiFt6rCTtix845ZHYhLDdJRciaTaSBpflPr4DdtDU+bxFyOj8vqxcabdQAfSrzdRfgJ9Qw3nHtiy7/yzeIqgiMZAvLKSphyVAVUgFQhcOEhT7xqZ4bAGsyfccn0K1QtS7Hd5wdu/wDtKkPtNQVhxb5vgZtDcLLey1PWWFgYR6FTvCSdblZN3srwJphGFahGUsfki4DasxIJNXN6E//7A/3oS7LOeyHpqnM2qIMmE0MSbANFzZtbfFqACaGZJ7YJ1MSE8uMxIiF51aEJ6DAXDiOPkSyofeR0CPEXo8ck3PkPDpPjokIiKKjVM2mkypc+/CsKiMNVlFOXYVGlxEeXTI16uQDrN6RgZHSyiBMfNnSK0u3rs7m/C2Pd8WwRTFXNaC21Z4CtovPqlR/x+2jiym/MiasSnbZQp9oz0MlAzSPyCZCRKaoMivieE8f6INvHezfPAmfurDrggF9JOCtYP4l2QFaWgkw7VYABE+VhZaf7qzAvigUhQCgwGRg3/6/35qXY5Z6NBo1R30za5ompSQiYpZVZQNhtoBuq1MDrGL/CMBEAMmQiYEYgI0DceEpOOfZxRh9jBwLKgpXRIoRXUBmYsqSrUmQqrqcxsMjy8un3fxuWyxgqw3yqrK7dubzFNl8eXque7WpcNSuLZq8Z+9y00yr+v6XPjnMUj567y/DgR7ufWrO12cJzMWtro9fKgC0ZMtwhufCwLOQqM6b8q//5ltlXTmrTs9OZjf3Ft1RU8q5bRMD9iyvsgWVkaoYEiIyEYKxYx9CDIzsXAwcC/aRQ2z/xRApBnKeCCFnSTmX6fTho+v9N8A5RSUDWmtevZX7L0X/J3D/xsk/L1pZjbrrd7v2kwFQbSbGlNPM2YWHs//wx//24vjNf/32RwY2uvv4O01ZQ++Ljd0081vrYPwSAqAlu2xBs4GBFxmtbd5YSToZn793/64zRcTZeDIbTy8uLtodoM1T3CZxXBlML9+FqhoxGBExmjKx994H56N3RcGxoBDRB/QBfWQfgJ0RioF3wbSu6/Rg+hhujvZu9hTAK5gYXkqYa0/zXNwPHeb7GdAupOl2JZgByCyDCZKwNlFPPzQ8u32L0j/77H/7g//099znvvHlzwP+5O7xuyHHwyFNgWsYXh3/lQDgWZaN7tyvxxddHu/qA10RRbtIXrcZbzzGCgOwygrY4fpdduC7THVfRrCQmRiYoGH07x8/7B3up7NZynL//v1bQ3dyejyejJu6VhEjBKCV1CE5AYC2tdQ73jZiUls0ai9idEhIaKaD/rAXfIzRBweOwXnwHrwPgyF6TyGAD1z0gNCaXNa1AjUGk5xwMpr0imvXrleTcsDBr2rvIGytOtjVPjfMLLtW/a1KM8BO/wAArfCjtmqyQdB5p110dYP2iGhlWW5nSddvqpbJyFAF0OUU9fxOcfKJwaMbOH3rM3u36t/8/T/95hiL3/vsR9+QB/LwW43Vef+3a/pZAeD1oUsMwAoGi+PwDDBYRVOigZlWoqP5dP/w4PH5A1U9OTl5uB8mk8l8Nm9E0BSEFMxQzBYS11ZmUtOVHq9mSOSYmYjZMTvHzM6xD9RKPj4iO3IBXQDvFyUHkAyoEnk8nZSh8B5GkzMt4s3+QGpxBqigi6CgLfYfW7Y1f3USzsvsHivuV1tUwtvWmVUNUqCmgIub7tEnr9d33IhnxyryGx97cxb3/vMf/Pmelr/9xS+94affuzeB/e3b3S85AGCJAbiEwSXrPwsM2l/NlAxmZTmrq97BHnufZ/nuvZ8OqanGF7NqrjnxQlN+ps6hXUJCds4ze++8d8579j4U0Rc9H6MLkb0n75wP5qMAoaECCfIs51FOdGuvir5M+uDs7MYbe8uISQCAq8HEG2v/czzli5J1+ixt1dK3XLLk/s0ao2vnoGcd0vjIHX/hxvm+PDy7f//+3Z+eTsdaxH/01bcP//nX/s0f/cUDeusbX/ldaU5r6m8d55cfANBRiwGA2vapAPAsMGgXUENEJ6jjukrkzPWt16tG8ODiYlgQS50VDEkNVAXahZ/w0jCPCB2Rj2xVPmbFqcrtJuCc4+DYO/bOBe88+0ghoPfgA/jgOIhmQxKkmt0IqOoP+M6tmXfGcD6eTaoalMOOKPefJfe/jPKw4v7lLsLtZCKZtAlGaGBVX8+v0b1f3T8bpvd/8s5fnZzOkEJKAjrx48e/+eu/8lO584f/84cHN0pwb2Yrtt7L7c6u2qEhdcxqT/YJdNlrRZfxOZ3UROnk6dIOuT/TZrzQIq2xG7/e+SrdpWYZLra4LwG1yQZdh9dV59fieQyyovqYyU7GZc29OgwP3vy1UTm5KEfvjy72HLEIgCogIEaEZeVBwLZvnSIAaJu9gKoGcZHrC23rJXZMgJ5DL8QiFj72QlH0ez1fRCwKjhGLPpJHCoqETA3IPOfTJp/7AXy4Xx3szznsh0Eqz08mk4Nrt3OTURdC9c4QiZXtf13m77KDqF76yLo62Jpe0fXhdPSxjrHftL0ZwqXLAS5tsa1xYslXpoawiG2ydrkwIiNEU1VGytKYzId4cah3P3v9LNY/+sv/9T/Y1KwAzcMY2MH1g/0p+K99+nOh/5VsN2sZIgXYRq9GCV7kUm1WUrm61q6OPNVGaZ14obZ++uK9dd/pejeOXePoes257lPt2g0EaZZTpZiMGvCJgts/SpDPUlnX9Z4jQlACRkPTgIy4ll+j68G+bYEBBmBi53xkH52P3scYQ6/wRS8UBfsA3pPz4AM5B8zoHRCCkQLPHY893IOp/8iHU7FfZYyKAlBlqXOKi7KHTw+SuboP7JLdd4XcvNhOsq5SrzmerROeZGYAZAhqBKaIANYEqPt0/kZ8/LFr1SDf/dE7f8WWwVpO1tTUb3z4V+e6f14O7k1yzofm9wHirhYxr1AEamHQ7TgPOzhspS8+1U5/KcyYXW0j8KwP1sEALK09u2BgZsrUkE2qqk5NkmxmSuz3j8r5NM8aQ4NaPGUOYIQMlFXajhdbBV4yQEQGIASH1IuxiCGGOBwMY4whBB8CBg8xUgjY6sHs25VZAbJihe6c3KNA5fXD2fDGTHF4uGfnU1NLTQNLxm9vvlGc7+pkbtCuxNydpQ6fHwBP5v4uANo7AFCbP6jWeJgOeHLHn3zm6GSo977znf9dT0syRwYZM4AeXhvefOvjZ+5jf3vXTuwg+xvODR1Skmbrw/wcdABbShsbBxeL+jOwdBcGa/nBnUXqyYnzKwzAutHzKgzETBBqlEmuaxVRVTUgngviYF9Ep9VERQZAwQANsgGQcZu/j9jVhmn55bgtAoHkiAK7wD760Ov3YoyhiC4GcgyrHQDZEBQJkIR4pjji4oTiSXKz/mDq+uQ9uyA4zSIQODMJoJjyzr5Ynbew7fhWsWfn+V2x5xmKFTyV+6/eSFtTMmZM0x6f3ihO3uyfHtDD99/962oyMjFCbk8QpLc+/fbEfeh7J71zvK7hhuTQzGvHftdcfGAAWNMHurEoIki0NeJ86z7QzZVe23a3JbXAmgS0Gczc6bPU1SsuL9fO026FgSIoYWKYgUyknqSyrKuyLnNVkSsgDKwvijifas5lNO15EMSgwMRZpWACphYDrYOWADw7MnDEvRCKEPeKfhH9sN/35HzseR/ZO19EX8RlCBBn4wwsQBXwyIW7yvc0PI69NLyeyBHAfD6fT8eS6nowmEgqXCQDUcGsgLyao7U4+1VC8DrPUScucFEE8ZlJO/FC67m52+39lweXGWFX9UY0UsnqKWLdg4s3/PHnbh/3893R8aO7d+9BxiL20Lk6VWD68c+8Pdn79e+fDO9Oj2q8zsoMyMy6u0jCK9kB2i98yce6qBm1nrG1ReYxM8TNegHPTrYR37+tgIqtd/+ElXVoGwzMADxlsMpkpimrZlVRzaooGYwMg7gYir0mkUIFKgCZGEEBiJNmD46I2rWfAByRQ3KI7Nh7VwTHjnshhhC89yF4Ds7FwMEjAzIhoikqUVKqwMbM7yvfM3fqYhn6tffEgSQLaJMTF64iHacyEg4RPJrDyyDpDdkGYYuJAtZ3gCfM83O+maeMprZotXd18Hk9i9GjlqxjyKdvvVFwelDAxY/uvs8UiC2lBlDicP/Wmx8rbn/hO4+Hj+qb4m8RDiDnp979FYpAV2HQ1QdaLt+CATUkfDEM2NXg/qdhAJ4IA0UwooRSmpS5qVWSZMkikjVVqI0hMsUcAR03mUgrkkSQC/agkBHIMoFbZVQykGd2iMH5os2PcT7GXvuzY9dmxJMjRjEDEFLiynQOOCX32OCnjh+7flX0XRyA8wrW5Ho6vsgocW+QnRtr4mZuHAYE4BBlp1Oiy3CXxR1gu3O3y5e7itS+AHUsnlt1D+n3g6cmTe/3e9V/+ZN/Pzu786++ejvX85PTOSsnrWLBIfCvfOo38t4Xv/u4d292mMJtI2+ibZHj1n5opACAuilHvHIdoAuDDQZ9fTAAV2CgCGCWkQShBig1VZLFRFSzZBPNWUhbRwExF+IYHdWJQcU0KVDBhGaEgKZI5B0yoEPyTB6hYCq8G8Qixhh8cN77IroY2HvngwFkNUIThIRcohuBOwV+QOEBFtPY52Lgih4TpbI8OzurUtO/dhCARLUGPJ5Pob+vzreRxE4B9TJASDu+8C0TuN5laNckd357cQDYmr1/+ziiKer4CB9/4kN7+o1P/fF//f299Onf/ftfwqIPufTobr354Tfe+vSM3vqb9/ECb9Z4zWxokpqmCb5on26nO+1FALBLnNrdK2HtrOXcLUojtvzaFV2WNntElM48c8eluZY/sOwz132Oqxi4HAcJoA0TWMthaCMo2wiCukmuX9SSaoCHZyPZL8qcm5zq3GRLKlpXidVARFQNoDRjchyGRexJ6I0nF8mymgXnDCwrWZaCHSMSExkM+nFQFPuxvxd7Rb8f+z3XCxbQAgM7MQZDM8jmRPk8NefIj8ge9OIjCM3BdfERYyHezabT09Oz8XzGCOBdNkHFuUjo+4cyO8t0jYs3fH+QkcFQrI3DQWxr3BmshH29XBh3CzfdqsLdF7qdH9bk/i5g1v0Py9JDZLBFXEGAgmNoynjx7sNv/vgbX/7U/u997T/+6V+UXPzL3/5KrM+C1woP79cffe/i+jndmMGButC2BHYh6PLFo+3kz5+bJ3i1VO+ygT7BKmqd0oWrk+GyjsMmBrq0aAe9+GXhryAAQ0ADRTAE6sVZqkuE73z/ne+9/9Ph7eu/9oXPmmRJNUhWFe5UyhQwoLYdB9foMfIgDqqLE5DGGhky9pkCeUUwwkW8DzvHTJ7JO4eOcREPLWBmSqqGQYGmlUDhjzPcR5js7d0zmhdDdYGKPrJrcjofj8bTCXke9HtEQIpoYAxJRYiygqR54YM4dqosuUfupeSVD452CDxXSUE0atWXk6E8evjtx1/9zOdL/Md/9Gd/3rOL3/nabyljqbd/fHLtuLlVwUHCAuz5Ogb9PEMhnoqBp1zesm/HzbAaYSsGFkvPlTtgK/8StelJGWEm9Wk5+ea73zudjsfz8cMfnrpBbCBJLjUnsIQ7yjgZAnAsNQ1ufSRPLublFK0hAwcpMCozRee8czFQUWBRUCyIKJIL5Dxy0qzUBrq5eZka3z9r3A+rfHZwcK4Oj64bOXIBEeu6Ho/Ho9HIed8riqIIpIkAWYEMMAOAKloN9F55vufiUdEfei/JokB7zmJOYLEKXLIjXq7v1GHTDzAvd2XufOrrJlCSkmTKMg1pxuN09t2//aef/vxQf+vf/clfncNH/8nb33j/fnpst0o4UAgo+GyCyCX9nGOBrmJglwd39wgbgWtrGGhpOxJWIcoIACCoigBEieD//ODv3jt+cFLP5nVVp0pUfvT/3jm8dcOaxrQGzG1i31UfkCKVAtH3UogHbx7V54/Kyak281qTiz3PDNzquN5xQMfkmIARW/XApZyEWY0boLkPjwW/dzFOdz567Aeyf8BcxH4/EzZNuhiNzs/P6rq+cX2vP+iDZMfMhkDABkhkpCYipEKQpKmT7mO4FmOTIbRlRGVhmTVqs6vWXsryh64k88FsHivuV1PGJ1f2ArYm6nmRT0lmKBks5fHZg+/+7dtf+IeP4c3//pfvHd5i49szOhLok5qoPm/pWve8jowXo4XE2Y3zoU2WvboPrFkeOqNdVY7XwphXVvylGr3KZzUEh44A2ioO4N3iZOa5NOro/vnx37z7zjTXpeQy1aJNk6qcm6oeVeWk6AXItTWVpMpSamerfdqFWxoZfEhEFQXNcP32W+HWrdH9n2CazwicQdnAXoya0PUcGUkj1I9ETkQnkxmEHnCYJJh7fm82/3Gj+tFPnIf9aRgg9YMPyGyoZ+dnp6dnhHh4eFj0CiZ2jjFVl5bOtqouQtusRplKgyTNLKeeUd+HQnHI7BoBM1CN7MHERE12VqZZNw2tFdu6fKfPoDSvYq4YeZcUtEIdWXnAj3TyboDsXQRDAciVfP87P/ziZ/+F9b7axDu1DDP2SR0CORAweYLV/yq9FtGgXQxs9Q+8MG0s0gxoZmJtmyGr6soIyTtkvHt++qMHd+9enCSGzJbMDNXMCM0zWtbZ6EyaIJIk12rNlVKwC8rYengdIpTkM/H1T/7Gxb2fHJ8/qptMhdtXGoITQ7BFor+aKVACV2ZMmUbG70/nP6lS+JWPP6ZYhkJDv+j3ncd5XT18/HA0HiPh8OCg3+uvGucwOyQUlbaqCRECkoK2LXcagIyWzSqRmVU9oIZ8dOAAXcYsyQEwQdvdcIf++nxeXtilBD/PTsKWm9H9UJ4bhTkeCbnEsXFxlm/c/9E84+2se5n6rYJLBkhOdlST3kWvBQBgQ3T5QDHQpbbCfwbLZI0J9Xwl6eHJ/Z8ePzyej0vIEog8S9OYKSiSgUIiUoSsUpWzyiyjGqC2fZA2RE5FAuJF8AJjhZzIZ+zvf/zzRXlx/O53C2KapHAYfRKnORjVuQI2zb5imsf+vXnzzslovn89/OonR71BGQYWeq7n1fLofHJxcXo8Oufgru0fFEVogy1Wd0dEx87IREVFkQiMWQEAhEAdVFkILYk1Zg2CR/BKESCaRqBg6A28vngH1Q8cAGTAImy+4aMJRN3/+Nwd1KGfaJjoQK1PWJAIgDh0+DSBaiu9LgCAJ2IAbfu8PTm9YmWpWZ0maImhQUsmCe2dH3z3YjYZ12UisJ4zHyznMjUIJghCAAgKppLMjAxSagAUcVG1ngENr7JLW5CZFSGZZXKJ2YV+GPQ/sndt8sMf3D8/8Y1ooZrVkgpaQJiTThm//f6P36vz4ac+T7fffAgsxEjYDxQDn5+fnt5/cH5+Eq8dHh5eGw4Htuyat+gChouOL4gIRGAmZoxI3pkaEJiZORMyIxOFbOIMHIoHCwQBMRpF5igLDJDBqrkkwRYlYfHFcfP46pfLH3eEuD+VBB307gjgFEHj0bz4yBwOSmIlj+jb8EBGRDQAVcqrrKdnp1cPgI5AtvZwnbm6nJRVcNtCVGw/RVjGl7esnFeJJEujRavOCl5uf845MVMEZEqaxYyDr0FPmvL++cmjk8ezpkoEyojDnhKYIyQkdoUL8+lUkBIRELgQciWIwuyI0SSJpPapFAAMCIiYgBiJkAhNCQSJgCihMCk7aBhO0V87HBz95nUanbz/g3fOR/NrVf3W0dGgzFWe3J+V3z+/sA+99dZXvlYPD2Y+WtF3IYYQclMd37t3/PChpOba9aNwuBcLryrOkfeo0AAuvLe2nAcyo6UnkYzUjNsOZm32xKKv9qKueias1EAVJDmFANh3rmfUMy6MXEYSU1W3dKIpLjpAL9xqy4XGzJh5q4VnzWCtTw9PWFFFw/PeJ7j4GAAIugaioFu27mlRKboICtbW+LXLXGU7gPda7ABbVVjYpjytXJQbaz8S6iJ5azFOlUUIlFBRoQgX08mje/cfjy9Om3mDqkzY8+DZCIwICMGsjfU0FUQ0IkNQIvaecmPm0QwVkZGJRZdIMwIAZEZyQMTEYErGsMgBMADLlhszBDeG6Huh74u3bt4pj+89fvjg3vFIy2Ts6Oj6h//B23jrjWZv70LBDw6ICQDG4/H4YnT86JFmuXn9Rn9vGPsDYHZuUZUaTGGhjWwKAGSASNpZahAJTBbPhkAAsnSUKoESmCiJzVSiYV9wCL5H5BC9guZV/04AW2Sqt02YoWPbWVp47LmSQndRhjClow4PtEzQ3U+6fNANA39Wei0A0NLCtrADBl0AdNNLFmt/2zgE2xhpUaDs2ByP6/nDs/P7FycX1byWxEXEfmxHFTNkWgT8IGQRUF3lNCIhESAR+6hZVGcGjItax21N9PahCQCIicgTERGJqhEbEIMTARCzDJABkJvsJ43X2NOI7qNHe7/ymWpemlmIvd7+/kWdoNd3cW9AToRyTuPx+Pjk0fl4hIg3b9/qHR1Qr1iEiNLCi0240+9zVdjA1uNGaKaElyKiLf6iIWW2uVglOgM7ns/2XTwIvX0KXKsXYAVeLv+GbcLnpVdrxf0/u2oqL02vEQBa6np5uzDYRYtUCQRBKHOjCEKgQHcfPb6YzsZ1mRlKzNZzwL4G49YTvCjPLJbtMjbmMgamtWqiEpoSOU/iZWGhalsBXcpdAATEyASIyiwGiG39RgAgUENVElMSy7liFiQJPfToncthzwjZxxEAHxz0e72kOWdJaX58fHw2OquamoI7un3z4Pp1N+jFokeEREQMiG1hnzbXEpaL7lPWP0RqV9Bu5r4i2PJf8t5EmiyZIHAxSVLWk7Hgrd6hIAQBEDDqSPgdZ9l6bE/npi/RV+7ZHMYvTq8dAFq6CoPuq0XEthoqec6auQiTpqJ+PJvOH43Pjs/PypSNWJAsgiJkxAxqCoqQl/NpCItkVWvlWoNlQJaZEqL30RFlBAJ1MDB0oEk1gwoCoLXqF7abgAGwc4rA3ikCGjZNZu80SzUvU9L+HicAJDHwLjnHPQVKiCH2BJEIhGDazJuyGo3OLs7OLy4u+sO9a9eu7R1dKw6HFDx6l0AiBzAwbRdhAzTV1hR1pbvC1VldfurYac7a2QEMFh2CIefWkKomakZoDlXMyovH1/t7h6En2VyGQA5VpclXAYeECNztB9dVgnfRztihV0zuFRkcXzURESIk1SbgrJmN5rP33nswquZzyA0a+GAqhgJtPtFyl99UkFo9tl1BVdvu1muLFTn2JgAIxAimDDmpJlAjQAJcU+8WLjGCZdkda7vIKOdcn1fHRX+QBwPf64Ve33JiRueDtAnmqABazibj84vx+MLM9g4Phgf7B0fX43BA/YiegRkRVbTFP4J1F9blovtMa22ry24V01ultv2jBGQgDAkgAN2dnl/w7M7+NS8a1TwgO4L8ZFPcy9KzONpehl7THeDJlFJuBdAc6O8e3n3v7LisqnmqsQgJLYPlVGOI7cm2VJGvEhECAC4Kj62a1wMiEYECoJqCZ1i0wUZBZCBhEyUDAuz6zpevRwUWvRoNBBTb1q65rqqkuW7cMCEi9XscixjjoBjUdV2Ws7quZ/MJgA6LXn9vWOwf+H7h+332HonMAFQRqTUAvIyKuTA24KXq0O4AtowCUljYecDAEBIDAQCR4zhq0uzsUd/ozv61I9/XKr2I7f11IgdPjLt8bQkRT09PfvDg/cdcTSwZkUVfp0YZgRAIVTtLU7fVZsdaYvnStAodawkxqQARKCgBKXgPIAaAvrA5PgAAAH9JREFUpERGGUjYlhXbN1JAUdHMTEW1zX83M8vqjKxpShGrq9FkHPcHXPRijJEjqLVtgD27vf3+oD8Az72DfXPEzhsTALSpyABSFAW0ui+2NUtesNppd1Zau46uwuDWg5cVwQiqJrlWg2A4uxiPT85vFIO3jm4V6PgXReHdRv8fEPZvYrqot18AAAAASUVORK5CYII='),
       (2,'James','Lowrey','Sports Performance Analyst','Elite Sports Solutions','James Lowrey serves as a Sports Performance Analyst at Elite Sports Solutions, where he leverages data analytics to optimize athlete performance. With a background in sports science and a dedication to helping athletes reach their full potential, James plays a crucial role in driving success on and off the field.', 'iVBORw0KGgoAAAANSUhEUgAAAQAAAAEACAIAAADTED8xAAAgAElEQVR4nOy9WZMcSXImqJeZu8eRB4BCHairu8lmN5ds7s7urOzMyPyGFdk/vA8zT+TDLJf3stlXdV0oFPKIw93NTFX3wTwiI1GIaoBENZFdUEkJifTw8HA3M70/VcP/68P/E/5dCO3lznd6Jdc395e7zndNx57ryP07HBuHY+P5kuN2hBDxlVznuybEl3veVzM6b+gN3VF6wwBv6HtNbxjgDX2vSf69b+D7SHTLnj5iWx+xue0lz/eXdLW+b/RGA7yh7zW9YYA39L2mNwzw70ovG9t9Q6+ajvoAdsTUpJcNo79kvN+O8CS9wHUOY/x0zFam5x9/6ed6WXLaDYUBOADdrP6XGSIGep7YsmPzBXTk4i/Je34kf/K65QccypEPjqyr7/Be3tAzNM3Bc1fwS13hDb0yehMF+r2Q7xb9c8XojXJ45ivP0i7N+Say88roDQP8nolulu+3Wz5ob+T974H+oBjgML5+DBNyzGQ9Zske2tb/Bj/hltmjpsxYtMQYU0rCAgDuRsTEZGrEBABMst32AODuxMTEAOZuAGDuhPgiuJfj59wc9+9xsuAPigFeX0IDh5s1h0bMguAwxsYBUtu28/liPl8w0zAMfZ8I+d133//8s8+eXly4u7sDFABgFuEwjiOzmH1/F+6rojcM8PuiiQcA0ILw6ek8xEUIEDucdW2MQc2EBRG72cnjL58++ep6GNd/9uc//cu/+svtZluvQSRakpsTITHcZoA39tK/ht4wwHdEBgAHcU8A2JtZBkgg0RkV7Wq9/urpkHNRV3Nv2/be+b2f/uTP58vVJ7/87Z//7KePHr1NDOvV6vLqahhSADRP987vu/vF1dWOB+jg9Q29BB1lAPqO8eWHdBujrze/9AIxZqdjePrnf/fYFf05H9gz5x+cQ+OQY4wirFbQfL/KsxWRAOiqg5vOl+181rLQOI5m2czM3Sy58MX1arNdA7m5GriCI9PGyga1/PM//sc/+9+72OS8/vFPPv7ss0/eevi+0PtfffXVrJkDUM7ab8d7D+aEfL1ZP31yPfTKLMiiZpqyCBGRWdn5MN8YJTwY8xfxbY4kGo7lB47R65Y3eKMB/pUkRF1schkboW4WraRcUtZCjlp6Z2hafPe9907Ol90suGvTNGZFTU0hpfT54y9DywEkpaQOWbW4AWBkLEP/2Vef//0//c1f/E9/9vjxYwDj6Jvtk4cPH0qwxZLVAHvLOW/6UZr41sPT9z989MlvPr+4WG/WKwAAwFyAiSSEN37Ct9MbBvgWelZqOsKkFtwCA2JazOVnP/vT07O56ZBzUi2r1Wa17jfDOttYoP/1p49TGWOUXHIbYtu2MbTm7mjtvFXMKACleDJXK65DHsTESvr5b/6pafGLL78cx95KcdduGYayvhqsjPny8vpqtd4Oyd3b2WKxOPnwhz98Tx/88pe/vvr6CpHBRRXGnJjljWn0LcQ/Pf3J8z/BY6rtJVXY0evc0NFfehF1eczUeVWq1gkAp6fY2fSITmBnZ4v//F/+I0Ae0pXq1qEHzATetEKihnm9verzZsjDUHpTNTdHVFMgZ6ZScmxbYiBGcDdwR8glqxY11Vwuri6SjuZqUHIZ2i4sl3PXMuZhtb68Wl1t0zZpTjlth9XXl18h64cfP2Lx0+XJW289aNt5GlX1FWE8XtFlvnMT6CXX7WuhAV7E1v99krsjojAXVQNHREBwV8uJhUIgRJ937X/6r/9hs10rbTkoejEv7m5Y1DNgig2c8tzWOa+HrGoAqUDZrlgkxtg0jUQGgBgigAFEZ9dRg2EqRdV7GGD0jrquCaQAACml7kGTGJ09bEN5WhzNAMyGnKh4Gj/fDMP67OQclR6+df9v/sfPU98Thf1zHcMLHS7K45if5+cNXjeb/mXptWCA141MtWmaomqmHBpTA4Aatzcb1Xg2a/7n/+3PLjZPNtt1FIzkSMqMgbhpmpJLzDGVnC1TAGLoh5RSKcVNFQAGNUSMMSIiMUSM1b02swHAEEou2QFKwTQyQ8PBCdfb7WboERGZSQSZTLWuREcz8zLq5fppN2uWs3tNE1QTMYLbGxPoW+h7ygBVbh2TdsRc35ydnaeSx7EHtKblLBhC9/Y79z/44NH19uvL1VMiVytRKARuuxgkzLsOG5q13RxnJVvXzRfdYrVZX6zXV+t1ybm4u7kNVrwIc5RADAEFwIoHQ3M0B8jZkgFmI9Jm0SKH6+v1dkhN04QQJLbAYqCOBBVC6wCOYy7b7XbRncbAp8tFv36qDobfPdb1ztL3lAGeQxV4gwZgIXDxhIJvv3evmzV9vwGwbh7ms25xNlNNT548/s1nv7m+vjKo61m7Ls5m87Zto0jXdvPFfNa0s7Y9ibGLzWzWSRMBbLVa55LVQMdRS4kxUgMSApNApGhuFSbtqZgWA7UyZixmgFDUS9YgTk3gEJkCwAi7+Cvi5KCklPq+d7SHb9/78ouvAJHeYIqO01En2BAdnvOHaM87fPzvJckQ/Hf9AREgTn8H7hkS7o9/0zLFA6pHhJkmEkaJEh3ULBsmw2I4fPX0kyFfLU7l7ffOlqddt5CnV09+9et/+eSz31yurwcdtuO4HvsEvs3pOvVX6802jetx6Idxu+1dgUnms3nXNF0Mi1nbxKhaTBUd3RDMFQCQmISImQK4m5oWQ0YARQQmbAMHEQBkltPlWSmaVTebzTiOHAQJ1AqSExgCEommcro8/dGP/+gf//EfAjeePQQe8xiiEKEjmCsh4s1o3RrOg3/pYMRu5vT2+c9fD3Rk9vylgyivar09/3ePMsDzEkP1Mt+tNj32u7fu4dBpO3L8uQzwzJED57uylQOVdhHvPTidL2M7D+1cOJQhrZ9ePunHzSef/uby8ulmsx5zcnZDdHAnBCYjBCQDVFfVMqa03W6HcRyHAdRiEyRglMBCQQIiITE4ulvOWc3V1N2FhbBeFNSKg6EbQT1OBEhMs9nM3HPK1+vVpu+JEIncHc0REZ0RGJH7fvPB++8vFydffflVyUWtNK0M4yjCTOj2Is7rC+qNI07z0bNffRTxBS/03KN3ngGOHT/OAFbTx5MAuxEepZnxO+8+OD2fS4OKKaV1n7ZX11fXq6tcsgQJMUoILIGCsEgUIREWCSFECcTMTEzIyODg7ppySmlMyUxFhAMHaTiEJkQWYUR3BXQt2U1NVQiZqtT1ou4GUNwdYmiEA5gzh6btzL2oXV+v1pstiRAJIas5IYF7FdBEtLq++tEf/9FHH/5gNuuKFTVDgKp5HAgAf9ffi87Y8+fi6NmvFwN8330ARKxASw5wen/2q0//v6wJ2IoO2bJZDm2DhNLE4hYIm7ZdnMZzgK8vLlRLm0vWUtyKaVE1M0QXZmEJzFgMAFeb9WZYD/n++fm9tm3btkVkZu5iCJHHcdxsNiklc0sjhBCYqAmxy9kyIZGqgTkzqeo4jjklY1Et7j5leQkREBXdHADNC5Jvh83FNf/3//5/L7t7Xbf86ONH7nh1uXn85ZPr63WUmFSfNx61amfvDv3h02unAYAIX4bg2Om3bH7fOQteL19/ipkALOcsAeanUVr/+umX27QuZXTyECh08fR02bQdIKas5jbmVHJOKXVtCw6aS1FFRGaOVbQTEhEiCotXkzyEICHlbMUcEADbwG0Tg3BsAoI3MTCimTJByRnBYyPMkcAInBGZIIiYFiQUYQfbbNer1bWBESMwqhZGwFrw7IZgqnm7ve632+v16vFXX15dPs1pOF0ul8v5enM9piEKIyCgOxza0MZEZkbuQgzuuFsJx8b/aN7gyPS+0QCvEeWSmSjGsDhtY6f37584fbDeXBsaIdaxMXdzrEIx5+xuA0AgCSHEGHPOXPJ2GIAQa93+TnCmnGKIjgjIBtaiXG+2Y9GT+UxOFk3TsBAxzpq42W5nbbPdbterlWo2dM/SkBgHRwXywzWgWphJ1bKWCiJ0c3fPJZODAzN6zkaMbQjMzAAIQqCb/nLoV2dn9/7iZ3/85MnFk69XAKTgANBv+5QSAIgwIgZ0K15KIgp/8DmE108DvEBm8ZYPgM8/Xt8R+TO6YNeUwQG8ijBpwr17Z326nC3bpmkkhpzGrDoM/abf9kMaxjymcUzjmHIqWurfMASRxXzedp0DgENRBfNcUl2RWm0icHMvRYWCqpeUwM3NiCgwETq4xyDzWTfvOkQHt9rMrQktOJom1WIAUUIxJUKigEBDSuv1Vt2QGBDN1M0YKQYJIot517ahmzVd14o0IkTiTB4DzjppWz5ZzhYny+Xpcj7vFos2lyHlPjb83nsPf/YXfz6mbb9dI02j6IjgdEwSv9EAd4W+adFaaETNkJSiPTx72Kf+8eMvvvjq8ZgTABjW4sObgZMgwjGEEBi3jqmU2XzGIZydn4055VyGYRhSn3NO0xWgZN2MAyOOY162XRQeckkXlymn5WLZNaFt2xoCYqB3335rOZ9dXl5sNgOZBsbIobCiORExIiJpKUqkRbMWBSczRPQCUWJgijEGRomRwMxstNQIjTkz4LzrFrNu0YWSr9drzd5waJouhhAvr2y2ILN8ef3VX/+/T3JWicXUc8oAEUBedtHeIZJjvs4xzXcME/LtZPjsd29f85bkfq7yORQEtzXAIS7l5vDt9j8GYHiY/WUioqwJWJdnp+88uv/V0y9+8atfXq/XxW00c3d1VzcA8P21tCBkZiKAeQyrPMj1ddu2Z+cnMcambZBptpiP49j3/TAMfeoVXE3BfJv7YRgWs9nJfBZF1n3OZb2YtWeITRQAC5FL1tNZ15Jfh816mwAgBt5sVZgJjAHRQXNJAOvNupSMIo6gZkyEhG3XzpqIhFo0mXnJqjZS7tq269qmabuuUStmZmQIth2ur1YZkfp0bZCBAEiLooO1Mw4UVtd9yu7qgWe6g1XXAdwLfiLej/KhNjicxNvr5CX7FL2ifSGOHeefnv3Jy13/lonyouppGo4jYcrDax43vY7cwwFnfNMEOrjP6UMkJ0ISIHLncv5g+YMffXBx/fTnv/mXzdhnt34cHKiYFwA1K2AOoFDRmuQIjoiEORczNfCsJZdUzLIWJuJqRocQQkBGA1NVQCi5uLu6pZwlBAdXdTcj8EAoJAQQmAJBlBBZDFBVwb0OW9O0ru5uCKTg277PJSNRTaHFEBbzWQwBwVNOKSVTcwMAnM/bINK2zXIxn81aFiLCmr1KZUi5z7kfxk3bhraNRI4ATB6Dzedt0zRDP2hxBzlmQuALmKwvtk5ekZZ5SZPptWOAo82Pj55fl8hNbAenfgmOOMknREIkhIBIyEDiEpyjv/Pu/Z/86Y+//Orxz3/9y6vNqk/jNo2OaG7qZlYMHVEAsCagGZkQmYCImBkBzQ2JDKyoplwQwNWISEREpAlBJARmd1B3cy+qpRQARGFHMzMsBdSZQBCjSGBpWESEgyBCSVlVhUOI0Upxc0BS1U2/NQcgBMTAMuu6tolEkEsahkFLAYTAEoK0MS6Xywfn95YnSzBQs6KlmOVc8jgOaVRVRJzP523buJt5RrQYKDbh/v0HF0+vcibHGmR6ztzcdQb43vgAXnslWtF0uuwevne+PJvfv3/+q09+88VXX677bTbFJqR+W7TUPiVUm5PsStkBgAmYiHiKvJKDCNUVUIoCwLbv85hijN2sa0OUEIQoijQhMmxSzimlVPJ6u1HX2axzDlyU1MEcF12UEJgJkZhibIXIsuYxGSAjJvQChm5W1LICgZmxUWBpmzCOPSGqplyyIAtyiLEN8f6983tn5yEGLZpzVlUzR8RhGFLO7k5EXdeFEAAAEYtmRkdCJF2edCFKo1wKPj9tcPfpO2eAavdXMXEMtnD8u9+W2a1ABjs855bhPzVRq5+TACKY2dlZ++Of/uDh2/fW/dU//cs/fP7lF1dXq1Rsm4YMCoQIXOsBiEmQEInIiaYMLRPX90RMDixMiBXRAw4pJWlaKzpueuN8eraMEtrY5NCQ08XVlQKyhKTFh8GJwpwHNRw1m6qWQGKM866NFBX0/vKMgSzlbT/OlwshuFptBi2gOQYatATmtgnnp8uiCRH7cZvH5O6hESY6mc8f3LvfxqYkLUkBwBGK6ZhTyimVzEHmTUOEIgIA4zgOw9ZslMBtJ+eny0DCTKVoLkW4qV5Ajf0/d/pumbJ+aJo+345/HfoR/eFrAKQ6MYUIHn308Gf/4Y/7vPrt57/89IvPrtbX16vrbKW4Ebk4O2NgJiCeVj/WrxNP+bnau6oidgBAuJ51M4yMyIAI4Krrq+tQ0aBNG6RpQnx6eXl5eYkIuRTfbMqYZiKj8FzLOI6udtK1pjZrIwsJ4bLtHpyfPraLJnDiIAQBKAtJoQCIBF0TXLNl3eY+l4wIQaQJ8a37D85PT8Fcc4ad6CleUkrbcVBVkUD7nJ1IzrmUUrTEKIt5e3JyslwuiUkV3DFIfN32FnxV9AfCAIeyv8ohdAKskZ8SG8pl/Nn/+ufn9+b/8su/W22vLq/X637Tb8diBcDME1FkZERkpMBIREK8zzTzFIR0IiImQiIFdKidfBwUdtGNSXs4OLimjG4FXJAaCe3pvUU3f3B6dnF1NaRxyCnnvNGclZOmFlnzOMxmKeU075ZdaNtOkGbdbDlPbTvLwxhYgKCYxUBGjExtG4vmMQ0pF0fsYuia9t7pGTGNYx8ljKXAjgGy5bHkkrOaCcfa9AIRVC2lpKrCMpu3y8Vs0S0CxcvLVU4FoSUKWmyvwqfc8B8ES/w+GOBo5+5/O/1OvAoaYDb3//xf/hdi++TTf366+rpP/Waz3fajTjnU0dWFnXdmT4xCiEz74DsiEyIhegVQM5ChkQMzI2GVjnZg5tUnZkBG9KKDbSQ2HEIbOfDi5GSxXq+v1+sxjYiuOad+cGYbQVPu++1q3b51dnr/nEiCMHexaSIHpoYQAKJgyOLuLKEhWW/XZSyEQMJtMzuZz5hFi25LzpRCaOpIOEJSNQNzNIXsmYjYGRHVSkoZANrYzJq2jQ0SjWP+7NPPx3EUmRXNAPtw58QJtRbnrrOBvOw+AHoYxz0WsTnMFTyD1z84fnD+744OPW9/AAewes3bGQAEIBZipqxb1fG//qf/gyRtt5eqW0RkkqbpEDnnYti4z9wdnIh39QHM9TqISAxEXOObjjuXxgEaUC1upmbMhIQ8qQtwN3RgJDBjqDYGKSgaMosINZEX3fk756fDMAzbfhzHse9VNTAiYQZfpeRXVxer9clyvpgvYpQ09FFo1jakuSgtQsjEi9OTfsxYQJzbthGWQKxJ+7IJIRCRuWYfcQd/SllzKVoKABAggpqVnTePQoERZkyiev306vpq2w+6nHcpJ3chiqZYIJlPbpWBA9AxEP5RVK+9JMcck3GvqMrnO9cAr1RAvIjPdNOGNuXBfPjjP/no7Hx2vd6mPFTGRGQilRAkhD2ULrBQNfCZDIFJmEUES9EJoLzDhE3P5W5qezRYBdW4m1pxJwYEAFJyNXcvRTmiWbbiUUIARsTQxNOuHZpmGIah6YqmnEcAICIGVEcC3PSju7exERFXW847HDnnTEGiAKnjWEi9kcBAAIjmilZ/NEhQAI5g2UpRUy+ldhk14ooEd0em/Zo0J4Q8pu3Vqk8lF4hxFmaznOB6NY79Rp0PNun7A8EI3VEf4HD08eB114l/179kvmh//Cc/2qb15fX108vrPo2rvi8GpRQzY2GexH61VsiJASmGAEBV6XBgAHB3R2AKhwyAZMwCAKqpepNEaOYEhoiMqClbUXJQMy0J3EtWpCJaRIJ0Ik6Lbj5rWjiFYRiK5rpAwbyMqf5KKTbY0DQNBRIPc8JSMvWDIRXTgACBkYMiODoYmBUj1KxZnYlQs6qpFlPYaTV0hwrxU3BzmIppiLLTdRnGfiiuMbRtxMUihqZ9kPzzL66265wVipE678PKd50T7igDvABhCQF/8MNHTuXT33xytb68ulytt8O6jOrobm4uoYJ7YmAZbKziH5lK0VJySqkU3W63xVzNTG0cR9hl/qvglyCI3rVdiKFpmhB4Np+dzBanZ6cIvjiZo7mrWUkEllIGM3IYtpsgRRygabqmJRFEFGKzrGpmZqYJsOTilvttHwO7WWxEBJlE2xbdtHg25RjcxUU2eSw7deTm5m7uSFjGiTmRCAGJbhoCuBogku9UgLmjDSkL8bxpY4wnJwtmiNHaThbLt3/72ZOnX23LkBGioxAAON15H+C7/gE8sifXsTzALX/glm9wk4k8/KpNM+DuHmOsFbGAWsrw6IP79946+8Uvfv7Zl79dbTZX6w1JSOiOBIBASMzJIaXkNmrOJZeihUPIJdeLu9WE8DTJKmxAZlrb8wNAKgXAtkWhOgZoNeATRaLwyWJ57+zs4cOH987OhBCtWFFX08UspTRs++2272NcLhZt29YYq6oVLVpUi8IO6lxyNlXGdtZGEmK3lgkAhjHnbGMuo5UsbKq5Mo2675xyRsR9VmO39LXoqCMTChH65O8hEQAFaWIjXRNns2beBWIgLoCQ0vDRh+fnJye//fTry6tU1JmEGM0cjaa2LpX9cD9fE93OCXwzV/Ps+99nfuDOawB3R3QiQiQW6rfrwMJsH3z06MMP3/4ff/1XQ9pcri+RiUODITB4tlLX+liKmWrRogUAgoQYIwepSLo6bWYYqnEPLu5uOPW3vZlUu0GGOVvJY8kAoGbDk6+ePv3617/6NTEs59356ck7bz28d3bWxdlsscizcXV1ve23F1eXxHx+dgZgueSci6bMVZybobuDq2rRYh5mwgEbiyGl0oY4jnnIiRNqyQpuxqburopgADQZhIBIux5CgIiAxsRI1fJBYWFAIUKkedtFCSECMTpkMwcEokJgbjSfxffePQO/vlqNbkBAfsdbTtwxBsApOHUjUSILMzALMzkhL2aA9uM/+vgHP3rvL//qv6nmnG2+PAXCAjiWXMpYvBTTYuaqAOCOgNw0QSqCzUEa2Wv2/eLevSFTNXfdYQPcy+Fp5oEQCZAcWAJBdaBttdmstqtPP/+MEe+dnrzz7rsfvPfofvcQVFer9cXlxdcXF2Pqq4BkQAJkREZnIDUFAFNDsyZICFzMRyRDEAIhcICEngHNVJ2RnfYV/wYAYDbdbXUAAIwj4xS7wiCREYmI0SkgRyAE96QmiF5LzYglpxEZlifNW3mG5OtVMbvlA+xy8zaN6l2gO8IA+90l6n9I7lbnNjYkzDEKCwMBkn/88cd/9KP3L77+/OMfvL+8mK/7TZ/zNo+bYetq/dgDAAAJs7mHEII0UWTqeksTi6EDTSCOW5l/nOwizXm/HWdQLbeiyeYAgKbotTsIIqAEcVcwL2ZfPb18enH1q1/++q37D5bzxcnJ4sOPP1YtT59elDQMw1DGVHIGJxBEMnIgMNVSNAtBkEBFi2okcnMwTYozbNSTmamnrKS7SLQwVpwSAIjwpNbQZRf/YiZ3UyB0N4SiGpSckTgUcyE0Z9fpzKzJTOeLgHhCtN2sVK2Axz3w5NVP/XdML80AfhDHvZ1/fZH9qp5v398651YCwndnTljmnew3RGhDM5t3TRNSHppOYiPmebGYSRx+++nPTcdhXJsVjpzHzTj26+06FQ08mcJEU1UWiwgSo+x/mQX3TzSdXGWb+/4cRFQtORfVYk7V190Z00AA7kAO6MBASLU5m6Dg5H0C5Gyff/74C/ui7Zr7Z+fL5fLkZMFNSydOiKury2Hbl5RANTYBDRrmRTdr2zbG6O4cx367FUIlbIW1qKJkH0fzIDVrRYiI5hxI3d1d93svOLg5EDi4qrkbEiqRIENWH7UJsYgz84gGUACsaYOpmbkZ5pKImvv3Zm3rFxdjydJvlIQBJ/EPAIjPzuN+gp9/+BBrcfjWju3/8GqY7Y5ogIkIfHpyRDTXXEZia5rw4K2zhw8fjGmz3lw+vXysmqPQdtyuNv2Y0/V2XcBjjMiF1YVZKvgRGACYJ0dwP9JSQdRUl/6eCeHWHKk5AjFA7ctjRohUFz0AVH/YjRx23aUqO5G73cTSHVDEiz958uTq4lIE29jMu7ZrwtlyuQhh7Iex35AZEUTGJvB8PmuaBgCapiEiWK9zASZomdWxNFHdQZM6TDFKAkMicwXng/SmmbGhMTCgVeQIgCEoVCOpFBPmXYgBrPahUDVzNsfALhwXy+b8/qNPf/M0jUVYsg0ANi3NO+Ib3C0GAMQp/IyEBj6kse9Xp2fz2fxdJB9yWvfb1eoK2MexR0RDIOGumxsRELq7OVRgp5q6Tc4umge+CfDD4aY1Vit+q2y/kTqGDuSCBEBg5k6mhgC0C6qAedUASMiAiE6TQUV+Oxvq7gDcRLFcIOfRzXr07boNkYVahsCMhLNZXM7brmvbtkWhpqg0zJGdXcHVSkRsQRTUBy2mWq1wQkRStvrv3jJ3dwKs8Kd6Y1Tra4igVi9oyXudhpjUAMDUFAoiO4BiDgwh6p/86Yd/8//8crPZ4gQSfFZYvM50xxigkrsBkLlrSifL5oMPHz158vjJBSB6n0dkcsJuvvRdBrcBNwAUAiczq9EVd8+5BoHU3dPQf/OH0G90OgAQTg0aHEGkltogObg7mBvZpEkc0MFZdyYQIiKjo0PNlEkzDTtWsLW7uzIiBWGiyMQEkdE1o1IbJEQRoeW8Wy5nxBAC14r6rjsLgUVQWJ7ayjyrI5hg1CGDGhRzkaCA5BR24IX98whRjZ4BQEWGVggg1KCyGd74Xg7GtRORmhGZu5KBsYXSnZ6ev/XwJH96kXbh4ztEL80ALxvXf9kuD8cvc+NmmVlARCSR8JM//eMnX3+xWq8++Oj9i+urMaeUBgUn4ZrYqhW9amYZ3N2LVzyMmZWyd2SBwPZuTBTaPyk5739dBPcMsM9AUPWYfRL59ZWYGJwR0YEQCLGCIw51CO/TGg6MTA5CIMgsSMzkhl0jEihgjNK04eTsdB8rpDYAACAASURBVLZcnJyeVr+co5haO+sMwYCY24unl7hZey5I1LZtKrYaxoAcJjAfOqEBqk6F/gyIhDUhuL8rdwUAIkJmd1ItpqYGbpZLLnlUK0RODCwUg8dhTWDzxcz9CeLBTB6ukwNz/VAz3Fozx3IFt2oMXr2TfSc1ALNUG+aHH39koBfXFx98+MF23PapH/qhzz0QolbBxobgbu5uu9icmdUgJu022EOYGv9O/9KBE1yPVB9AJ9sFHUKg/dJHMAJgZlJDckIKzAiT/SAEiBilppAZAGoBSjXmyAHQGBDBBEkIZd9gUZhDQAFppG3j8nTZzRoOYS+DUkqG0s46cGLYWClkygarUhSQRbDD5D41EyaWJtS+Y4a3bHSRm8L2WhdQSnb3cRxrZjpn1WJmZq7VymcCYizi904eNk3Tby9zyUh3bzndgTuu4cjDyECdMEJ8+PaDp9efLk/mJDj0Q99v+jyksVDgmvdxr+khq2a3uwNUnWCIuDdjGIiEcYeBrVlYBoPdnpU1CtTNOwCoru0k3d3YIXBgAwYK7ExG5EKEblECTILWmfHg/mVveMDk2gOjC5EgsjATIQcUlhiAoZnFZtbOZh2SoNzIRA5BSyaUdg5YjNQDuDiiaZ9yQiQOkLIRVEunISJhjgFImA+6ORxI65K174e6+oecTK2oaiml3HhBwsgxzprYtouT0/vq/OWXj4WjvgYVXi9Ld4ABDmiKMJg7uDeNANg4jovTRfGy2m76krIWJXCE4rUBSBX3tm/m4VaBz4CIxaXinx294bjPADRNQwCIRFMsBZAQHcgMABgdAcSUDQidHOYcRKghYfQYEMCECAC62EAFHpMb3NjHFYUK+9odcqjJL0ZBYhGuPCSRg1CgZtbNZm1oo/rEyFNwNnBAyDkjS2ibhQOjE5E08vXFpY8DIgm4IzCCg1tJgm0AYuGmafZWih0ks0pjtZOAmc19llKy0iuAyL7GweZtt1gszpb3T5YP3nnnh3//d79ISe2mYOAu0b+JAW7h/m+ZbS+A8/lGvL9ShZXgN6LFSDW8gACmxYk9NgGwdF0ExOvr66wFWaRlcCtmgOJaNJcCVmxCLlQ0ME9YHhIyRCIwQipmFRTNRCEEV8OSzUwCm6mlYkVJCwG4WxckoHVBgoQmxGUbhSiQMGLTBADgauRUJ4EIwIDrhki15P0ge8qE6EQMVD9FJvZqtTchhkiBhcWYFNl5ZzUB1cfhSMikZiGE0gZsCGOQLlDAq9X10Cd3V6dcMjGrlqIOrrFEJpYmELEjVHTgDtHt865pAs/amFLKOW+3zZBGBSeiwMIEgeXB+cO37r1/evrok8+efvLJ4yEVJqiFFBMu6NDwP/QHbtyuW3SohW5hhw7WiX8HW77eLQ0wEbM45FLGYdhICGMeqk3vRO51VzsydQNXMHVX8BrHNHd3BwQHZ7dSwN3RCciFBc3VsrtZ36MpmIMpkVdrHt0YqW3Coumi4IyhjU0bIosEYiEOzIjYNBEA6hJnkakhFyGgEU21xTe+R80RCBHV5VPZgKtmqeYKIQNzdWFr0AkAdm2c3dwBal92w6nYJ3JkAEPBFW8Qx6ye1WtQyDXBqAaaewJvYozELBLURdyLqSM6OAcOPMtR+jETUUxxgtYxMNDpcr6cLc+X9y+erv7pH3+eM9Tc3HfdNfO7oDvAADu9sUtIITKST4EKRgxD6ksxoiBQwGq/Y9ecdtBiu2UCuTkSoTmgK4qhKwXGzdALkhCzG1ohIEZnN2KMLFEocJx3TSfSdjEidG1oWWKMU1V83R2AMDQN7HYZiyHWumRHQHQkJILaUGL/aBPGgOsHVBPUQAgshOSEhkDIewF5u4JvKmwBcxJycyFEQqbAJByaGJoYt0Of+n6bc2FAdzdTyHmEbcV4SxMbIiYGIXLEUtxN1RDdEZogQu3IOBV8uqP5cn5yfnrvs8++/Nu//eVVn4nb2l7F7mDrlDvAAM8lFm7bOJ/PL1ZfT52NmbMrCqEBeA1aVOu/yv1dxRY4u7kjmPq08w9pcYaKlFciiIhCLkQBuQ3SBe6ato0SOQTBGCUwNREj1V0vWFiISISdqGkaxym+1LYtACC5I5g5EU7IfD4wgRCdcG8CAXJ9v+s1DQz0bLXx7SQrIgIjgKEwGbp7LfORJtb9WLerfsU4DENKKZds7qZeHIqDqQWzwIzshEyEgdgMicndSkqMTkzUBERUBS1qqLOuQ5S/+4e/HhIzR0Dsx7Hmp+8cvXwe4MA6PxavvX3+S+YB4NnrT58e6IG6mh89emRm4OSORELCmcg0ax43/WA76T+OY2UAtXLTSih7QY8IRCSCDRIhNiRRSAgDeBRpmQPjMjZCFIWJqIscGGNgFgrMwlT3iIkhEBMJA5FEhqmumCobVBNIds9Sewrtn7EyANfeQzwBMgxBiHkn74kE9u/9hgEqKrtG7m2X4J6geCgdt4jeNqEJsYmyWq1ySuM4bvu+mCdT0GIIJfk4EjJHjyRBiICo4pVkPiumquoeAjEAFbOnTy8Xs/lmO5ZihNHNwayaQFif18ndCcF8jwu6mV86Yuvrgf10PD/w6msG7qQGqIZDjNEQipsTIjNUF9NqYtVzzjmncRxzztXUdncjIAdCEyIBCIgBoQFsEKJIQGiIg6A4RKFGJBJ2TEIohIGxYWbBKMyCIszMIQRh5ihETIGB0Hhqm+KEPuUT0Gnaca6aRr57CoDawBG9IjV2wr6SPRdf6IcCgggMiCofOCE6UpC6sBhDOwdsGmEOgWPEy8vLJlLb8KbPpJ4MraiqainSRM2ZQ2BhkshTgQVHiojoqjFEEVH1sR/SMPZrNQUnvIMA0Fv0mjLAN2VGLUqvVUu1+UJoOrcEAEzsAIVAB9VSUspDP/TjkLVozmZGBBMKWEGEBaAhCggRoSFqmBqiloUJGqHIyIBRuDJAYBICYWJBFpTplViQhCggCEEgYASZbgx4B4Cra5UACRDYb8OFp5Z1OAGmHQFx34ydDG/geehkOyDss108duCouitZ3QmHEQwQDRgYAzfYgSAFl0bWV9eITsJUUJL1aSxa8phEc9EcigCRSN1mgJ2YhWvasY0SQxuqs0ucUl/dF0SzvZfmh/x5NwDSrykDfDshEpCHEIYyTr0LwQhhHMdNGjbDdjNss6pPrZXR3bmCOt1IIRA3hAEhIkbihqhhjIyBqWUSQgaMjHX1M7ogC03h/AlUgDhZHLuXCnjwyZGdRP4U/iNEJHBwBPiGPWgIdbkjTBs51SVDe+j3vuNQtQSfF2lBInNzBzQCAkcnIShkkr0YR24gAsxijDHK+vr66nI1D8KUiUM/qgEX83G77RGQOYZWmhAkmGMjoY2BmYYBc85vzd9+/933rtfDExmY2G7ZIXQYC78rtcJCL3mjuGsQUv95qe/SYfwbbC8eDo/DHn11owdsX7fqToAmzLGV0Darq8vtOCi4I2zHIVvZbvv1ajWMgyPXK9dqEnQUgogUJTSEgSUgLJoo4IIslRkAIqJgbVNOhE5gRELMREg7ZxdgQr/VmIr7zS5lBDiZ4HVfFayxV2Aw3LMFIjLBYeaEQ92spj46V47a4ZMBbu2ZcHusdmMJAFgd/VoA5ohGTESklhGRhGQm47Ct6G4OYbPdiHhM2AQcko2pZGcFNIWtjpA0BDezwOOybbpZ07ZtCGEcx7ho750/ePx4Y1AApe4uu7uHPaIWDIGddvmKGz7xWzj+Q3z589fSrcOH6+0VRZzukgaoPZgUIVl+6969Ynkz9E6Yc9mk4XqzXq3Xm8267IsVEWwHW6C6voX3qz8wEUzSXRAqewQkJhCqrRFRiARr25Rdd9Aqzg89tqmtiIO50/OdfgNiIN7J+FvEoV51utpOqdxKE76QnDm8KzUgBAUnZjZHRgRjQCtEhBQbiVG2/TD0KeTCrAAAg5ZcnHksmlSRjAAYvKTUp7EYLJcm0ozj6AjL5XI2i0PGlO92Z5TXlAFu40NrSZiRg0+dmelHP/zR44svUskFfJvH6816vd1er1cppWfQ9rUkRZBEOBBytelJGqEpAYXEiERIda0TUo3VT/sATO1AD0XvbpUiIhFidbupbrh4PBo2bVWJNxLdcGLOmyc92MTyVREhTbqJhSIQIyUAc0bpgm76EXTj0fJ2SNvttdq22GiIJGqApl2QJmB7eXnv3tnbY14uUtucSNMsz5bbL6+RquXj4HRXagAO6TVlgOeS4QTGuv/2fQrUj2NWHcu4HYZt36+323Ec1b24VgmKOy9SiIKESChMgsBMkUmQGYABpr3Vd1kp3Dl3tYUOHhr6tSKUoZo+PCl3VlUEAFIAfJ6JAnAT8wE4WP1wa7d6eOWr3xEcd9YjETIBiIBBjF6UiUpwFmmaZhxzIBlzuVxtnUQkSGybbuZFY8AmYEnbTd9//tXj7ZBOltrNzpbL+dPL9ZB2puzE1ndMG9xigINWH7cn5navz5ei4xLx2ZG6Ffm53WnewQCdiQ2BA3/0gw/X/YrIk47rNKyHcbUdVpstsaC7OJv7FHcHI4dAUjfYclXiKdiODjKFOIGBiImxCnyoIp8RmL4N4LWvHUOvIRhHQDMjIEc7RMAQ0k0pFiEh2k4PPBPV2X+n5kOmFMghUx0bz8lHrt8yRPKKx0EEd0cAMyQkIEWJDOSQciIBiQ1utlGCEKjrynxY9cUMJEBObdvOFvNZK/fvfSTkAsiAbpC1f+vh+Xo7juN1Go0RsfpqtVEkOd7ihMP3z48LvUgfIX9FOYFDG+HOaIAY45gHRxaRBw8efPLlJ6OO22HYDP2634w5hRCkCdMWpWbutSLRqLqkPjUN3e8JDbu8Eu3eV6IXFmLubmpEDu7gZopIv6M1QF39ToQ7W+iVGzzfJEMgB0NA328QCxRYMOasVHS+nJWkImiMX6w365zLaJqTeq2f0zGFbEMXZN7ENsSzk/Mg3YO3lu8/+ugf/uHTv/37n+chq+ap7MepDumdAEbcAQaoLkC2xCKO8OjRIyB3L1p0GLdjTkPOyNR1LYuYai7FcmbAKkVJHcDrlOxruOrrfun/K9S2mzuaO5kpEVYNQObHQMH7eI4h0IEVdKvA7iCtdEz1HOvmfTTsSAi1+LnyAEJVPgUchBip4FSb5iin4eS9dx5sU05luy0DYKswJlK3lAsMTdCu0yaC+XJxXgxCpJOThandctrRdurrOff6uvkJLzf1hi8YkfhdhPayKRLhaKpm9uHHH6/67WboDaEYpJTcjZibphHmlxWot7p7owHYi99ZbYViaj7hjcy/dXoRn1nvcHz8yb5hHd3+1jf/AG57Fzf3Ob1W1IS7m7oXN0fAwBxC8ZIgo4A0/M47D06XXdcwlCLggGZqOWc3rG/GIdcu06Z6fX395MlTVyUKO4BT9Qdeen7/veioBjgcxNuQn2M26M37W/7DwUAQ7uUaHQ7Q4TWnjNWtH3EAsOwAsljM7z+4/6tPf40kq743qO0sQ9u2EoKX4sSG6kTIjGaubuiy399+2vFij8KUXQyUawdNRCRymjqcMJKz7PbKqwH+qX/UcTarlrYTEtccWHWlAZGQcdd+AXaqgA7KCKu3vXvPz4/9E34TIkFuXvMArujgBRyK7Sw7RjQ7jMSDASBTLZlzBAgcmMzA3Gfz2fvvvfv19aYJozuomrLFOGsktCzkiBhMcRy0a2lYj7/6519DIRdE4IM8QC3Z2f/o8233wzXAB+cc4qr1mMS9VXN8EKA7OOVFfIM75LMTUTg7u1fFWHEzwyp0Q4Ul8y2roWJ6zW6goDcXcngm/bfv3bCjWjDjtwJDR7oB3LrOUf3z4p7F7v6/Tfw/S99giZv1vhdMu5GYwLHP/JDvBJVqns3be6cnJ4t5FUburlrA3AyIpIndYn4ymy2apvv0k8/GMRMwFL9Ta+mGXlMf4JsxKERk5nfefgcAJqvDrAq2GEPXtACQx3H/LVNzMzAHVRQ+Fr3CXV5rtzUMESExMnGF6B/si3or/3WMamCHAQygwjn3dj/AZIXvYZ71+F7Z0gFW4lW5xrjrmf6NG30mSjNlkYVgOevOTk6urofihubGyOBmChCYZbFYnN87F46qZGpBQimEt7oFQ81q7yfxSO73taDXlAGeS0R8dnZW+zPXGpcJ9sgSY7Tb9XJa+yqbvohccgSYwPqEN+H/5+IOXoj2K3sf7Xnm02deXx8SCeA+75q2i87I2ZQAhc9Oz+dtd366fHDv/rydq0JO6d333vvii18wkRuA34moz7N0iwEO5e5t3OK/fpaO+gzfsCh2deJHL6Va5vN5lftarFaINk2zWMxFeBiySEgpqxYAMNO9nXNjid92Zvb3wMxTrcreXJ/e3LqbW/YQEgHWbVFrPre2cwamCf1Gk1lc3wNVJ6N+uqsQIDLfodyQHHH//ASHOvAwWcbP1Q4IgG7VpGcMdWMm/10bcrljbRXj7gRg5khupUQOgaT3EQGYKAiHICcnJ/PFXE1TSpvNcHV1bUYhhOyI4KwHiwcBD2byll1+6+YPY/k3/HNr2I/0EbpdN3zoD7ycjrkzGqBObSklxEhTxYYRkQSpbXZw1/CwFN1rg2cyq/gN6//mowNTn/CbRIQ4AbEPUaCE+38mtph0ByJNncXhIL/rCLTrOH4YD725xN4JPmSAZ1EYz3sAQjACtNrgiKpjQH4kGEP70qLqS92MsyqiI7lbBgARDLOmbWZpGJ9ePE1jfzKfZ8nX1+snTy62K1dTd/4m/KTi4V5/ek0Z4LAz8/4YAOScW5kRUS33JeKmiU3TqKq7lVK0HAoSctNvMafdHGVayXzoAxBOKWGsQKBd6IigYoSYiLjuoDoBhZAY9wdrMIeqLplasiEi1nYjB9aRTSAaAkQ/8AH2nuu/Rff+/9S9+bMt13Uetoa9d3ef4c5vxvwwTyQ4E6IoRiStSFFclGVbscVKpVypsiSnyvnN5f8glR+S/AOJnZSdUXZVYpYoy0lJlm1SEgmCAEEQxPjm6c5n7O6911r5YZ9z3rkP75GASAgPC7fwzunb9wzde1jDt77vp1nuHLp1fqioI3IEmmlljC2peq3KDhM3TTMQaevdFFVS8r40ayCvwbq8nCsS3nU5/9vZXToBbjGcRVSYUnLMRJSTGUjIzDPJFrXRaBRjRETnncT2di+Uc4PzjDWqYm7C0ltyPpQXWkKgpeX9qI+0cGZg3gOA8+U/V3xnOqJZQXUWAc8fzGKD/LVuVzDC29S2MtL6J5mRoS7+Vo++9gIimsHEs0RCEudwLm+UDIQInSNQ05gaSY3EaRvLY1W31+1WJSIWzg32xzs7+/W0/qjk++9kRybA0X7f9/dCR/M2R7y+xTV6t5777EMsvW8+Ja9MBBnTjwhgkhy5G9eubZ06VpalJAmByXvnHDlCo539y9O28d4joqRUVZ12WsNRZ3FuuuDVMRNCjziDASESMc7TPtkvMmPLLm32eQghS2cbYdYVAGQj4lkY4PL0AUN0sw0FAIxmUIybcyzz81NONmZvbVavmL/9kZwJ8c0mmXfvDAZsZJbxf6iIYBmBpGiEZg5IwGSe04Fc92AkJCMzATCJKioieUvKvqKaWTKEeOnK5YP9g9W1/kqv3y2rTr+zRQwwhhu7kFs70BaZpeyCLbjwFmoxioC0NGGW/fil4OAn1xPnb3H785f/8kgcu+SkLZ//0dgBAKBgpwa7u3uZ1SyE4MQDGRGp6ngyiTHmDl0A0J+Ys0cAAqWbeUCdDTmmvHIvlnIkWsRpR7aA3IWc135myx4/kS0HEDQzAzBySC6XhxbRA+Qc5ezFb3r/9DO6PUYApJg75QFwjrI2BGAjAWNEUEuzKU64qJbcUjaZwfzAzND5QpHaNk0mY0fkXAg+9HqAuPfeP1quwNxVscFdOgGWqTOzKYKZ7e7sXL1ytbPWLctyGr2iImJSHQwGsW27vR4iqmruiUFENbvFaTi6csy2ggVjFRMys5EhohEgk6HlxR+ZkHONAIAJmPI+MP9hJELHeQ7kNyIim+0bZABEdMvoX3ykO43+d2Nm368xeTGZ9WdaMmMzQwWcowIRSTSqqIqqLfxARmQjwXkUn/uBVDTNFSyd92U5UxKZ0QYtYn01nMlY3e1291bvbvGAVVXATPT733upDIXz3nuHjpJpXdeT8RgRQwje+yyL+5NfXI9usoqQSRyMMIfFuYsEF026RJBHOd98QPMHuZEmx9GL5R95NvqBZ8P9/Y7+n4vNR2Y2R8gIbMSZmiV/XNOczMnVrtt7IDGlGaU24uJr5l/91GTr3WzuTmvMTx1D79Hu9Prvvtn5yCz/nd3iZXwRkYERcmraC+cvrvVX9sc7Dh0h3hgOY4rdXi+7QwDgnYtL3P+3RUomSW7ulnjvAICJyrIoPBPlPjKDOcdbhhAD515JR0SOPThy7ICJPNs8WYnscvkYmRajf+EX0W2yW0sKk8tXA249NuN2B4PbrVs6ZwBAnGFjmNAUwYCyNp5mZlACyqIfmcyBzIQdJ0kZQG5mgFAURf60hKr5vtCMWkZU29g2TVMEct7nD+8ct228uWMTcG7gztvsvBqtR9O4ckd8/+1rAneKDY5cz2XYlB55snSxbnv63W05g04GmqRTVESuU3WZuW1jitE7X5Ulz2q5M/qdI4YKePOy3rJozVCujoDIMjunYyJmdo7ZzchBXFbUy4N7MfpnO8B8E+A8+t17Hf0fnOU3zU1hhmCzYlz+skv33QiAcsMQAOQVJGcDll7sCJZJkkj2hJKEEGDm89xNrv17trt0AizvsPmxmgkYIqYYX/zeCwCQUuLgRZKoFkVRFAUxz9L5N8u6y5bnxx12JOZFvp8ce+fIMzoC5vyDTORd9viZOI9+ZnLOOWZy+ccB32b0z9py56P/J0Kdb3s5FH6aKOIywi+7WplimsgBkBEDOmQ3e4CZdeJ2uLpZJHCEwvqWhTdmccwkSVJRFEioZrf0TEOODeYr0mINeD9f+6/CPuAgGBeY3Nv98iYQH8h+SuJ1uYTunc+JoEkcx5hCCN45UZ1dZOacypCFsh0qwCIazgvbrQ17RGRkOb1DLhjoTBxpvg4iM5DLcbAxATtkyiOeyM1S+kT8Ls8HCPl2DSKLFpn3bApANEN63qlhhnLvY0bmICHoTTDcbE8Ay5g8AzCgowQjKhadhRwv3Dyc1x/gWa7IQFIS0rwDmE7f19dYkpn68M3dscPoDh/xTh97mcf9KJTz9rl/WhKMRUQCQCDF2U48Y4ObIwlgOZgD7HS7eX1KIhIjGZQhF4MNDRwSOOddmIzHDDe7wCj3BqoCciadBTUyylhoSQnLwI4BGdktMCUcwiwMdmzMmgvFzBSKPNmQMCXljJhhl1QIAZlyinY293JlSnNYfEsAkNVoliKfPOdyYWoGWMg5TUHMBLogmsSQnVtij0NUFUtR1Ps83xwiICuImaqhAmiemKhsIVhihcZEoohmhkQR7zwyq0FSdd6RpLySH73bFKMWDoMLMUYAQrUcpM2/lCnwfOItNZrbTWW0eSP9fDO8Qx3pffcJvE+74w7wgU7QZVHe/HTx4L28b1WWy4IXIfgcyy6WumU5a4JZNoeOXs3s6JpaUohiBNgm8Wqu9MZujrDXxHMBOWIEMiRDYuA6ISI6I0Rk59VUorEZshNTjWIgIThEIyY15UXTls02u5tkt7eUckxvOTJzz1FBIUmuijMSmynYzKHPl42A2c9qfCmJgRBRrnzM5ChVEElRARFREVEJEZfbhICIANl5jxiRZvVAnpc1EByzN8MY1TOmqHbU//nJtmgbuyNM6a/W7tI6wLuNlvbNbq8LAIgoKZlaWVYit8HiIuECG7gALiBlXGb+ByIgmI1TkuSbOm0fbrdt26a0uFNRZ9kkZue9c/M4tyzLoijKsgrBI1IouKo6Vafo9/pZyTTvDIQAaoSoaFm22HA2uOldu+l80Et+YwA46vorzZp3wUzAyCgt2KTJMuiIkGy+yhICxLpdhOCEM+ZgW0oCkIEsuiZBzRAIHbsQPBMTZcAJzeIrJmZSUYlJ22kRwgx74pzMuSjzrXkXRdJi/t9dqOm7dwIsiBvebWVZLShJiImZU0q3zZEtltvbmhEKgZg44wvnL+3v741G4xBC284GvSHwTBsLHDuJMcfY+dbe3HZEnPdF4YvCb2ysHdtav+ee01sb6xsbq2UoOmVQJEcKiBnVREQ6nwbLo0SWFCZE0mIfa5dwTaYWU2zq2Lbp4HA4xzIB2M1hyo6Cm3XJlUUex0RMpQ9mkAeqqqiqSv4PkqoqmOXOlvzBZnx4eQIskggAIKKx1UagmY5S0lz0vu0adPfbLVigpZzrHY7f6fz30uuzyP3f8nLL2E+ahYYIeMQz5uAlJVUjz6EokgkioVoIQUTwXX1PC4JENSXwZDIngJg5n4qq7BLIpI5Xzr8zOBwROWKMSWFpQ/e+zH2+BkDOAYAhGswaYHO9U1QjQIwyaeP2weG5CxdfefU17/mJh88+/dRTJ49tOeLgqOqURJREMuYikw4tX4pMN6uiYIaqkiSlpKoA1LbtZDy5fuPGwcHhYDA4HIxi1OF4khSSgpm6EARMNQGAZ2ZHIQRP7L0vCt/pdqpQ9Pv9siz7/X5VVcRACGzKCCoqioYEQOyd877s9HCRUAM0m7XF5Xbn2MamNlJutM2rQIzxFi90eZDMW4RvteU7LkeO375v+IjdGdZ+88mRl7l9TeDu3QFusbxzz1gLHU/aqUg66jrfaQd492HNTPy1xOFkemnnelKIRFkiCBGc8zC/Da0pAdBSaDJH6me8A5jNGehQBYnQK9qkjb6NL7/y2htvvv2Jj338qUcfWV3pECiz4+AN1Ax1zqt75DuqqSqopdSaSBulaZrRYLy3v7ezsz8YDFSsTaltJamJoc7I0WE8jWaWLAIAqOSSlqgC5LidENFEHTvnnfe8trHe73U2VldWOtVKr0STZjBQigAAIABJREFUqnSFd/OKNhM5MAKj/I2X8spMZIiqhiof1VbghX1kJoCkpJbpx6ksy4P6IMabwqM2V0Ba/pNFFhoAiDMNKJJZjouVcTiZnr9yaRQTsiNERc3UTooLnzjnb1SXZSkAySATfaIeWd6QkMApKKlFFZOUmvYv/uK7w7295559cmt9LVRlAEPHhCgO0fAWdUQzExVU05SkTYOD/b29w73d/cFgcDAYqYIiRElRTAyVERQVNQ9yAEB1auICmyZJYireezMREVE1wCQCIja1neEYAAICg508tn7P6VMP3HeaXOVpNi1vacsmRmYgckTMBIiiipI+wiCIbB+ZCZDTPgyIzCJiasScpF1skXesky+lmCBXfI0UAIHOX7kyjRaBHFCmuNXcGRjnSXQAA1UAXk7yEirMuL8RwQyYafZ71SxSCQSMgdBApWmat956x5M+9fhjm1ubqWl9WXBgNpcrrotXzv63qqKaRmmm093tnUuXru7s7Td1VAX2rlFLKgqYFMRQVcRAxUTUkESjmdVtgzYLUVLTwHxqzT4/oiGK5HAA0PTH71y6sr1zMBp/4fOfRlLHJTEx3+Iec44JcjDAlDXj7+j3322ozzvZ+9cIWxpmfGSRWDpnGd8/S+Dn1XS+QiMgLvHhkC1eYe4XZgfj5pt5dJJSjLHbLwGgkWRqOUmhGgEVQCA34hGCgmmmRgRkZESa+0KKAN4hu4vXrk2b1BoSBzOj3EWoagBFGRbfNAogoiNGRNUIkDP0mQkZAdEMUkqZXTRXYMEM0NTETAkUmOrYXjp/YaUoPEK32wETgiCgzjHOy3cAs8DUYpQk0Mhwb3BwY390OEpNAoGY4qRupyKtgRmIISKrmRkmzaL2liGdRHZ7ori8s9kMCZL7wdCAQnEwbl967c3T99733KMPOlcsyZAZAubGDNPMh2cAgARIJtKSzb2gWWJg9laS64gwe8PFR9DZnc1PbHGdeekTL59/pz3mFtfx9ict2zKyeGnafmR2AFPN7qdnl1JKMepRVc73dBUADEiRDgbD0aROauhc7ltkBjQ2AMpVznnsQGpIQKKIBGrzVc0sU8jlCM8AUMlcrjshGRsiKCMikUNyKG3dXL10ufLu/vvuIwCC5KFU8JRJqHMwoAqqoIIqbd3ESV1PJvVkAgqgimo54AY1NZz9q5DmiZvsPpnJYnDM4Khzu3ncZrif/NShE9ODYfPCS688ffZ+iUiMnW4HYHeBAsqtv3mTzPeCfho64yNhH5kJALmqxc55BwDz9MjMFlnRd//JkRIPoiII0sHgcDgeEXtAQwKiWTGWDNDQObzJIpq54bKjwrwQM5SUYJ7i0CQEBCZkVgXPSAxGSDkB6QgIXSCLzXT3xvZqr9vXVcCOonoqc8RpQIiYZS3Vkmpq48QgOkelpyiWIIN7MIokZAJlhGSSwNhmC6+AUVbOXnS04JFKQpZjWrpis/kQRcXQkM9fuLS7f9gvSzNzvExZh6IqklMpC0WM3AL20Q4DPkoTAACYybFLMWUHd3nEL/DAhChwm5g4n4PkJpPx3t6egmU0NbISmMsqjQAEWLkAMJsPDhkR2WUXSGFejKtJ89uhUtmtEDGwI8C1qnJgDAioaEqgLqsAQyIxa5vD3R00BUwVdgBUg+OsRUeUx7+mqElEIhH0usFkbTgcC2vk5ETNrFUy06RQtw0zCaiCJVUyE1RbqqbzHD4NMIt8cshkZrikTKppxgo3Goy2t7fvObFFKu2RpmpSMWWQmQAUzIc+/dy0ij4ke98T4L00beCR2OBI0nDp+K39x/nMnPvH2fnLf0Cm2rZtWZZN2zjn2mFDBlFSEokx6hwMBwBmlu/fkcjPFBA98Y29g4JcqMo2RVXBlDxxMCx98MSdsipDwUSe2TP1Oh1EYmZCbGOdkoikpDqWblIFmemXIWEVCgfWZVcAOc+OAE1ATTWaieeKwKqigChST2XqkmdGc1SBz8JZhqpgSqYAGjxF0tVOJxCVhCnKZNK0akwuKQhgUi2DSyk1UaKkFkFNHZHarCSWSS6M8OalNgIAZkLEadukGGNMSZIhtG2Lqt3gJ6NBWZUuBPbeOecdCWCS5FyRkoJEzwjJ2kZAOSVBpKVdRRfQrzuxVROxzcQss/+4fIN+zpvJneKEZRL7j9gOkOV4p02zGPEiqvMivIqyY5iXVFWRjmapzTS1cbh/UBShE3zBCKDe+6IoelVnpddf7fVDCL1O2ak6a/2Vqqo6ZchMjKJS13XTNNPpdNo0+6NB3TaakoiCKKE5JA9YqBVE7NgRkhGYqIBpTiyCQ2A0BGUDVkUDE0XOuBicUZQSCSgDeM9FIEiOuh1ppRP8NErRsaSgBkmhjq0ZKoIa1hJjTG3biqSUZJ4XNkAgMmLiGQ/AbC3whYfCMzMitm1LRCmlthkXPrRtVKAUBRYcxkaSDBEFzWJEczECKdrPhhgjRH3PwdsHZB+ZCWCqSOQce+enKeq8Ym9zOQwAUJUZ5kZuKQhgJqcgw9S2Hmizt1KWhffEjjqdqtvtraytdrqdXrfniAofIFOBDw7HI5ZZdlKYnYgoEAdHoNLUABCQfBEYTUQDQlAKTM6hQzABMNAcJM/8BiVTTGKSTMQkpgS55ywL/iJhUkCCSMaOQnAmQgCCpIyIMU5rQyBAQOsE7zi4IpDzriw4+BCC85T9wwXuEmcsR1jXtaTUxphSGh4cxhibpkkpQadgZgCIqbu22k8psQ+3XH9Vgbn+AZmZ5ZZ5vTMw+6cbEoEcaf76q58MH/4EWKZqu0Ws5dYzM3mJcyk1GXlicyIDADA1UUVRPMoGDkfcNo3TyeljW91ez3taXV11hev3+/3VlWE9vXz92tVLl/e3d0aHAxNNklQzgwg4R4jmvAshVFUnBH/q1ImTJ08e39waDod7OzutREvqgkfnARGYCDF/NMy4N7tZXJsFu6qqgAnEARGKKPOMCsCIzJIjQOfQW6spGUQANiiQIYOBFVSsie3h4WEd23FTx5SapkmxKYoizFomfK+32u12V1dXe51ybWOdGB2zZ6cpxXqa97TRcDgaHo5HY4e0ttrPPW7Oe5n1MZKiaSbxQhBTBgXNmG2+UyX4TnUAMpD5bzPd04e7Cbjl/OgRrPDySDzyi6WxtYzvt+XHS+ffcUDr4szMUPLuE2mZwRghY04cc6xTG6OpAkLOy2WPyNQEhRBFRYUMHLA4XnphteBgtdddW1/1RbG2sYXsLly+9B++9/1zly6n1HRdQSoerPCu3ysds/clADATgCaRFON0OhgMdG/34MXv/bAo/Orq6hOPPXrf/fewczeuXr6xs7+60qvQgSMEY2DQJDExoyEgsvNFKDtEHoAcOkB27B17NQEjQCMiwQg50aSAiOxcK4lcIUTicHvv4Nru9nA0PRiPiYiBzSwEl0xTSqopDodJUoxJkrattlEZoSyLULjeau/ee++9/8zpR++7f3Wl2ylD0UZi8AyTwcHm+uqpU6d81TEO7J0i1CIKpuCSiGL2iAwaK7C0ZAx4dOgutU1S4ptXfTZmcvqUbTYuzGwG2bXFHMibwCy9cUsadxkXdKTFd+kzvF+n7MPfARa2DHj+yaYiKUYzSyo5Ks2jP6YZJCvFpCJJhCxFIkUnZmCmYBx8d6XbXesB+Vff+PHbb73V1DUgB4StzWPHV1fPHNu65/SpXqfq9zuIxORaTSmmNsXh6DAliZJE7PBgPJnUg8FgPBy88MJ3/+TfjrY215956olPfu6zVy5dmgwOQ+j4wLGeipgR1bHNGIJI1GaSReMEHFyB7IEdARmAZb46INWchQIFU6JEdjiZfPflH+6Mp8AhojWx5SK0dRRLwTlELH3BvSqQK0MxZ6BgUQ9A+4P9nZ0b+/u7h5Px5avXX2AoCM6cOv3wIw89cO99Gyv9knDz5MkHHz4bOl3wQY2igQGJmeRCsymoKSmYgQFrgoTLudS/xO2W+f/vZPjB8wjdRRPgJ9ssvYMzgqBMY5NSjCmqimUUpehiB1hW6Uma1xgAg6rTVV+8efnqj378I7BEYquhfPihs/fcd++xY5tdFzrBW8qOSkoWG22b2DZNM22baZP3GTXDtZX+iWPHATS1dVmFyXgyODjY3d79v/7F7z9y9uyjD5893N02BSGqCeq6LstibX2tu7oCTFCW0OlQVWG3I0iSWUXZpZSQ0IwMBcApmCJENHHuuy+++hcv/eDY6dMtMqKpqomudKvjJ08fW9+oqtIHZzhbDMnAITEHJocuIFMoCx9ck+qD4cFrr7/++us/vnp18NbFK29evbay+vIDZ+59+vHHPvGJz2xtrGMIFJwpuVDmkRclRREQnJf/zJIF8hm599NkAX/KPTXLvRmaJZwWB+lojvuDs4/MBFi2DHVW1RjjXCxD2jaa6SIIngmhqIGRKphleIRNBV5/+aWD4UGnKHqd6plHH3nmwYdLduQCO2Y1qdvJZKJA09SOJpNhPWnVYooxprptTGddnlVZFn5SlpVnjHUTHJ08fuz0yRNnz55tmubVH716bH2zbdsQwpTg+mRyuLM9fu21ZFpVVQihqqqy0+l3u6dOnFxbWzt16vjq6moIARENRZFaaiJhAqgN/sk/+1+39wbHz5zZG06K4Far3pkzp04e32IF04RqDKYxKhiqmqIZCBCiIBLy1LKoEwN5Io+f+Pgzn//MZwaDyUuv/ujlV394Y2ewd/Cjt94598NXX//lL3/p6aefLiiQd0XVAUIBiyIxGkNm9hUwQPsQotUPyH6mCXAk33+HYGi5DrDMCYBLmJDZ46UO4NuxQwMiOu9jiqUP4xYWTTAxxZz2IWIVJSZVbWOdiT3q2DL62NYgKabmYO+dWNcbK70HTp14/lPPdR15spQajxRTGkymMcrO4WgwmV4/OBg37TS1SVVVmqYpQ1GUPvMvlIVngF6ns9LrFp4K78CjZyqYi6rTD/dMmxpDcXl/91svfn+coFGQmWZ1HQL4EDpFWfqwcm67cK6sgne+KP36+vr6xlqnKCvvumV1MB7/T//0f0FyVJTXdg8fO/vQc088VjIRQGxbAs2Io2QSc5ZGJUYlDJNpo2bJZHZlPHLgXq8nIDwYBXYdX3368aeeffSJty6cf+Hl74+Gw+98/5XXz59/7LHHvvzVr5w9+8i4jeBDwlGSBIBNI5AZhYwCBHK54HBHDrLl8bDAdBGi4rJq3BGI4WITWJwMcEtj2W1eE46G4cv+0tG20uVY9+bxj+QOsCBpUtWYoiQRFVXNgAViAlAzydK9SNSkqArXb1yfjseM0C34yUce/sSTj7vYOiJCTWaTyXj/cDwcTa4dDK7s7B828epwWCuG/ooYSoyM6Ju2J4Qq/cIVqS4Qpm0cjiebq6udMmgBkVIZvHPOEfWq3rCtt46dWj9+eefiduNA5lWiabJgUJuWMU3bSfBcNuJ9S0O6uj/Ut86nth4PBoeHB3WEsvQq0HP0/Oc+/8DJky7VAYAs05+SmiaDZChJgVEUplFH9eHBYJTbZWZuBhkzdrsVMXWqsvJ+pSj7VacoO/efOHX2rz/wnRdefO3tN+u6ffGVV67uHZw4ceLUyTPj8VQMc5lZ1MhMc84GLTd28s/M3Pih2109AZZn7SzhYEAGWQ7VzFJKKaa2bbNYaSb2IeeM0CQZkwEl01TbtSuXp6kGgOOV/8zHnn72kcecWEEOYpqOm3HbXNs+vHh978bh6KBu3MbWM1/58m9+7rPF+smh+stXbvzoB98fH+7FweH+9rV2eDCOsWyGPcbguaijGHbK0C2KThEalcKHDjl2rld2a7VnH3/6rYt/LAARZjzpzrESiWGjBilFNIspgbFjVFPVpokN8giQC2pVKelzn3r6wWNbHVRAdaSsuZ3MtWBRJKklhfF4snN4uD+ur+/uTcSmMUUDANIkZokQekUoQ7G+0l/phFHlVzrlWrnS6/VTk557/IkTx49/67vf2R2Prly7cTAYXbx0pap6nV4fkWOdQIGUlBSMyDk1A1NH/HPk/3z3JvBXYB/OBPgJ/b4/0QgAwGYNThnjnlLSrAcpapwB0jOKP9WUiBjowpXLKbUE0Hf01MMPP37/A5wSATjvYmuHw8nOweG57b3zN/aO33f/137jN7/017/mtk68cvn6i29femd3eGVv/NqNAdSxI/jIxz/z6eeeffMHL/74hT9rm3E9HRdoMhlPYjNq6tVup2upcq26UPjQ6fmyLDf9+tpqdzQeG4KYcebgBTRTVRAiMswZUEnJCCWlJqbRpE3AaEAiZ05sPvbAfd2AwVTRAiKSRgQgRGEDEtHruwdXdne3Dyc18phK7XYaV0Sx1NTatiiRTYtuN8W2GdZ7w+FGr1wvw7Ro+oejXtXDwq+U3S9+/vmX33j9wtXLTdPUbcOTple3ZVkRMBmRkaqSUYSkIIRk+pfPAt0lxk+uP44At/m5Yx/w8uNl72zpMd9soOMZMx8gQObWR0AAXJa0nnt7AIiACET5b+YFLAJARhYzQK76HQVTkvFkOBgPxvUoxpgB7jPmDxFiVmkBEb27cPVK3TQMVAKcPXXyF577RAVQInkmNBuNp1eubV/e2T+/s/u5v/bLv/eP/9HzX/1K7/gx66786Wtvv7YzuDRpt8eTX/ril1Y7ne99+1tXL1zYOzx85lOfdisbb166FopKVMfTETsSUjFFVQYgBmYCx0oK7AbT8ZWdPUNAyGxbgGYEWTuAs76XqBqoWEqS2pjMSKapAMNWf+MrXzqxtlowOjDGRAhgyN6Nm3bUNld2dt66eOm18xf2pqktOg9/8gvP/42/u/7Up+m+J37xN//O7/6jf3z8oQcvbh/sT+vzN64NppOq7CK6yWgSm0TkTExSJGZyFILfXN8I3o3G48F4PGniwXQynNTJpPRFkqSq7DwYlaFTcqlypEa0DLc2zO0GdsTRB7Il1YP8ryHALYeWzI4oBywfV5gTXOez8s97Iepd3mTuahdobgsSc1SzNkYgQuCiqBgwo+Rze63KDAk3CwpIR5O6bhsFSyBr3d6zTzxRiHpCRkXi8XS8c7h/ZXf30s7eJ37xC3//v/6Hq6dOWmAxOxxPd0aTUYLdyfjxjz1bUPiDf/UNODgctfX3RpOLu8Ov/c2/9RSU11978WMPfPrSay/tXj1X59YZEQdGDMiE0jhBA+x3ewtJeiRHOqNQ15liEikQIggYGpqpqUkCMy3InTixcu+pkz73CWS2OwR03Agc1tOL166fv3xlZzD2q/1f/0++9ku//rXjj33sjbH802/80bjffen64YVv/ptzP/rB1pPPvnl92x+7r1vQuavX15nXQzdO62ayc3pjJZYeQA3VpVCV1X3HjzexbZLsTZsmtm2SmKK0ulJ12DloW/BuMp10yupnZ2//0O2ungC0KCmbGYIhqlnTNM4FAihcKZoZDXJfFGZ2xNyDFjUZwGg8apN2HFcGZ04c3+j20YBnABYVsBv7ewfj4ckH7v37//C/qlZWUwuOwAhEUhvbupmUVJx7451w/BiIQlmB81BUj3zis5sPPLF15qF/v7t35tFH/97X/843f/9/+zd/9I3haIrBMRoTMJHzntCBWNdVqIDGxOTQmRkYKhEg6U22WlQxRBMhUTMDIp7W9ed+5UtFUWBsTAwUUzJyblLH7cHgnctXr+0fXtzb/9Qv/OJv/ef/xakHH964995tci//6Ny+YWd9czwe/OH/96f3HN88HIzd8TPDi5dX7rv/V//G18+/+uqF77+gxi7WN/aGfq1bescO0TpI2K06Z06dHrbt8Mq1aSONxqZpUpMAYK3bT6goaTydHquQmER+fkHAh2F38wRQRDfjUUK1/BSsbVtz0GL03jmkTGxvs2q64YzqDFVt0kwHgxETMJgjeuCeUw7EGREqGBDQ4eH+4WC/Tc3v/oPfKYqimUyBZL3siWjlfMVo9aSk6vyFS+e+/9Izzz9/cOHcseObKyfOPP2Jz97/xFMX33qde/1PPf+Lq2vht77+2w89fP///j//j+1oMJ6aI2aiwgflQjQ1dQ1GNpPQQzDJnfUzojlQzKgyVUBCNRQkNld6mjaPPvYwqbBhm0RUxLCNaXv/4NL2jXeuXNkZjP/W17/+hS9/tb++FbrdBhRCeOvy1cg+FOGrX/jV8Y0bp45tPPP005fPn/vn/91///aVnV/cPPW3f++Xr7z04jf/2T+ZXDhXmDUx1ZOpd8aMzrE57hThxNaxG3uHtUg9iVMxFSjrSelDGaoYk6ckqiYf7QAAPixOi2W5oVuNaCY4hAigagKYAJORKEYkGY8P6nqyv7ud2qYsK0TKnbSquVUXM8ixbpvJpCbCzPF8fK2/tdL1mtgSmZJpO51oahmsW5WbqyvBpB0c+CT14aG19WoVnn3gnjWUSiM0cf9gsDOYdk6eptUt7ay+ceXqt19+4bVzb5y+//SJe44nlNArHn/ykV/9tV8RkbZtJ5OJqoqIqiDSwWBgxFEkSlJNmloPEhgK1ADiVJ0IixTekSkImlnbtgBadXy/33XzxG7TNON2en139/KNa6/8+LXdweF/+bu/85Vf/RVXFhS8894I25QUYdLUvixU9Y0f//ib/8e//B/+m//2xW/9OVRdA/rxxXOxKk4988QXv/brU7bEWFVVQciqwURTxJQKxrWqs7WxDirkUQBaSNMUR+20bhsDiTF570XSkY67m/cXyYjB5R/KijrAN1Vl6ZYhMD/07nFx55FyW3u/Q5GfWH/8DmP0Lx8ELxPiLs+wm90SR4mybxJm3fwaBqDMoJqqKrTSTNpxm9pW2jbFup1O6vFofAgkg/Fg2k6nk7qup+PxuK7rpqnrtqljU8dWVJmwQn7ywQfWCy7UCnaewDskNDHtdjsf/9hz169dLYui3+lijuocAdOxY1vD0WRv93Dr2AmiMBiNB5MROD9s43A8SO3Ey/irn//k/VurHWk4Nc3ocO/GVYp648qVgrksAjnnfFCAq7v7Vw4OjLggLhl90tXCdxkK0wDoAD0joaKhAYhJDh+LQGvdzqc+/qwHQRFJKWkSs4vXr/zgR6+ao9/5B7/37Kc+iczgXLfTc1WJPjTsJ1yev36jFbhw8WLXl9cuXpYmbt+44cuCgvulL3/pgXtPTfa3V9AOz5/rpPbjDz9EcaqpNUQXAhISsxGNJpOD8XDUNlGAEMtQlkXwLiASCJ5Y3WLg90LwuSg8ZTSL3TwOcCv6y26Jg+0OrTV3ypZ+9INgo8VXNhPncNqMRuNBHacKoOAMKYJFbVtpqYDY1nVdTybTNsYEibOsKQN4ZwCZfo1MV1d6neCtTQSKiMF5Mzq9eawXxsOdXQ/4zovfG23v3PfI0yYipFVwaz3321/9jzY7L33zW9978uGHmrNnR9PRaDwIIaxUYa2kx0+d+szDD/ZlWqQ02d+fbO/YYLrVX33wnvu2r19NIoiYTJs2jSZjNq2YS7Q+8fr6ysm19dWqMNPDybQxE7BGbRRjEjFRMwFUdkW/3x2Nh1VVGiMxENHO/vb5i+dWN3p/8z/77XsfuH9rrVd0+3UywCjNRMlZ4R87feLPq+JGbC9e3+33Vh/8zOfqyZAkbm2uHl/r/8av/ae9VF+48PblC+d/+1d+1R1sy96Nt/evD6MlSWaKAI64H1y/3yXiqCAAhKAIs7SOWVEUwYd6XCO+ux8gz4mPhnd0900AyHMA0EAkdbr+6rXL0+k4YibEJkFKSFHbZGl4OJimaTutJaYECQAQsmgFKWFEJDUCCMwFMRpUoYDcIEJEiCEEFExNGlzfaYejOKwPrh+ceeTRsx9/FkdDrVO1Kv/xc48//dB9//effOvclZ2NgqzsFN6td8PTD97zsYfu7U33cHQw3t2e7m7T4XCFXVtW7vTpU5trKbVZeGXatAfDAQOiasXYY//wyZMPnzl1cmMDAKJjKLwvC3DhX//JH799+WqjUdUEBDGUZdlMJtgts9cIbKEsnnn2qWPHTx7s7JjojetXzz786OrWFqvGJNaKq3Q9dL/05EN//PKrvFK9+fbFxx59YmtzxaN6TF95/jMnHQ4vXNaL5z997+nVurl07bx3uNZfmWpsREwUVSy25KgTfFX4jmcxyfBjAkBQbeqv/92/9/yTn/z9f/5/Xr+2m2+aAinSe1h/7y5zd8JLLNtRkrDbv9DR735EofUO6iZzYvujr0gzUgM0xOA8gR0e7NRx7EJICuTZhZIJgREUyqrAiA79iOtShIMPwTtC0ThuJ2ACCmVV9h0HREgAHgA0S2YYIrLrrfapKMbD0f7Ofn0wPdw9GGzvXnnnnXvOnj39wAPDi+eTDx12v/X0KXv2np3dg+Fk5H04vrHCcRxf+7PrBwMZDaCuuRGr25NF1V1fn3SKSTOOIm2SKzv7dZuiGJhW5la8v//41plja5srnY2VKpSVFkUydQ59UfztX/9rv/+NP/jB2+fZs7VW1/U9J45fOX/+oRMnIAD74KtutdKfpceMGMwGBz/+9rfrNq5vbq2fPL12+j7rr4aq/2QVTnzi4e2xvHlsc2d/UF/ZMdbNfuft//cPB8ib1j5/aiPuXBvsXisxDZspeFcUhbSNSDRxjEIIneB7rqgoJG2NsPLcLUsXU6nw/DOPFZPDL3/q6f/nG99k9kl10gr5TkJn77qty42paku1A1xUCezO4ehNUs8j/EJ3OHv5fe/Ilbbkf3/wO8Bfkj2GMk/UdFqLxCRNO2laMUKkMlAo2DtDJdPKhX6/f2+3F8VG03FKMTbTNhkiohojoZrLqhK5FQtBlXLCNKkiYlEUqMYKzbgeTkY3Bofjwd7upYuv/Hko+13XLck5dB6ZgdjUWqRLbAUmD+AAWQGamNoodUwpFh6JQ69XTNtmd29ohruDg7quKw7ObL1TnlxfPb62stbv9td6Vafv+z0gLLzzRbi+u/fF558/f/lKTayGpBJTGkwaAECmQK5bL1CTAAAgAElEQVS30neeyQCNyGA6HjdNM2nGIOnw4qVr75xz/Vd6x06snDrtVtc2V9Y2y/4jj540vl9RURqaTng8psOhG7ej8xfT8KAZDQqHw9yEkIGJM44jINNOUZbsSvYxIBFu9tcstcHwk48/Vm9f7aAfXn3nTN/d/+BDk7p989LV7XFKSz3yHwm7K12guXnvmig5LBYRS7EFQxVvlpQVQUSSSkm4vlm2Bm2KAJpaRFBPLhfQRDRzOkgGdSGoaFJDREqRiQk0BOfX+nVgnCKOJsPd66kei1lRleQdOfZlwd73V9eICBCSmZq2aDDnnwvOl6UvfAmEqqmtGzM0G7Up7eztJoPgrAQ6trF+/6lT671e1emETq9aXylXV31ZdKoKESWER9h/9tmP/YfvvFCF0KS0t7u7UZU7ewenj20Vhe/2ugKW4ajZRczoV0ST2HizeLi/d3iwf/GcOe+6XV/1XNmt+ivsvUprde2aSJMWmilB0hRValRb7p3IIakiAILzPs+KEEKv10+tFKpO9dNPPnnt9df26zrtHX7hY49++y++oxQ2eut7owmBEyBF+qg4Q3fxBDACAO+D907NEWINgEmMAHDW/zVtm+DDaDBc32xdURJi7iEiA0eECKYGDM45cKQIAjMGNRUlhhSTkjoiRQqOym7pS9/plE3THQ5G7XQikNqRuiJgLCGESdsqgvO+KIpWBBEzLG99dZXZhRDYoapiNEQ0xWkT2xRHo7FjINPN9bX7jh9f63ZWe/2yLEJVdlZWXafbXemXnQoA1kMAdp//5CdfevnlFFMUvb6ze+qJx7Z3d7ZWV5wnAAg+QPbFDXwqUpIsmRw8S1JIoiqM1owH7eGehtAQ1r4gz8zOAToF16qoKBgRODaHtAwtNlOZlR1B1dqU2hSNAgN1vCsEPvbA/VuVv/jS93tqTz740FuvfLfZv1qubJa8kVPMkTIB64c0bN6nfeAT4Gh6+PZ+/51MRH3hylAAtmk8YTRB1ZRKLth7AK1raeq6KDttHTdXt1JMEpuI6JAKHwriRg1EVtbXhqNpZ7WjNvP/ctc8A2WuRABLSQCUCKoqgCa3ttrrVOPJODMX1OPaJjU5B4421jf63V5R+BB8URTsHHtvlhvdkweeSOt8YY0mgOt7e9M2gcFGv/PAqRP3nDreKwqwxK4kxwJaFsECqycAqLqd1LQP3n/mk0899W+/+2In+Ovb+81jdmN374F77l3fWG9T6lQeADQBghVVF4AySagHn5o0rqdt27axBTUkSXUEAOOJEUJmAVOjBGZWdDorVRUcmggzEAMREqOAZE1VZK7rRkDJOe8Lk8hGa4X/8uc//e/+4A/wcP9YGR7c6G2fe6MTqpItoNHCM89N3rnH1Swj/yDrBC9NtxnSCzNH4xz3RXrEwf+AwaF38Q6ACqjMHEIQdczgFBTJTDOuxjMW3qlCjHE4HG1sCSEyEAMCcZLY7/fT4RAAvPdlVSLOoFJqliQ5cOBnJOBIxEgLN8A5z6wh9MqyZF9wcC4EcqHsVgJSlmWn1xNJzI4dssv8a6qoAJrpKpLJpG0O68mN/V0AWOu5rX7/3uNbx9ZWHQg5YnbOOXJOCBRIM/+malEUGxurn3jume+8/MpYAQjeeOfcx88+dDgYnD59rCiDmSETOrSkRFRUlSIQAHY6bd102m7btjHGmJrYxiRtTImz+DFSSlKEUK10Cu+rbrcsPJm29WQ0mTCBc0iGRmg0E4fZOzywzBvMUBZsqf74x59657VXJwc3eimhtysX3gGLDoJHUEt3upN3s921E2A2FkMIZVmKTIPzokqmaMBoziFCqESiaJqmWDci4pidY88OTShBpygnRRunk+lkgse3kqpHSKoMhkqA4hEEDJAZOISZGJ6ZYd/lLULNqm6HnAshsA/EbKjAlCxScOw5A2hEREBA1UwsRVBrUjqs6/PXr+0cDgoH672Vk2vr95440e1Wo+EhASnMARwAsOC/QETvQrd87MnHnn7y8e/+4FVFOHf5+oMnTx0MB6IJwBs5QocEwCCiwFBUBYCSgW+Ltm193cBN2WrKpWhERDSXayQ0q8gyYNtMEZEYiJkYSRgIOcvcM924cT2pMpN3vvD49CNnz5w89sN/96dOEoGWVdg73E9qgR2yW5JIopuMWne93bUTAADAzJxzIYS64RBCjJmrHLNKFxs450wFSdhhPRmFssiakADgmWOSfre3X0/3Dg/qeLLwzhwnE6fEc758RWAAQyA3K+gYYUXlorOu2+0oZk59QwZflOTYECADezK4WWapVQJoBcQsGkza5u0L573zK51ys9c7ubGx1u+BqkiLXAATEbmlYBGN1BDM2hTLKnzxs5998423x5AOG3n5Rz88sbk6beqVlZ53PooiEDAzgIgSQ9EpwAgdg2dyM9ofSSYiDC7TvxEgkRHM8AaikoVTdcYZLIiGZJmEVxmVePfwQMAZETFoHJ/YXBnsXVupAred0E5X1lb2r2+bChEpcQRWIAAio/c49jMlxJ1IFP9q7PYTIGM5bj5dKE7DEXQ2v4vfc/HnN58cqXTflAYGMJrzwywXDZUWfEFqaqDa761Op0OHE0bM8lkGxC6YCaeUUD1TStPpdLi6vjoYIBGRcYlQFcGbSFVub+8fHA57m8cBHZEgqpghWFPHoigMDR22Br4IzpN3M9FVYsrE6YAwE8xyDpnMMaEZIRok06X7p2Ka1My5QTN89Y03RqNxt+yudfvrvZXjW2ud0h3s7aUFkWOmFk3CSU3UDFREVIqiwCiP3Hv6ucce3vn+i6WHSwfxez969dGz9x7b3AAVzzyjzQEkQhVGopQUffDkkB2oMTv0Rtm5ptmlDs7RgqInqSQDQjETMEOImtq2pVAUPiTAKzdu7I3H5jtV2Qmk62X5sSfOnux0RmdOvP7tP+9Ytyj8dDrq+07pQ9lf3xuqQUB1HhYQ15kcm83FGTKV7mLOLxiyCGZBcybvyFtJpv9YziYtjsNSPAnwMylPfjgp25yo+annMNp0Ou33Vh06RoezfnnMup0OCYER2TEjaN1Mmnrs2RETI5qoRQmGa90+A7z+5tsHo3EjRs4rEtCM0owAsojHjHAFQRE4eFcEF4IvvAuhKIqiKHxZcPDsHBMZZYoEACNDyKLCWXcMHE/aeOHK5bfeeTs4t9qtNnu9fllsrK2otGBCBpAZK0wz6Q6o5SOL744mHuQXPvXcWig77BjgwvWdP/v+y+OkCWb3HxDJs+MQQnBFycEje2Tni8qFQM4BZT0FzP4MEZmJzMRiTEUsk9NlmQVjJibHLnhDSux/+MbbtYAYBuKO9+v9zrGttc2tjUcefej0vadP3XMKAEJw3nOoyqK7Opi2eQfA93Bz7x67zQT4S0DqPiAzw6aOnW4vhDLrfy7kmnOUlp87782sHk8n44lzPmude2Iy8AI9X5zY2ByMJq+/89bueAA+EAciR+QASBWX5Mtnq+PsDXgmCnTz/eY6oQB50JMigZEYiKEAqmENdmV3799/+89iSmvd/krV7XC459jJ1f7KdDJtmgbmSjCiSWZapfnpElkCQtXrnDx14te+8EXfpNLB7si+88M3vvPDN1pw4AoOBTnPvmBfkPPkmL33nth7zlTWjr33y615MGeSFFUT1baV2Egr0qopMjCzD6EsOz3zxUFjP3jjQhM5RrO2hbY5eey4977sVL1+b/PE8ROnTqHnEELR63bX1oRoGpPirJXv50JlZXZkUfiA7K4u2okYkWPy3pc416oFAM7sD0hEGVaPnhwBNNPauZmOVVmVjgiTYtIyFBsrve3d3fOXr0QD9IUgKTm9ebdm6ur5fbMi+lG7OfTzjVkwlmkG9gMZUEK3Nxh+8w//dV3XvaI6sbm1WpYrVdnrlE0zHU/GM9YWUZX54J+twpJX4kVLHzoqHH/86Sc+9dTjJUDXw/Xd6b/4V390MGoTsEBQCsTF/8/em/1odiV3YrGc5S7fkplVmbVy7YU9GrWs6ZbtFxu2AcOAF8CvhgE/+I8xDAP2g/8Cw371YGxJI0sYya0x1FLv3SOJ7Ca7SRa3Yq25f8u995yI8MO5X1YWWcXm2l3FniBBZmV+dfNbTtwTJ+K3kPPoHLNzjtE7Dp6DQ2bnHLlyRh+DmXIuAO3yC7Nm0ZyyZCg220zoQgam0Pz0718GDFlB+2FYHK+PDl58/lnvfNU0vcpsa35hb1eyALmqaevJbLEekILhyHF7iuJJTQAjAHIcJOPJ4fLK5evMTPyIZ0vOmUmRB12enharqRgjIXpyjEZibDCvZ9Pp9Oat93/6D69k9lS34L2ragHNpmlTl6eUc04pDSnllFJKSbKc07LV0h0aTUiHJDkjIjsn6IT87fuH//xf/IkoXNi6uLuzWyNOqthUoalCt1qVS+WUzhbhmYp1uf2PLVTJZiYmLvpJG/6r/+w/+cbVvS1iM3jrvVv/4//yv968d6TkQz0hVwE7JgdALlQh1j4GF0Koq7FgC845dybe5hwX9+Fh6ERzlqHPSVSzKXqPIWYiceHWvYO3370FAJayrlfUdy9ev/rvfvtbWzvbRgie6/l0OpsNw+C9n2xth7Y9OO2TOiXWken5UHxSvH6Z1Xw6fP8njYf4AGdFNmxkqjbfL/8zeLhAOi+Ld54d+nieAJ198wyPdP51nn2NhgioIoSoIrt7O0eH91bdYt0PClY1jfOeELJKVhNVETFVE5nM5kNK5BjUVAREEBFUS7GUc9rf318sV1euXZvOZllTiDEEryDsy12fmAmg6Evb+OJHdrchjw5BBbDnnCMiBRI1MXjjzRt//Kd/RuSCi23VtqFqYqycu7A1296e5TSkYUAD770PPtRV1TSxqX2sXIjoHBKZqWkyGSwlyxnUHGMdw972hffefRfIr7vh/uHJD37w/Wefe37nwkVCYHY+eCBAotHN96zsAQTEs+WIZQCuxYhbRbJoyjn3WZLZWiUBCrlM8V/+xf9rxHnoa7RZ5f/r//Q//u//u/9mb++i86ygpKJdXzG9/vIrk7qJk+nW5edfffvoeKBMTpHGt2y0MP5g6DlI28N8gLNHWxkk2xk2CR71+HPNlfOV0iN9oT8intQdYAwShW5ITK6dTdiPPatS/Zez3WiuYoJmwzAsT49jXZXTQnkMMYkKqFXI07b1dXXj9q0//au/3F8td69dw8qvNVHlP+nG7bnogxMALFbr7/7d9//Pf/5/13U7b+cX5ttb7bSOsQqxruvZzqxPQ58GyVkfLaPzISsnBHNsHoyTd/L83tZ/+1/85y9d3rs8mxHA+wen/8P/9D//b//7/7F/eKwIwzBQaQU4R86dnVhwc0BiLqeX8bNWkWySLWXVbJotrfNAIbiqTuj++M/+op3OUYadxl/eqq9tNTt1tTffit6RZyMUhGY66fueiefz+Xx7h0JcdCkD2cjH/hzibBP4fC73+HhydwArCnCA7ChWXiUdnxwtlisjayYTHzwiZJVhOBPHNTRQhPnW9nK59MjFKR3RJGdPyASAWLX1IHJwcPzKL14+Pjm+eu3q/MJOUi3uM0XPxIXAzpPz6JjYo3PoHDhvaJu6H8TQ+/ro+PjVX7z6L//k/3nz9Tde+tpLF6bzinkSIyNZSpO23pnP5vPpenWqopITIcYQffCx7AB17WJ0IaBjpNFMxkQ0D6hqkkEyiTQ+1DHWTYNICDR0Harevv3+H//pnxweH165fMVXEYkBidlhscVBUgBDQrMyrVDAPqXiKpkVB7Wk2KmuBBLyYsi/eP2N7/zrvwM1Sv3zly/ttPFiU80YVwf7uVtfe+5aHSIjpNW6QT58/869995v2tmF68+f5PDKG3cHrIR5pKWWu/hn2QHOwEQP3d3PPf5z2gEemwCGdvZv2U4/LBf0cALQOUmhs68Lt2WUcMGR62iEDxKjjCRxFA5CgjEDAI0Ryy/MWS7sbO0f7A956NbddDbxPvRDYnKWk6asSdKQs9gwDJcu7UE2BCJ0WYb1euWDBzAtGEei6Lluqqx64+1bP/77f/PevbtxMt++uIfOQ6iMWImRmbwjX7H3woTeh7YxQgxBPRrxzTv7P/jhT/7sz//i1Vd+8czlK9/65jejWU0UTFCSB5g2sQl88cI2qPTdaug6zy6GQEQhVrGu63YSm5pC4OjIIZKpiYmYAZtZypCl7/o0JFV03iPk/vSkBtidz8Hy0WIR2zqJ/vm/+svvfvd7R8fL6WSrahpkrwBGnA1zViIGxSIdB84ZUlIYjBKGlfJC4O6i+4fX3vzX3/3b127cCgYv7Mz+y//wP/iPvv2H+2/faFG2qrA3n0rfVSHsbG3VoTrdP9gK7Y2f/1KGfPWZFy48+3s/euWtm0frTN6QCZDBSpMWzt3aztaoPZwAWD5iRAEwLCpCmzaAPbTgdDNM+HACwLljxsehRJ6PL3oS/CltNM/adgAASOtVbzpt6pmjQ+diSuorxTOP3qKKBVomZUcHh1XVFMURZu84jPPOcuWcFcwBzifTGGOfhl+8euO1V280IVzeu/j8c89f2rs4nzRV9FVVe+fqekKEoqlPabk8vXf/zo23375z5+7J8WrvwsUXn7l+aedi7ZymvkYM0fWgiREAvHNb21vBcdctNYnb9GrGWoV48xrVRFVzMfMGADSwMoVUIwMxEhV2OG+r63s7LlvYP2mvXn3pa195+86d9268ZWa5z9/5q+/8f9/5m9jEa9euvfR7X7969erly5cnTYsK5r2AU8pZ0jrZUZdWq/6923ffe//OK7/4+d27d0tdtuXo3/+Db377n3ztys6WZ7o2nzOa8zyfts2k7ZfH1q2UuTs6Xa7t8Oho6+Lu/NK1o87uHC7R+6es+7OJJxoKUULMGOFksdzaunB3/44toO/7elIhoeazEaCWY5+Z3L9//4XnvwLgVERczL4zyWWMTQaqWlqDCjAPtVWtTbTv03rV37p9+O67d1Vy9BQchxAcMzvyzGYiaSiz4AsXLnzj2RevX7rSBI+Iqes9qq9r17RdvyIGnxiAnHdN3eSc+74XlSrU3jnnffAhRh+iY0YAMMmqiWTsxRqooW4A+g96RKTWTiZXL+/JIpPg/dPTk6OTZ9vpN/7ZM0fL07v7B/sHp1n7e3f3379970c/+4chJ3LctO2kbjw7x0zM6/WqW3cnJyfrIaWkWYUBIsDVefO155755le+ujObTqft3t5ev141bRsdOc+zSdvOm+m0dQTYLbBbvXP7NjJdeu66n8/+8efv3Ts8Bp4gIjxVI7AST0ECAIAAHhwc7+5t1/XEu5jSUDwUsgmMywWKbzsArNfrYRiqKoARMSF71YxAYKAmWGZXjB5J1SSl4H1VtTvTHRVTzaBGoITjwDY4csRtHSeTZns2r5sYfQDJtF7lHkII0xidc03TZJXYhG61TimBkfd+3XXr9arvO+/9ZgNwZaKGiGUSbCBlDIyqiGSgZKrFGWXz8lU0Y6582N7a6i4P3ofguD7mQfV0/6hGe/Hipa9cfrZXO1kvT5fLo+XpGmHQ3C9OZdltFFRHMzVRIcVpCLtb8+uXLu1tTS9vTVrnJ97PKl+F6JxfgbF3PvrguKqrum6251NL3WKxWi+O33vv5uXL1+aXrpx2+PKrr5OLfTb0SCMe9KlBwgGAe3Lmvh8djKFbp/nswp37d5KmruvqtiFmGOvIDaFJTS0fHh5cuTIJwfeD986ZOIKMAGTkuMBLFAwie2QkBiYHauTIc8VECOoZg2NCrGPlDNAUEf26h5zRJ+epqVzBRzR1U+RGFCmlHEKdh6Hv+5yy5Hx8dKyady7sVFVV6lPHDqlIW0vKyUNEE82DIZWUIDFUFckAZR4tvm2KCPZ0Ot+7hsDkmeZtvVisu/Vwul53Xb+SdeW5jf5yuy14odDfVGXoHvhdm4JzjpkD8iQEVmGClqHph9r5OrqmbmbzqXN4eHBAo30LmppntiTQ993xyeGde3Xd7F57dqDq71/71UmnSSOws00JZAAjzKQ44W2uU346KkGW+FDBXkZ2IzrjNxJPxw4ARkgw9KJi3oVuWPddItefdfbK/0omIOBqvU5DrmdNcQwoFr1kgqi46WkRAAOWmS+DMQIBRERGBDEmDGZs4LqOEBmQmSrvI1Hl2XtXxVhP6mYycTH6KpKPipCTSJ86xJxyr/3R0ZGIVFWMMWpxBTZVlZQy5cySNUkeOmYoboVqhmomeXR+FUVEZi5aL90qD0PnK7+zu1MxD6fV9iSvTtfLxWLRD4mhl9T3fbceGCGroCkANER05mRKwIQIxiCxW3mwKsQWsCKuGYLj4Kip68lsdvv27SH1poimveO+74flSut4ev8grbqLz7wYmvnd/eWv3rrVKSs6A/osfmG/xXhKEgAAgHJKzGE+3z69d9x1HXmM0Z/9GInKIAgBu65bd92FCxeZSM2YCEcaIWLpsJZ2FBEROwIG9OQdUWB2BQfkMDomNK/qiJ1DZtc2wVe+aatQxWo6CVWMTUscXF2z94aQh6SUZJA+Hy3X68OjwxijD4GJRZQMhEBUc+45M2V22fU9ACGJGKGZgBqqYtahX5MYAXjvGRDR55TLvtdOY8Xbq8B5nUJwdRPjctWnlFW0brJqn1OZXufR4fhcV5pQ1dByZHLEdeDIXDkMjoNj57luqhDcvXt3EICQi+w8ZCDB5f3FyeFJVU12rzyTMLzy2uv39ldCrQKZFUsfRQMr5J6nJBee3AT4wHHKzBAZkaeTbX94Z8jr1GVQM8OCQCxoWUQkBSBMQ8EFsSEBMUIxZlRANVNGIgNHzICIwICBwCEEBIcQQ3AE3rMjcADBUQiBA8foY121k9o3rWsqDMFXNfvAPrrgFYGI+kGyat/3y+WiTynWNbJLooSoKlnJm2UFJ2DZNJmhKo1eT2qCaqCGWdKqYyLPDhA5eIdEjjUnYCY1rKG26Zq6QATegaNGFERTTkkkpVR800RUwfSsYzja6ohJBjUPVjmuPUfPBULhYzBHvcl66NtYjS0rdsxsvb595x2HdOHS1aTuzu2jX75+O6kHcp/RL/63G7+5BPjgwOvcHOB8p3Rc92Zw5nVuAAACBqAgxFw9/8xLb7/7etefOhdMzEFQB4bQDZkBjUBTHro+hEBEMcbcdwiAVryZi+G282Ce2CE6Is9cOxcQPJMjaipPANETosXKe+d9CBxoOp0WdDRXgdrGVTHG6LxXw8JYVwsShz53p8vF/uEheAbPypgVWFRz6lLuJc14xkNmSg6TFzIkEANQkaQ5Q0qas6omE3GxqiqAQdhVzeT4ZNEYsnNATmqOxNRE6nvf1ZCyDrnv+z4NQULhKJc2sSlmU91Yixc4hENm04BQOSZwKAhAFCusqvfu3KzbtvE+er81n8/nW7N28uqrv6gcz7e3BN3RqfzoJ788WGf2MwI/jnTGaenmc/0tuejhJ7Sbf0J3gDFbPvBCjBQBzFWhvXzp2lvvvb5crKvoyx2IAD27jIBi2RWnjFxUGz545ZIDyEzkEDxzYIqePULlnWesIntyITrHGCvP3ocQOLh2Mg1VrKoKoocYwbMLgYgIwDkCxURptVwt1+vFcrlar+u2MUUVyJhTl4ZhEBBckZhNs5gomzoRNgXPRpr6DkQ1lwTIAiZOzLSuGytcfize0QwM5CAGzylxDFIn6wZNwjmElEQV1VRkbC+N/jlnHARVFRgMTIKZYyLv2IcQ61hNqunsze//oKqr7dlsZzbdms5Skp/++Ec1wGTvEoVJgurln791997CIAK4Tz3qeULiCU2AxwcV30Dn4vVrz966/a6ZeO/ZqE/IlJOoIJGCmaSUvPcbw8kyqTYkHmnfSETkGB05ZgyOKuaqqoLnOnjnua4q5+lBAnhXT9oQggvBHFnwRYYUCctEXCBLzqv1arVeLRcrycrAoAhJs4jktO66dVorQs49SnZgEVSRlLCM6VK/NlFNojJIFgFVlwmUTL1GZM7FwZiAyDHCSGGJallzHFQ05CyqKoJmZf2LZMvlRC2axdRAxATyuockJknRmJmDpxh9VU+mW6/96sblaTObzXa2pgf39m+8/kZb13s7O207c/XWazduv31rLVgFYgCmD6rZPmXxJCbAr8XB5kGbuuUA168/e/v9m957InEOUxpcTgnRqSGoambvCwWsTFYBFZHHtW/kXMHMsUP05Jx3sfLROx9c5UPTVi6GGD0HH7zn4Nl78IxM6Fk3oI2zkCxZZL1e932fs8RQgxEZiRRFOhrMuiyah9x3aBCBIkDlmNFISQH6rlNVyVnSeHw1BwwMgqAGwUlKZiaMyETsTcu5CIDQhxoAztY6qpV9YBiGAoxFs5QyjDxM7cAy9FIowkzkXKhirJrbN+/cvXV3xpe61frHr726PD2+vHv5619/yTO7OH/3zvrtmyd9qgCjQ/qkuIMnMH77CfAJ22cEYysDHFeT1n3jpdk7b79RVfV8Okm5Pz056dedkOtUhjQ0szkiBl9J7s7dqUYTYjVDROcoOjdpquC5rRrvaTJtveeqrthTrGt2TM6RL/hKNkfE7IiNcARaGuScGDCnBADLxbJPA5FLYuuUBQcAELDeUIyzoGY9PlhUwrULnWfVDEaFmaDEWXEoTCCkvhtQkiVDtXSyRDQOrvhXMxM6Ahh7nCknAMAAAICaQRVVQa1tgomiqomCmgwp90MeUiPVou+GnM27GIM5F9pJM5n9+Lt/W/tw+93377/95rypXnzuuWeuPx/rpppsH53CK2+8fdo546DKRAhiwE9uEpy/jT7uYPDbT4BPHjRqqZpDg7ap2nYKODgiZDepKjZYrvvgvYoSOSIPkMBoQ6p+bDgkz+iDq+rgvY91YO/Js22g18DlazZCw0dnbdd1qc8qZojDus/ALKYIi26dRUQGS6llr5Iid2H/uEtdHT2RM4SM5Ko6gx0t+5/87If379x9bu/S159//trebuxTaF4nhyAAACAASURBVAI6BkIgBCzqoGOYKTk+x2hjNRpzwIAQQQlRQbMZkRIrJhUAQLLCBavqFkNopu0//JufpsXJpK2u7D67M62vXrnKPrSzi8cDfe8nLy9WKBo2bFKwRxvYPU3x9CQAKpwTqgAjQAIgEbt+7dn9+zdVOwRtqspEUsocfJbBsXPs+9IcKD60jwlH6JlCCFUM3nvvyXnPgZQAGckX/n2xqN543J09lyKcjwAAnpgR1Uw1Y6juLRf7h0f3jo73+54ZWu8C8SzGq9s7sZ25dVI2VfAOjYgCr7v88uuv/82Pf3zQAQC8d+/Ne4cn3/7mN69f3Y1M03YG5IEdIiHR2YovdOKzfDgjkRgRaDYerRQJcHRlQlTNaoKI7JA5VJN2OttKKUe0f/rVF7cmdVOFpqqbyayaTjPHn73y+iIFxYhQ1FX06bdHAvjiE0AfWd6UFfOpgFP6YMxuBEA55Wefv3ZydD9J1iwiKcaozKuEKlDI7zpSfj/IUTrvTFM0FNihdx4AxEwho3lCRh4NfT7O8522kyYGRpOc1knW3bBarhZ9bwCDgGpmy+tVP6y7PAx46TJCMNEYDdildfrZy//4yuvvHI2iIOACHC1Xb7x9I9ZhktKFq5eAEIiACJlkgwU0fLS6TjmhniFhzyl1FyEWAyIkr8zOh8l0enDv/s5sutPWnq2u6+l0jnFibvbLG7ffu7Ncdr4JDTtMuVfUoqbxYXuMpysekQDlvsLniSznf/y4vD+H3/gAaQA2smcPCGiGsCGXPFCGgg8aaD80TTTaPFjBEICKgFCWdHR4+NxzL7zz7punXWJ0QAoI7bT1ofLsvPchhF4HyD5LH8694gcilYiZwBwXWUzHzJ6pyEAQopqiAAIR44O3yATMFAjBFAQw50zMs3ayPZ/Pm2b/+KR2iB5x3jjOh32XFRihdlSFaENerBZ3D+6y7ciQBBZdlpPF6Z2D+3WNHg2ZNOusjh7ldHF4586tEK/Vde1iVUiPWR9MeMk5zYOdsx+ioryvigBkgGpggEoEPGTrll3K/TAMgkQh1jvbfjJtYvOPb/5sezIhy/WkrtpJu71LfvL2u0ev/PxOyo5cHKQHI2ArcP1C+HhkdU35wXfP6/mA0tlWNfo6q5qd39zHbfoDy+MLiqenBDoX48dsBEiS7ODg9KWvvXBp75mccLU+BtCqqtcZU5IqNsEHRGRyBdFzngVqZ61xs6yaTfJGoQEUR/U4NSAwMxIxRDNEACQ1ND2DIhkSIhGTM6yqa1evGWFz69b9g0OHVHm3s92cduts6pnrEBm4X3cyZEnD8dHBAnDIqZO0s3vxj779z9rZtAo+9euDe/fv79/vVksmWvWrK1evTCYTYlZGUbUPckLGoA2pBG20Myq6QyCiWW1kAufCxyfnOFbgfNVMifziZNW2zaSJLoZ2drGZ7f3jyzd+/NNfCTTKodzyH2wjT+7p9xPEU5kA54LAHCG/89bd5194Lg/w/i04OT1Kyz4RTfzUzKq6KgxhYGJ09MCVBGTMABPY5EFZ9KIgIEqghKSoiMhAoy8LgIGykZpBMScmIwNjRGOGiqqt9lK46ttmcu9eUWsG1KLlFoKvY22mkvLqdLE4OcnrdXBuZ2tSzSZf/8ZLV597JtY1AUq3Pj0+eeedt997790+DS9946Wr16+EOpgjNSky8Him5vKYtWgFUaemKqQmIppzFinqKIbqfaiqqm3mLlSLZeoHrataiSfzK1V14ac/ffPV126iTYkifPjUj0+TF9jj4ilPACPH0dT6Xt6/eefa9Rcv7l65f+/O4ckxN81kex5DW8WOyWUsnRNUMERQMyVQsKySDc/JlBSVKkVFKhkhRkxlsxilIqTUeJvPnx6ogiOhOaYmNowu+Ol0koYkQ+qHtQwJkWIMTdNMJ1N2PKy748OD1WIRfJjMZ9sXd6Y72/PtLfBOUq8rtzg9rtv6+rPPXLl+9eKlS9PZDJkERxIpAKSUP3pgUs4tZgpqqqqpaAFlTTmLKAIyu1AZcVtvv/rq60kIjM386dL/3fd/8s67h2oV+6hP+bj3I+I3mgBnXQsZ0YPlmwCfgZNgiqBoCCfHncjt+Xz+1Rd/n7xTtlUeDk6ORaxtZ0O3LL9bsTBNYciJvSvCWGKWUko55ZQkZBhHDQo5u+jOnrwJ6Fj7GAERgqjyeRcrAGByoRRdVIWoOaeuH1IFqjll9m46ne7u7sYYRXV5upO6Xs3a+ayeNMYMkc0hkEtp8NNmt70+m81iXfkYOQYgcoQCI1zae5ezIJqqPhIDQwYIqKOdjDJiSil1/TAMQIjg0Xnv6qqe+di+9fbdu/vdsDzp+9R3d7Iw4gSJxFRNgflMC+zLFE/5DgAw1vQGALBeDevVvdu37oU61LPGHPUqddUuFifMlNODv2M2HsEFLIkkpmyYUxqGIYUoIpiR2EwRRRjYQIjZwKyI2ioRqGMCxJIDSBuWB6H3zhENiCYKjkNwVa5MRFJm75rppJlOfIwppyH3SQRNuQq+rnoVZTRGQfbTZuYcMTtmLiKHTEVD9JPei1HNREFVk1hWUEMCEEVkx459iKFd9/bGm++dniwZScSrMZgzRADQcpTe9N++ZPElSIAHrf2cDQrg0fqjxQoDKuPFSzshBGYnhJqLtLMiMIFmVcbCvkIVGkSyiEgehgEdaGbaUM0QGUSsqH+XqkI0QyZ0461XFYpgoykiOs+IfhgGJAZgZJFBzJDZMwcgp0jJoBMdsiCiAikyMgIXsS01z9FX3vsz2hQZIJJgKd9QTAsT+qOxjyabjmfWlJNILrqOCQHQyPngqxDbw6PTxXJI2WdEADJlgKJ1c35y8iXMgS9BAoyBiEWuXVRl0FiFZDKsBwbH7B37BA4gwTmItZkosBgmEQE0M8laKiHOTGxAqEnAA2dQx2CmKmRoZCCg4AAyOVfWRXEBoo20jPf+7FRNXDwjiLynENAHZFZIBgTOIzPHytfNMHTIHgjRJJt4F4BGfmChCCMWwbRPwLgth3sVMTPJxQa46DsxoicXMER08eD9/ZwhKxGVJXG20Ed/zc/pU3ri4hMnwPnWm5zJKRvYOcdwfUgY66Piw11eNT2zlT1/wnvo63Nz2IeLUgUARwDoICOyV1ITa+qZj223XqIKmIFp4QQjoRkgISJ16z4SdmkIPVtbl+6h5iTljshKQEACAJkQUZFLxqBqZh+BRpjq+M6oAAA7LqdrQ+djMBbynuqam4YR3ZCZvUAX6ya0rTCHpi3vh2N2DAAECkwONk1xNQETQwbIiGhigIoy7gGIOPbkscg3im2E6IooaZZBZVDLakDgjaKr2moyq+r2l2/8KIkB8ji3eeht5TOFn8e5wn84EPncmeT8x/zg6yK0Our5nBPHRiR7tITeJ4uHBLO+UCzQg1njkxOiRMxK/WodZg37mpw3yaBl9RcBAzM1Q8yoAijZ1EFW69NAAwXy5ZNBFURAETAsUtKIaCCESkSYDCGDdziCosf5KxogIW3kREGAmWNdNZMJeUYDYAYffF25OmLw5McVs7kpnA0ZitJaoYwRYkngTxBjN0sKPXJ08xNj9gF9bRwz8O0795AdAdsjz7lGn4uRiz158NEvTwn0gTBCMEPExWJ1be9iCBVzUE4EQoBoSKCAYpoEgBXUcJAsEESk77PzCQI6ZVRFGasaAzQEAyNEMzRCUANSQ2IEQlc4+GXwOY5gEYmJCg/N0CM5ouiDAXCVaO2ib2NVheCJ3VhEGShu7DYAAECG8fxOhKBoZQ+Uj7WYzvwHSqeoUBiAEAxDXVVN62O9XHZ37x9AufV+ke1OMz3v7PIkxJc2AUqYmSYNHAIHcp6SAzn7iBUAFAnFxBkAiEFOklxOkvuEMABQRMwAG5MoIkUAQi0rSVGJ0PCBQaLf2NiUX2IFuIlEhECQ1IYkyy7Mt5XRMZN3Dtn74J0nJkwbVUCARAgbhM9nAQXYaOA6lkO6saJRBHLBhYp9dXhyKllN+QtF9jyBt394AhPAzBTGY8Bn0ix6IC9MfZ/aZnp4FHpDwHJiAQVgIERVsJxNHAJAVhWBlJPLCJksMxiZlckZAhdGIiKhwjDe3Am9I4UMqiZKjgtbwBFrzmzAAGggQ6as3bo73j883N//2u/9k8h+q50CQ4wxkjPVlDaJhACAIQZDHNLAD/xdzHI2lVE/ojyWjEZ7a8OiHgBQ5tq6MeIYZVY2Ro5qRj6A9y5WLlQvv/wzAIdIMgj5xyXBr1++Dy1xgzMPzLMTxcPGXr++QP+Y8fBf/2Rr5olLgM8xdCP+068756JzkYhUzlzZSEnICAEMVVWzYs46SPIZOTEmQU6oZGaobGaaHyQAAxEROjYiQ0FEZnLMWXQD6VMSHfphWHe5z8OQRUAk5yyxrV/r8wtf/+r2ZBKiM7XU9+vFanl4OAyDi6GZTCh4RGLnoPgPIyijYjYzAyz6I6W4hw2KAzboJtrc9z+sMDW2pRDMUWhr4ljHyXs374DROaGCLzB+7el2BGDpJ5V5/pTxZU4AGHcAWy27+e4s1s1qFTWncjigjRaDIYDSIOoREmJKkBx7nyghMJElM0NVNdVy/CQmIA+ZmEAcMAk5REqQRMWxW61Xq8Uirbp+scz9kNbd0EsyAyASU7MY4/77d47u3Luwt1tVIfX96cHR8eHhsO6GYXAh1LPJxWeeqbYm8+1trqKLLpvlja+RaQZVyMVGcQT0AYCaFdmTs++nlB9XcZPjqpnU7fRkub558xZYcEhIH+9g8ZljxFzhua8f/OgBat2+eLGtJyIBFMfOyahX9bkGGvTdKrgL0VWlyW1IaAAopaVDBoU6lRWyyqAYRAZxKEZZ8kg/IABImhUB0DGiALpM6gCYvFcBTV2voof7+91qvTw5HZbrPAwE6IEUgH0g8gRABt3pYnW6WJ2c3r95K+chOMcKmqUcdnvslscn927fn2zPdy7tbl/em+9eMM/oCEwxK6iYGqgp6LmhthaHmSIkbpJFs8hAWLAaKlCk6UzMFIjJIbmqnr5z864KEIGZIvNvF/JzBkc8++Nngcl8nHhsApzvhj1Mf3rwDj2Oc/nxt9KN5yucAQsRAM5sBs9d5pMez9CAcJSgT32nfTdtmn1m5zgnYUIdhVFH+wNDFgJBykiCtBl3kKqkpJ4dGYBY0py0y6qIGH1VV1VwbnG6yn0+OTk5XZwuTxaaswzJRAnRswNPTNynDJCLhSgBENDq6KQ7XSAjERU5Os+sqlnFzKDrDxanh7dvuzfq6195Yffq5TBtXeRh6IuiupkpCDCQRwBwVDJBDYrhpIBkR9h3a5CMKg7MiDMAAPnoQ2zqesv72auv/X0BiivoB2BNnyW0UBAe/BEKbss25LURmrX56bh+EIAZRMp3EFFH04AH16JRJ2qMzzgxeCJ2ANjM1z7fZC9jUzIgxOXJaT1vHbpMHjmDFUKT0sguIAA1xSRGIllyzpyzsRNGAjWRpJSzQjf0J+tVNyQxjDF67xiYgE5Pl8uT02EYnHNkMKKVAbICiSKJmBXeFhlAEkJ0SEyMZCGEGKMPnIZR0hDURrxn38tyeXx8uHNz9yvf+HqpjogA1bquAzLzI/GRCclMQAlUTUxNTcwygYJpkZpWVSs0XqZQT6q6HZK9+eY7xULGsKjVfv533LKa9VxhM3aiCm7lQ5tOeeTGCMM+UCPB51oaPSkJ8AXFWQ6cHB3PdubTdpLT0sxpHggLVe3s/kGimZFUSpWhqgKZMhgjEpKJ9UNad+vVanna9aeLAdmbKpFX1ZwVAJxzNmQ0YAUy8N6jGJkIyJBTqfTQCqmWHJFDYrQoFhWCWM59admDqlNCJEUFtrxIq9PF0f17z3/1K9OLF2NTk2m3Whupr7yrHXk2x6IGImKmoiACAucc1AlAkmQxVWJyYTKds68P9g+Wy66IG+kX36c0/bhoorMTwq97mH6wm/QJ8+JLmgCoMN7XYZwFDbJerKvYeB9FEpCCCYCMdE0DQDUgMcwiknMS57NlNiQz1OIT1aeh9BOZaLlYJoE+Z2QHyBw8Iub1CoAgiQ3JsuqQSAxERUVonAEZajtpsTCQiSKQw+JtbONzVRURbxwrH2M0MoPkolusVyfL9YVrVy/sXKiiz0PXD8vpfDLdmfG0KQBuKU9WtSCATA211FxiQNkgAxqBscvommb2/R/+DEaCtRoYfTFnzg+s0bFhpZsJN4I9pg2qZsWR9nFX++zxhSfAg6er8EAYHuC8oupZwxgffv8feuPOX/Rc1Yf0EZ+Ylms6JAQ8OTyaXZweHBEiGkLKEokRDRDLssHSTzESwCw5pQI780xUODPMzqnO5/O5Dxf3rv7q9bd+9eaN1SBKNIAOGUYlcgEPUANOXdWQb0MdojOTPg3rPAwCi+OTwTSbokHNzqEvdzJXpFyYmlhp7mEFfRpcdFVTAwMHdierd+8fzqZtxchos3kjebeqnXiXFHBDmzYBE7AMJsBGaqXFYICsaORdM9uezXd9aG68dZOJVIRAAdjMHvd+fi7gnI+IR16fztBNHy8+pnDB+fiS7gBngQoATGRgXdfNdBZj3Q1ryInJGYrCmbyO6sblU0XVXFZgQ1NUNEIkJhGJMbZbs9n21t6l69/61rde+cVrf/u9H9y8cyd14ACcQR38fD7ZqtsaXY0clAKSI2AHZrrOqU/D/eOjZDKAmiIboBa3bR5tBBAJoWrqxWLpCI4XJ/uLBXgGR+yINGHOsyZc2d2ZTJ8d+nW3WscYgwvFEAALBX7zrxmYoimqgSIpsQshVE2sJu+8e/f4+LQftDTHPh0K4uwm9TkWUB8xI/tAw/Sz7wZf2gQYcWsjUhUYcUiwXq3bpl2sT4ZEhK7MAcrjFYg34AgBHCmSiiLIyMhISEAG3tV1nM0mdct7ly5dujh7/tLuj3700/ffvR041lXVtM2kqdtQecBhuXaAnpjRHBkadF13sjjdq2NWKerNRQbXMTdty941TVPXNbMLkftBVip3T06+9w//2KserxMARIDdSfiDP/zW1Ss7VeQYudh3F7N5NJCCshQZRXCVVFXFpBRIzLFq6+ks1rO/+d4P+yHH2KbUn6nlPYlwhY8d//YM8NjIWRzR4nixdXmbMSB2RCBj0xzJkABsU6KpiBqLoRiW8oyQmJmZwDvnHCESGqNtTScvPHs1n6z2Yrs6XjHipG2JufFh2k5m158JzscYK+9u3Xx32jaI2HWdIhSAmoCZ2TAMIYT5fN73fdM0IQRUy5KbyWQheanw9d//vb//5Wu/eOtGn4Zv/zu//+/90R9evngBNCH0OfXI4H0oL7NMUcthwMzINlhQEC1lJ3n0jY9zg3DjzfcBKKUEMJ7OAQA/Fe/xCzo/67lC+aF7v6o9/uTwicI91L9/nJbio4YRHyShPsB7fKz37zzs9ixtDdHKeGdcig+5b3+cy37o6YAigJkjUjMQSJ1szS4M/RrEzFQ3BwUFKrMkMRKAQYwZvIASgB9VoNk7V0ViyCI5W58yez+fb73w3DN51R3aPemHoDkgu5Sl7yQGAcgEHWg9m4PDCxcu9pLIOSZadmtgAsK6bhbHJ3VTo1pwvq7r06PjbrWqmraNYZlzVYXA9ntfeaHdmvzBH/1TAcEsYELWZEmSkuQMvJkEi4wUsIfv6MW7xYVJ0+7V1d7PX34rD+jQOeclCyCMAJHHIPzPZ8XDa9HgUQfT873Lck0zGKEbm79iD/772BaUbtbA+QLtIwQZP9wzPXv5j3z+vys7AAAQogKsTleTeVOHerHsEPmsU6hgZsiIWc0RJjEn6ihXzqmIiGMHAGAiMqRh3R0dHGhWiMIGVV0989z1frVYSspJ0HozIYL1gjVmzSFGjdGHKvoq7l64MuTEzJOhR+eAkJ1zMQTmrdn84N79+/fvk0HOcv/+fgY1hqPlqQe5OKuvPX8tBlJQYwLF3A8PyRypmcj5xrkVVVwxFc2KRK5uZk17kVzzo598Z7FYhxCKQNB4BfwS0t4/On6HEsAKbVJhWPaBY3QhZSWUbNnACAARBRTAsiKiZEFlygqFLamiHp2ZpaS47jRnEut54ckxcDbZvXpl1Xe99L2kiKYDIDIkAZ8xpeVpml3c2r+3Tv2Sg3fODZJdCKGKeeidZEnJTacnB/s5pdwPJNat171mi5QkgcP5xa2dvW10DIpmgmAZBgAAIwAuJZWpFl1SMzMVGwcamtWyIscmNjMXqhs33j4+OgohEtNZAjz1OrefKn6HEgAAyEBE18t+ujVbLU7ACJERDBQEFBDMkAwyCDMnsSRZgEU0KxCMGo9lE9CcbRAm57zPfSaijLqzt/t+vp1WnUnp7RKyQsqaHXg92b9PRMcH++Q4hJBVQ/BZ1QyJCNXuvPNO3/eiKimhmoomhtRrZpzMtq49f52Cz5Jto3V+/qVtyv4RES0iIAqGZmaKaqxGzBVSaOrpD3/wHSI/DJmNnPeSf3O2pE9afG4JcNbHNQM6h9yx88XX+fLyMQPBcoQoFeE5mvGIDPl0z20kqYwXAmbXL9bzyfx4oUkRVAWyGSIiAygYA4iAkg6CWSErYBYiHDiTABEbJkRMOkARw4KRjG9g7dZsgbA4WWAWahkAsjGtulhxykM5SaNBDwAAa4BQxfJiBUxVi1xmlwbHbpCUDCj457/24tblXYjUpY6cMyhaQPKA7SUyHtaNVMt+ZiKqOaEiIomhq9pmurO7d/21V988PDg1CI49AJxb/aVSf0y//2PNZR9dx49FfwGp6hm987FAt/NAifO/+Nwas0eeV1Xtk3Jzf7d2AChvpxEBqLrAdbaMhJBHLJAUJRBDNcxqDkGyDiiEPJB5ATMDyuWTe+C6haRmKmqmOZsRgeek8u7+3d2tnWnbOqK+74uXJQM6drgBdZ0ulwA64mHKOds5YMrO6q3Z5Ys7l569DtG5Oq7TgEwGudRjpkXhcDSDHBeBARrgeBZUMxv6gcgJOOfrup1npR/++GeSkdyTRU38bcVTkwBnbY3PeJ2y7IqIT4z1WlYITJRVCdG48HGteMyhgHVDdkiJMwnkTIhmhERkCGXZmakpmo2WRDkrIpJzmtMK5PV774fjsD2bX5xOHZFDNsR+SOOuAcoB2bGLgZybzmehrgCgG3rwuH3xwmxrnp0NOlTGmRUKYgPAzFLKJSRnyblMcK2A7dR0pAEXBiSxj5PZTjPb/tvv/ejkeOV9/A0B/5/4eLISQAEQv3BFbIBycATPPnIUSQoKMFhB3iKIGhqqYTLIBr2KJSKyJOaoSOpK6eWXdQ9AplZQnJKtWA0IQZg2abk6WC3unRy+F9tJVbdN49nNJtNCDADEJoRsg6yXOQudHq/6Lsa4dWFr99LFRCCOgDHl5ExNjZhNc5lwFSHHwiIQEfYOS7PPFETLw0wBjAx9CNPJ9MLNd/dvvHWTfex7cfxvdwCAT5MAGyV3s4fvx+dq/UfOBz4Qcu5AcDYHYIPz2KeH69FH00k/Ni5ofOYbIi0gIijuTHfh0JbZSoPHENUQCKz4SwsOYqSKIE5w3VvtHXLhOzhgMhVE0jR6dBsBB04iiFhV9apbh8q3WHfJ758s7y8Xck9Mramq8oaZGWAm03IIbifNztbWxViJQZcyr5bsfT1pgLFbrZAZkqiKZoGskRgApaD+kExK/ZPBRFOGLJIlDcZxwnFy4eJzmtu/+svvCAYFIMeg/ICye46qi/jodpCdY1d+nLGX2IMxkZWxvBVBAtsIBigaCSgYiNl5gbuxhzv+oo0JyEOLYTzcn/3x7K/+2if2gXiydoCPjs+lCnr406XUpb2dq7fuvbvWIYOBoaBaGQATZpOsnMTceBROBArgHCJwcYZnVXGO1UxHQmLxHXKg6L1HIiQkJ0qck/R9n3LuN4uJDIIP3lH0wTuqQ6yqip0zM8l5yLkbeuzIhQCEVAgFZqBmqiBKBlKoPwXJXyRT1FDLGJiQHbt2Mrns/Naf/dlfg1UAVKCy+hhTmS8iRoTVI7//qWVY7PMRrH5qEkBN6TNKyuC56TIqABBxzrJYLC9e2Lt73GsStWwKiMaECiZgg2QnnDMmAgSCnBAU0BESESASEQMBmbpCOFSyjXFiDK4QebPCPA3DMPR9n1M+v4FFH4LjEJxnnk/aKvrKh8CFh2NZ8qjkjGhCRowjzllRRlm1ch0qVRiI5qwipqDEhDHU2zu7z/yL/+tfHRx27KaF+gNgIx/od/4k8NQkQInPYRN44JMFOSVCRPJEXNfTbLnv1VQUMYMRgYBl1ayUxLxAsgxAQ04G4IG8H58IF+lPNQAIYMQ0NnOxFkMBM7VQRTU7k2lAcABgpmQAqI4QVD0TETlCcuycI8dMhIg5CyI6V5TOsejdfggnPPLik5gpGjhDb9RevPTin//FdxfLnJU2mpO/3jDzdyc+UwKcr8X13H7E59bnGdb/A3fvj8MbPl9rfvb+z4eDNgfBYchNmDLh/nAvgwHkYkFEBEmsGzKj9WjIzChKDBssLiGy46LS7LxjIlBjt/nHe/TM3iMTMrPjEALT2SoEACidTJOEagWXwWBGqA6UsHiBVezAQJMoAG9mGmc4H++8mSXNZKZKCB7Zifoh41df+uZf/83P7uwvcsJYTURsQ64tIHD68IdQ8FEfP2wjx/Lh6/xasFqBAI2E4I+BbDt3qHjoieuD7z/Ovfax8ZTtAJ9HPAyzKyQSgDwMdT3ZnuXj5WHOIijlfOaAVCFlc2iZhJSdoQDyuTfde1dcWxCRo/feBR+c9/WkIudCCBhcbCfovHfeufPjPSrtSpNkZqlbgxqYGOqqXz141MfZ94xMVYUMHELMxs+9+NJf/fUPbt1ddx0yezF7aCj55Km5/lbidyoBPnRrs7ObsXoXZegByLsImFWygIIpGyUFh5DZOIMnVDMVUQIVFfr/23v3Z0uO4zwwH1XVfc65986d9/sJDAZvECAJvikT0tqiJa8ZYcnrXa2tB60ggAAAIABJREFU3Q3rh/2T1hEbVmx4Y3e11ipEyxsKi/ZSlKmHTZEwCYJDAgQIzBMzd+7zvLqrMnN/qO7zmLlnMAPMgACJjJ4bZ/r26VtdXVmVlfnllwKQk8aIc912nxkHgwvBd8vgQ9ntUlm4bg+c997zvAIkUxNVEVTzsdIUkySTuhM4f1ZRMEBt+N6EmkUgCxGaGgChgYipkKoH9KdOn//TP/uLG7fGij1y3gDEIgDgHDfnxzrwQSgA7eYAuG95uFAtoyQRAJnDaDD0HfLOqaiCJjFEjgZOEMC8B6cojKaslnMpLSPD1ZSJmdixyyg3IDLHEJiCV2JgNudk1gFvZMjABqqm5ssgsYKYUiTPJhEsIkC0NEMdnr9nBpB9izmnGVVAEqqRYjh48NT/+6d/cWurUuywL8RQJKmIc+/yuvUulcTvRz5CkNK5HlmUG6Az52kRfmNmOplEGakZuATzRQOgjWg2322XZkGAGY/wbBvcJHRgQDMgIZ5d1RfEBNrnytbzLDC8aZshILCaeO+2tjbL5HwHMzZOiAioNjORLvMoKhASeQEMQuw4OIfIIThiICLngg+Fc4FccIGpcOZIOVfaZkMGZHQtZzpQTvpmNZMIJkiePSCVyaKZUIO2iADQqIGR5VCcCADksmUxiiqPK2XXLZcO/OHXvylQCvUUnLbOImafu6Ehr0ZYPDFNITfTrtI7+zN/RoDbmaoVQGHKC6Sik4JUME0PaII+TR2/2ZVJM65pjkxl8sLaJuwG+m/yunfbTtxGPtfKw10B3ltJnckzT579oSzVRpMbY0YHARAzsxuOhgWyLx0QmqIAiSUQrRM2DTTwhasjkDMUY7OUkkc2NGZGZmQiImQm4vwzc6AwMzBBU0UGILP0SE46w8xPjoCoRkRGxMwmcwSfZGCqpklVAUjMUtKUSBJ1e3urVPz5n39HoBQMCrl0zf3O6e99DVg08TdxAHwgjvsHLL9Ue4AsC7UJER1TCKEa9geDcWHBFwVDW5ZIJQoAECBBDQ6dBaCE6MgbmmW8tCUVJyKirEpilgyjGZlRQkRMCMZAmItV5mUTAdTEQNAy7bO0pbeRABlRsaFbR1XLzClWiwqAS5FSpCTBuz1Xrm//6OIPFAKYywGvj238d5VfQgXYXcwMCYnYOXSOKrHRcGRqRdEhSgimCAI5txYAgKuavSdRS1oYgoGkhN7XdU3MxDyxFZnZAZmhCUQDdEyOYcL6j4hIjJk0StHAQAGVAQFIc/0ga7LdAaDB+Wg0Q0kakxMpVTqv/PjSrVv9mDySN/z4td6r8BN7H9/1F4vqc9nMsbCG1+znBfecg+0gTG+5a2OsyVdt6G0W3P922fX6/Lnx/8ycJzLUpGPA1B9sG4ihiUZNSVQIkRA0R4kRAZDYgQE5AAJAcI6IKZfDyIBkJCSA5moExQxPAFMBU2rSvQ1M82GilsRSraKaIpuZJBU1EUgKapqSiZJprMZ1SklQUwHaGY/d93/w5vrGWNQjFIoOMRfBsQwvfJfemT9sEaZr4X2alwcA2sSYbQLHzv/TCbbHNHv/J5CvSW6A2ZQEdMbf396iTfTM51VtrtTA7c1Z8Li7/efjqaKRyWspy3L2fJJoJqNU1+y6vTKpJJUqEymYCUjPjB0SI3FBBA5AVGKM1AS8WsIFNXICKsjkhNU5ch6ZJ7kdJpFATQ0toQmoTrh9UK2h+jGJ1ZiMSJ0kL1isrY0uXrwSo1fyuRClZY38xa3r+GDll1wBZmARIkAGZN1u77aLRDUj0Ha2k3O+KArv/SBWojGpU4vEgCqoCTolmRo1xSFLM7IG3Y0m6B2aAJM6JhfIJfJuogAqygQmtYlqSgCakmhKGlMS0VwZQBIBjsfVKJJKAC5/8qM3hyMquz3RlL0v2nrAMs/hx3pwd/klV4CpqCiiMeRSjbO7xyZyrKIYfDJN45GrqjI4dGwmBs50J3aKcUx1LZ0ydIInJlenPCU3fDugJCoKyATeaRJyTGlGAVSRMUkNopoETSVGqaPElKpaU4oxgUg1HPS3R+j2rOzdv7mNokUoyuEouUCK8DAKLPxiy0IFWAjkmDHe52oIzOGrZn3GM87MmeloNh6E7TVs8znE05vMQUXmoOF4f5UDzGSKBrNpG0LwqgmBELjX27PVj845s1rVCBrOHBUBACRLBiNNNVHhXUyp5jSs6pWl5aRkStVYMrpTUn8wGHWLUJTeFc6xq4Ij53xZIBM5x44RjZmJCAFibZpqVdWYSKwaj1NsSo+Nx+PxaDwYjuphvbRy4PCRMwcPP/r6//cycbdO2CDxmt4TUoYMNLaF9WsX5u/Ovrs5v+bue4McAZjWpckez7Z4E7S7gTYfwAgbyj6D+Z+L9HbyjmYGAc3Tt8ztVGz3Wy26/S/nCrBLfCJHqlSNEnRCpw9OZGyIAKSgtymZIuQyLSapjpR8SBJM+6PhuO52u8EXhfcOh0DB0Q5jYCw7rizLsiw5+CJGYCbHzpGoMHHOhXdEKYmqaBSJFQHEGMfDkYqOBoPt/s7S8p7TZx8J5Uqns7dOsLM9FmMzQWQwmwW6fsAyy+jfVCGfBUrOjPgPm/xyKkArcyOGkTDDE7vdHm1SnbSNM+8+i5ppAuVkCROopRg9U6xGvRC6vU4nFGASGJld8LSzEztlGcqiLEtyjojIO8ecKReZyMw0SUpJVZPUjICaYkzj8fjGjXf27Fk9feZMWXSLTrfwHQrOFHYGfbNCAYAaFuVm+fz5aQIA5Gx8aj9PYKFNmYx5AOn0526RWm2XEVi8ZL1P+eVWAACYELHkmvGEYlp0SmSCBKZ2lyScDL3N9UqjpCqqB6rQ6rKoYozd0rOrHXrWmNBSrKpIO8OiKGKKTI0JZGYOHRHnlmhKqipSiVaj8SATd1547MLq3tWyLJHI1AQspVRXQwETUyD8UM2uD2mkPiR5YPkA98sbswh3tGsecPYBTq+fxRHdS1LTHEZo91apKSKaogIurSwlEQAofMjkP3MAomY+a6qqI0CVkiNyzAiEiKOYxrHe3NnulmUIrlOUZXAENq4BCXlYNbSqE1bNlt/Ee6dRkiTVmlzas2f5yMFDe/bsWV5eyjUNkEhAUl11l1ZvXl3TvMPKVjgC7JbleL/DcVG+76J31+bvtjv9u6YLP8CkjgelZh+vAAAAYASGBk2BTkQMIYgM79LLZiYAjih/jiIK6oiEiAwADc1kXNFotEMDROuEIjgfnPPeFz6Y5eRdMWu4bM10OIyeXVEUnouDh/YsLXd6y8tFURAxEEpOA0FAQmQajEeZXzon5H9IkhvNTGeMlgdC4f9Q5WMF2EWIqCzL0QhUBSZArom0n8kgqaCBcw4NAFHMVIFAEZAMQ3CoJmYA2q9qqmoAALXSB1VFMzQtAzFaRjyEEHzBveVet3QrKyuhcIgoIjleBnl5JERmdmFza0s/VKYPvMv0/+GUD5cCGILCLrxAhmALWAz0gfAIYQMZIAMFAnNF6AGQWbq7aZfzS7J7lNgZEpgJIBsKYhUTAxATIqsoMnt2xICATg3UCJQcMCExOKSyE7pl0esVnW7hAxERM7N3EyyxgWG7AvSHo5nduf5cNr63ATwbtEJTp/uesiLbb/7cYHsOF6SAzkNbZ3M4ph/nTLq5Z5iJFUyHp87hN+a6pl001XimtCG2L5UMxHhmoM9geGYIa2ad3ryo5xsKQYP5nIGcHmuIDJwkdLqrnc7KuNoAvNOpMo2zTuoJZ/5NBCNgBFA0RsT8ANKUKkvJQIUVUuYvQfVGbMyGYOgD9zrFUjd0O9QpyZfesTMCRXVMyEAMlG+KmFQHo5ERoWHDlZIf7s71amE3vPvQvBP3r/PnFUBNod05tAUAwExlog+TXmtZ92T6BiZeIMVZPtm2V1sMEcB8UgrAwj2nLhjPizhPP1wrwCJRBNrtvT6kPAFVCL6LiERslhZdOK2q0lrgBs0OHQEz1z5ZJmvQfLFmZAQqoBExUaZFoTLwUq9c7nV7vdDpFiE47zw6MiQkBKacY4BMhtNYJCIB0r2kkz9Yec8JX2QfOjqKj4YCfMBiqkVRNEhkW2hi5dGfa5BhS3WcB71hNg4QULORxgqMSASOgJidQ2ZXOuoG1/W+1+stdctO1/c6ZQjOe2euKf6FE4oU58l5BSYix54/5jZ8EPKxAkzFZuIxzntE5DvcdrftQ7JuUPuryZSPoAhGrbGEBoX3jOCQiMk5YsZOUQTHHeeWeuVSp1d2QrdTFMF5T+ScEeb9rhFmVhViIiZTzDjTu7gUF7mYP5Y75YEpwFze8Owv5hbo3bk+J94DmniU77h81t8/yw8zNyDpPWKETCcIEsoprB7ROZcienJ5D5AfEHV3S9QhERESIoJZIkA0zYSGOaurYA6M3nl21Ck8M3cKHxyXnpe6vbITyrLsdEoOuQYfItMEX8DeZ30QMw4kImXZUcmVfZvt+x011W7vq90eeRfRBZgfbTn+obX7m/My7RzDjCqfqQI2KQUwuWdbjnXWKEfE2fZM9xj3Zt29H0/rxyvAVNpAPapA44Ehmsz5aIY2p4ezplHjskFjMCaPaI7QETgiZnJEwbFnLpxnh2UZPFNRFIWjslOUZSg7ZVEULgTn2MgIibix9A2Bg0MkcozI5Jyy5+B6S0tb24NdU8DnCMXuThj8Sy8fK8AuoqrsQgihrhhU8ya39Vc0/i60uaS2vKNloILIEXlGduQICsfBOee5cOyZnWfnsNvtecai9N5z8KHoBl8W3vlcNJIIm5I2ec0ByIEwYgJkMMp8iSsrq1eu9H8+HfQLJB8uBbjf+gCK7ykO8G5eZ1HhDG1AzPSJaI1vLmcLYLszphZ8RgSExGiesSD2gQvPjiA4LkMRgvMBmJ335JzrLXUcc1l49t4XrigKDg6YFCy7nhBRJE1Y/pCzUcQIpICOAxH3ut2ZmT4/0cMKBegMZ/oicod7IW7KcZ4PVfjuvhVgdhc4hxaf+c9cnsBC+2ymPsDMl202DjC9ye71BMjmUwUW7Bnm/2x+gTTf0MxTghlo7pjNjHK+ImEegQATp+d0QcDWmR2c854cYa8IASkE5xkdQHCuKHwIzpXkPRVF4YpQdrtFUYTAzvucFY/EuZw9tNM/k59udQgnwuDMTCQdO3kMv/O6CuK0XlaDywDAqfW8EPd/N8xPC2CeoDKndr/O7wGsyQlWBTC1CbrTiG36x3Fy9a7++9zm2QY0z4MoC9o5542wXT/OX78A1fjhWgEWiS7M63goQjQz4nKGeaaiRSADBAIExInzR83AEbRGPwTmwrsiuMAYnC+D9wUXvTCZ7EOn9M6zY0TC1puJAK0yYEsZ27SH89mJW9bjKA6OHTuimswYG57S915EcJHMLih35/y59zl9iumYP3PnZ8ib4Ie8hfloKMAHLMRElH8QsZE1/tBs+cxOt2QKSGDMDI7IEQTng3fdsiwKXwQXHBVFEQKFpSIrgHOegwOiiTfTsHFWEudZU+8SacolIut6vP9Q78DB1bUbwxz9bEmnP2KyaPTfo//n/cvHCjAVRBRTwMwPxJnwmQHzppOsoVac+FUyw3h24DnKQS4MjMFTCK4ofRm891QUIQTnnGPOFOkOmZvZmjKIbvr5XUXVVBUoxTQ6dvzQ+q03Yg2E/CEHXc7KbLXTmZP35/p8UPIA8wHe+1o11xGLbNMZ155OAuoGajxZTV1jQCsAJBWkhgt5t33I7Wcm9kNRFMQMORZGhKiI4Ag4e3paLxC0lAsEiOjQ1BGWwZeF7wRfFr4MPpTeefKF94ULpc/OnEkxYCNkQORMAYfavntyjgGkjpMm5QuyGeQcmYlpPRiuf/FLL776w5+qRmKcyZ2Ye7SFcYAF5xtsT/48g6uZs/tn34W2RJ8zt1WzJjHsToMHd/nTs3sAQlykA3NftAXn71M+kuvmItF5r7ipqcjCys/zMvnilM8HOQeDGZCBqK0AkEcjoTEgozW+SURGRDIG41wvjwzJiAi4Me5nfyITExmhEd0vJ7OaqNV1HO3dt3zq1NFQOB+CmuXjfu70c5DbVAXe3/B9//KRV4DZt95OOnNhyJzmq++mBipghgTMxEg4meaJyBETExO5fCA5JEeUMcyT8822gZkabtwsQETIiMzAhI6A2RxRhvoQ5nGb/1be5jbPgtNjVhDRIIGmVI83Nm792n/1EjLUKc596x4k98mdR3Mftdlo7qQnm2P66f06Xt/z6L+zZ96bfLQVQO/ohVkduC+RXPWX0JwzyNyeCAAMRIAM6IiI2CE7wvZgYnYZo8PIPOM+IkNEZiamfB6YmAm4Kful+B4xlahISqgmGre2bx08tOe5559UGxsmQ83m38OtpfAgZDJJ5f++r0waI9L2MGUYF7bV03d6etPbmEzJ7lYL0C16DXPfmbXhFngb5jDzszGB2ctnxuU8Umf6ZZnRSZzx98sMwD9b/ZPNqCEIGNqkdgGJTcqo3I5g4ZavAFpjPvdAKIsqpaIoYmaiJExJmsmPLKMxc+pW3g8A+KaRpqpi1tT9FQRlNEJo1oSsHhnRlhFDhMRm2vRkrvCe2525IcxADXGa/0DkACBD7D0BGUQgMEOMV6799O/++hffuvSzy1fXPXeQUGqhaZ4CtMUZ7qyOc8eJWfR9zr9p6fnbT7uMFVVRvN2eMVU0FNglIabZJOQKALMcUwvmrPm401yswHKCnCELIWLUOpQaaOfISvzMuX1vX77xg2tpKy0HKo1QgHYNKXw0VoB7yvB4f9NeFHHecVnUmtj7nLeegZzt/hOJKPv72SEze2LP6ByzI3bkHLFzOV2rgcW1e2tajKleJAuvN1XLUT4VHYuO1tYv/7Pf/Sd7D+xR0vF4qKi7DPf7lCmj//u7w0MUI7DGcaYoMY0c12QDDqP/7nd+/bHT4dnTxWOH8UAYsvVz7vWut+HHVy/s+ouF7V/g7ZmNwsxFZBatMPfCLL2ATZpgOrbQbBIDmj0POd47WQZajmhEzDUWc7H4SRzHiLp7lhUBPYcyEOnGrSvVYLMMzAQZFuGZiXJeCjEiEuS5PuOCHKF3rgg+FMEH74P3jp1jzoB+Zmz0AidwH8O5/pw+r8Fs5fS8L8/1jQlJEXNGmaiqwXhcsys+8dwnB8PRrZtrCKjJcoq/mSmKzZA2T4+7elosz/o4mdENADNWMP9mcr2a7TL1mAHerZC1tTH1mf/ej8ZYdiAgohgqOmNXBe4v75Gb4+uGW1987lSP6hJEY7U9hp2ESN52G7ofeQVoOi8HuluekumVdPvdrMmspcwn1fj7EDq9zuq+/duDPjL0ljqOZXP9eqoGhaOpArhmA0BIiMDTbWvOCUbnyHtXeB+C897nOgHkiJlvU4Bp3+C0sOfdFQABoKVbN1QFdeQAAAxjTNv9wYXzj506fWJ9Y72/s5XD1XcrBr/gN/m04fRne3Z3DNAHqQAzhlZLp4lqmOq05WHz0cPyz/+Hry6twn/49/8OYfj0k4/3WD3IqJbBqEoQdLeyCQ9dAWb9+nPXLLp//lJbLmDm+qkHI1vbDZE8suV8LMtqMKd9yURMeWZNwGlxLMvpJmrWW1l65MKFa7feGcaq0yt73RIhrb1zSeKgcOiYmcG5XL6aXQNvJkfkmFw28xEIiQi9dzkYTHn6300BZuohGBDdpgBmNkHVWLOOTaojoDXVYtSyP1QBwVRNYhwM+sHTU089vry6cvX6VUATMzWoUypCoSKzC8Bt/d+Qw6u1+57Gl2ANzaeatYyfk3P5cwbIToamak6Gh7uU62oVwGxyzPP9v7sPw1REcy4C1IG3zx+x3/vac6t09dwhv7zs/+ibP6x975kLJ7qu6uC4Guysjyji7bzf8IGsAO+uAO9rBWg/T2wZmFGg/NcZ70ihQlIEI6zr+sChg088/dSVd65sD/vG0FvuOU/VqL+5fgW0DgRMxIREeawzEzpEbsE5iM1ygmTeec/kvfcZ67NQAWYfZlcFmIsH0tTxkI09U1QDgaYOQFM7Wy2KxDqO9+5ffeaZp4bDwfb2Vl0l1ez1VJtxa+LtBtFkW2kAoHmv0Vo7uYDFbTvdtkG3gSLbnfRdKPXmvCGTZ3/37eic6ZXUTLolst565Cj8j7/1+aOd7S5se61OnDjROXD0T//Dn0scPfn0k56CYffilXHEpTvv+QulAHhnAxcoQFOMjujQ0SOPPHJubWP9xq21BKnolb2lJUbc3lrb2brpWZjAMTEhEwfvHKMjYkTHxIiERgieOfs5gydEbBTAexdcWzY1l9B4/woARtnDk20IBWt3QqhMopDqVPcHO+jozNkzJ06e3Li1FcdRRGjefXebcTQd3PknZjsDZk7u/t4/SAWY+T4hUK+knts8c3D8z3/rE/vD+mhr7dUfvHLx4usbazdfePLsvv0rf/zt7+/QwTOPfvpPvvHyVt0TLO+80y8UFsiy96N5H00RbASdzRloynESAOipM6f37t97+Z3LO8N+giqE0C19YEOLcdQ3ic7NFDlGBVBEhwSZySprFQAwEwAhGtHumJyG0sfM1DL47YE9c26VJUTxzjvPRKKq42p7PB52unt+67f/6+9/99Xvfe97g8F4plvmhuCch9PexYFj83HrDybmYNZwh+XuJUhqNdZbJw5U/+wfvthLV16/+L2tzYEKMGAa9H1/7XNPnL9lR//w3/7nV17eGu0UCYtd7+zuBpvfvS2zqZzvbrfNAZlnO332D99DfMDuOEtqAKQi7Bwz1XFc9oq9+/asrK7UddrZHu3sDEDUJCFiFWtAdRwQXZXS8urS2XMnx3Hw1rU3BuN+VElJex3eE4hlNNzeGG2tORHizE2Ek3Zla9UxIhgSO3S5iDszowGAZvQ/czOzIE0sBwVseeZmnhdnEhdy6d/csYiz/Ty7p8pCiLkxAGCA4hKhJUQtncOuF8VoJtrfGtDzLz519vzxb33rL19/7WdE3rsQozKjxOhLr6opxeyZyi0GBBWB1gXU5DxQS/I8v69TJDCacjg3luhCvchI19s2wbd5lpqnVoMJ3Bobwmk1ZQTvIsD6o8fwv//7Ty/bpe/+9bfQ1JA0GwcprnQ6G/3RC2efevng5rWrEXjFwO067fATC0yge9FsvF9zaO6i3U8v8g7NF9VrfIiG6EOhasBKnh5/5kLR9VuDTSB84YVPxSj9fl/EmCln+wJTMj14+OCR44cGo52d4WZ/vDWq+6J1EdzePcsdj8P+5vqNq3G8g5DYAYASExF4pCYAzMg4CW4BERkqIjIZETI755z3nojYMzvCjBMiamvo4ezDIPGdXYGwixcoyy6+PDRqfEOU+YgQkRw775HJzGqtOfC5R8/tP3RgfXNjOB4igZm6wo9TBCLfKdGxEkTV2tRUATEz7zYHgCJIG3o3mMA06I70Orvz3c392u5hbDSPlZ9XAUxBzUAAUjUqPXhZP3tYfu+/+eJef+vV7/xHjYKNJWzO87GTp/YePrs17v3vf/jtKzcMYB9A1wB3rb3yUTWB2m7UsdRAas4989zTSau3rl+qhjuiUFXxE09/6tKlS4YgxgaAzOTo3JkTvvS3Nm/0B1tRx3UcKggT+OBStbU+qIf97dF4C0mIjJhUp3vd2QY0GGmCliV6utI1Jbqy3nzg0rBXoBErMvmlso4AqN7jY0+eu/DU+dd+8tMfvfra5avXxikVq90jR44cOXZ0/6GD1TheunTp9Z/8tB7W46piN0vVli37yYLQLAoP90Ead53ChH4GueyEDvZPH6Lf+8efXpK3X/7rvxqPIlEAULKkoMR2+PT5y+MDv//H335zjWvrBepIWphR9ZFcAYwa3jVDUBZBO/3Ymf2H9r51/dJgvFPVo07ZCaHYu2/fcDQej8cppqLbOXz0yInTx4bj7ZtrVze3bw1H2whJpCIQ7yjVo+Fga7izXY36JhWSes/MCCaOHRM6Yu+dd+SZKSOACLmFhgIiQWOnMmd3KbrGf4SUEXY5QkxIOCkK9SBWgMaryQBolBUAmzrbOcOBoSh8UfpOJ4TAx08cefq5J5554bmLP33tjbdef+vaWz967ceXr13trPSefPaZz33py0t7V4ZxvDPsK6ihYS7jSmZghoaAZoBG0JSjtNvbctf3fu8rQHs3M1MyRLDCKevG2YPpd//Rpw4Wa5d+/N3+zlCFmxw9ECX85OdeGvLRf/EHf/Pjq5ZoT5KQKvPOK+qDXwHsfvcDs7bsrB18D7kE1mLTFQEEyLskyQgEdfXg6urx/QNO68ONWoaKMepYONVWHT91dH1z8/ixY8ePHh0Mt6/duFTFreFoS2JNoCrGZEyAUhFoQ/TgCZxvNxpahEAL2oeIzjGzE0gAQMAA4LN2oJFN+4cMEHOkAgnQ2mq8imAqd+IWCBoIRo4438lh2nTFZA5GMkRANATnWLHJrFZTAFGpBv3+jmr2nqqooAvd5aeff0Rp+Pobb21u3hpdHlRWmYczj1448eQjF55/arjTf+3Viz/8wQ+2b93SlNi5GBNqjuJh4BCjWEq5CbfluEydqrug3HYZA2a2YGw0Wc6iGigVkE4egn/6tceOLF3bvnb5nWs3YqLguyoKaGJy4ZnP3IqH/48/+u7VtdKwi+qZHZSuXszI+NEwgaj1yOWOQeZxrJEJHBXLxbMvPr852EbVsFpuXFnzJsnqYbUzTsMTp875otSY3rlxZTjc3t55R20QZUQIgMqEDEgIRMi5FgxCnkpbcJ82oH+8PVGHGkh/DgpnV+ScmuA8Cshm5P0kDy3uI8w+KTNpossKBikJJBWV6ahCIAZOEU4e33vqxFcU3Guv/fR7L7+yPRi8fen13r7lSmO3KFeWll/8lc88++mnv/+d7yZJh44cfvPNn73x2hubtzbVrIrJEhTOw/sBcr6bZL1yyIgDh7UL8o//2793oPyxjm6+c/0qAhNRjDUzkPMnHnnS733sX/6f33l7vRzJspnnhtBXDWFRzsUk+u/VAAAVUklEQVT7MoFm5b7NobvGB277FgJMygAJgYIBoaGixy/+nS/049AtOS5d6LgYq3q8Q4YuhODD6t59W1vb77xzbad/a2vwjuEwxSFgRBBG8AyM4Bg8IiMwAgFlkAPmcY3EueA7GAI4JkcN1j947yj7nwjaMDASIVgGgXJODGDGhtIn3w9nZ3RDgN1KW2S3ZHPp/PYDZwNw2TOICEj5Xopg2X9iCiamYpJAEmhEjWiJQMmSQXLOVBNIrRLPnT3zqU9+Yv/qSjUa3bh1czAcDEc7/cFWFYfDOHjt7def/8Knzj/7+GPPPv7MJ5996oVnV/atbvZ3RvUYELEpKnKHDwen3p47Hu5dxsncqycHNsb61oFD/tLgEpaDC0d7PcJXf/hjUzOpi8CdpXD+2U/B3qd+/49ffvtmN9GBYaWePQADkOWZaQEq5KOhAIaNAmg7Es0hMJ1/+sL+k0d3bAwF+17nwMGD3V5n89Y6mBWucM4D2NWrl7c2bw6HG3W9leq+IyNQRvRMhNbkskyyvXKQqhlX+cQ0L4WZiBuD3uccX0eZ8J8BibJvUndVgIz/sUw50dr0WQFwMuLbA+5UACNowg9z7jBoo1SIhECAqKoIqqYGhmCExNgCjiyRCZqQaV3VGvNRpWqMsT557MizTz/+yNmzB/YtF4zjanD52qVL1y8/8fzTZy884rohQqolCtqhI4e/8CtfWNq38vobb0gSALzT7/lAFAAAkDFgdWxp9E//yUuHTnb+7N/924By7OixG1evE4r3eOTEydOPPzegQ//iD/7m9Ss0qJaShSa5tKEbMMP7V4A730o+FinGvdjx8/en/F4QZsbYPLXH3CbYsagqKnk2Agtw/pkL559/ahvrGLC3f7VY6qHjfXsPqOHG2laBXJIbV6O1tWua+hqHzlIg6xAX7ArnA3Lpg2fn2DtEYiDKNj05JueQPTuXd7vNBJsBDVkLHAMyeufQQZsMiUTZA4NM7JwzNEJCZkOCdu+bOf2xXdkMpoCYmQMRkcgbESARMSAjuYZsBxGIG19Pa9do4+Yz752Y5k0wEmZMXOZ1LEJJRqYmIlrHejxM1dDqOqBoNdTRjox2oBp7lT3LvW5Zrm1s/L3f/OqxMyfB5WfislMurayM6uH6zsaTn3hSLL3x+luSNHvgyYDyTNUCruyOkbQoCJiR580xO97MerD12XNuRd7+9FOHV5f5T7/9g+R7X/70C6cO7zt55sjeI6fWqqP/8g+/89Y7wdxBAw8AxBMzUwEFQe1OPCwYgC1UgEXyfhTgXrxDixQgaWJ2QCim3PHnn3vi+PkztFJu1H3IHLPeFUXp2B89cnywsyPDsUkcDnfq8Y7EIVl0qA6s8D6Qc0iO2bNjaspUEzU6gATESI3DJs+92GpqLv2OTJi/6bM9lF3vmHndJuz9QISAgJxHMcDE+YPNsyHigv7EbOC2cQOeAU5b2zPW/g8AWog1IoBR/mNTC6mNpKqpWUpJ8hGjiaAJpKipkmo0Hg3ieDwe15ub2z9+46cVwguf/ax6UACekA2jsefL1y4V3WAAkjDFWNU1mObl0/Ikv6B05SIFWDB6FKQu5OZzx2NPrw3XL33i6WfCnoN/9s2/VJDT5y4k4/Vh7/f/n+9dWutUthrVNzrUNnXyedG4/dApQLtLvONKhGTJCDp7l46cPdU7uHff8cMV6fa4H7pFGULpg6ll3PLJ48dv3bze3761vXXL6tqDEgqRMlFZBCZ0jpuDmV2u1QvMmAHMmMdu40mE1gRBNUGADPz0jpnZMxORbzbDTVOxUZxMaQg5C8wIIF80nRcno/jOPsGcUdYM4xk+9Hwi01MgNlkN2fhpv9nk7mSZmnKIKqqqKaWURCTlotwAlmJMKcUYY0yjcdwZjK+tb7z21ttPvPD8iTOna0uAxDNs23Wstza3et3ezs7Op1988Qtf+ryBXr1yWZMiIAEb4Jwfd/YZ70cBEISwXi0HTx2zUK/10A02Np545MS+A/v+729+b1ge37//6X/1f/3Vmzc6Y9vXH9ez88/t4+rDoAB3Xrnbt+zOaxTVUIHp2NmTL37pc5tx2Nm/Uq72RlrtDHeWlpe8c4UPYBZ8QMfBu8OH9l+/cX08GIDUDo3yjErWCd6xz9O+ywWriRANSfO4mf51RIZ24rV2CjZFBEIqvJsqgOM8SiceoZwcDNkEAkAmQEDOMKLWeZ5tk917ZqECZCGcICwaxxi25ZNgOvk3X4bWyZhiUpEkqZEYRdTMpFWIlGRcyfrWzo3N7etbm//gH/0WFgE8Oh9ml6o61ttb2865m7du1RI7S73nnn92/4H93//+D9pGodLtfrPmwe5HARjqknZO75eze6sSB2lUs8BouPXo488Vh5/8N3/2/dd+tH79Bqg/kNQpQCgKWJCn/9AVYFcDCxbz9d3dBLptEVBTcbD38P5f+fW/e2n9nfXx9srhvZ09S8q4Mxysru4pQmAi9g4RiRkIur3i0MEDW1ubWxvrwTEhdjoFA5ah8I5D8D4458g1SVtIZNkW4hzARUMwMCMEJGQkQjRTQiAEAlLQhj0Cs/uHXJMBnDergAiMzNxAV/PIb1MZIOM9WzD81EEK7d6X2U2ZJdhRk02MhI1fKqch5A0LMy/yRk4qiJlZiklUJYlIyuEyMEuSNElMKaVYxTSu4vrmzuX19cNnzz33mU9DESD3y6wC1HWSFOv4xps/XVrdQ56rWJ995NFHHz3/6sVX62qckSq3veLm8aYcw7e1cxfxNujCO597ct/BzpDiDjuf1ETc2mY6fvKFt97Y3FhH0SVDBwjOkaEtWHgWjtsPNA6Q3bo5ZNYArRavG5O86WY/2A0vfOFF6PJm3R9YNdJUaRQwgWl2Rt6jJwJDiMzdw/t/9R989bvf3vPmK694UM9clEXpnWsjs3NQBeQJ9s6MUMEUBJsAIgIAsbE0TQNVgZTEM6nq5FmICBBQUFUAIBeCb9JXFMxykbAMKCQzQzVrE88BwM1UPcJ5k+a283dPGZkNUGpSVVVrKJJs+u/2zJYYkyQdj7SSuDMc/NonX8DggCmTBNtMKWIiCiFUVV3FKKa1VP1+30zPPHXud//n/+n3/5f/dbi+44zxfWMlCNLxA6HkWCcA2gtuaVS7tZsVDv1/+tbX14edKKvoe2ACqAC0YNW5m3yoA2EiyYy9d+jcqfNnuwdWN+tBctavx+M4VtU8gnLCRw6uKkKu02tFAepdb+mzv/bSqdMnX/nLv45b2x0XvGPGBkTJU7OWoK2SDQBqgMhGhgogYKKIYGaOnYGgIczToakKos+cQESsJKKgqswgkrVHb8e5vptMDPdFv4XFiF2RaVzWBDLhi6raJKUrJ7go5v+IqoqmGGOUlGx7e7uz1Dv96CPkHTBja25N/hy5UJTd9c3t8ahCRBG9sXmzirUinHnqzO/83u/86//tD7avbKIAEjaa/54EQY8fPuhd2hotJzr0+tvVz66Ph9YbxL7RXgxLJt6McmUhtBYPfz/y0BXgfrmTJkT3hpBU2SGRqudTj58bYdqph+C4iuOYYpKaibCdzOZHGKlhIhqrdbq9C89/6viJUz/8zvdu/OzNmsRryqHlFr6RU8yn0xUhGKkpWY4Yo4KqalJVQkLLhqypSkopp0sCQN58es+iRNoMGmTIg9CMMpomFyEi0pxjZa2HetfRjEiTxIZ778PJgCODOqW8AkASUVUVVQVREzNREzFRSclETTRG7VdxezA6/+Jn9h46UDuagXPPdC5iCEFVY0p5FR30B2bmvO92ytMXznzl77/09X/1dRkKAEALwWnRnZk/ZmoLwGIKDAP36mtX/eMn1zfj6z+7vq17B7APfG+MVroAasRsMbbwWr0jXv/uslABHh6tRaMSTRr7DORrEqoHMFJB4F5IljTAJz//KV4ut+tBf7jDDol4a2vrwIEDAA1js2cHAN7lPYBDxOAcIjIasN9Rc4ePPv+bx3Zu3nj9P/3VxqW3S0RKiZy3WKlG73y2cpoWKgIyMJCBoBmSYVJwCU01mRnitKzZxLNuyq5wRhgCA/gYozXpsrlYPKiKgXKuEYkEAKpKPHl80pSYAzK7vAFAZ4g5RqeTts1OckZ5ap90bJ77c/mCTPUlsRZVM1NRTcnMQBMacFJLigomoMniuEaxWKftscSi88nPf04QyDmgyT59ugsQEPJUpypq7b1XlWG/Px4OyaBT+OL4iee/9Jmb72x95z/+5/7WtqqQEaiBWOFDY48BEIC1lFVt5KAZddTaThF6N6oj3/gvIwBveDxiQehMqaCcFA1moqTY1iZs7nU/8vBXgHuuVzXJ28oxMSEFwkh4/sK5PccODGVcpyqZClgIfrgzGPT7ZdmZ3ry1Fmgm41uBhQgZBYCIl48d+zv/8GvbV6/+6Ht/e/PKla3RsCTyXJBjNMEJReEMEpgEVNXEjIgAVQlUVIURaXbNMcoq7IJDR2RN9RoQFUlkxu3+OnNPT++fVQNpfhXK8QYEzBYITfTT1GbyhJrVL4/7RhnynkRNRc0sxmStCZRSQjURSUk0qqYkIpKixiRiIlap7tT16cceO3D8qOU9EuXgHugMHrfT6YzH45iiijrnneOqqhBxPB5v7Wzf3Fw/vPfIl3/9pb37D/7k4k9+9P1XdJxAESMYk6bsAGPQ27Mp75xzBYNAmDtlAKiTV6wg2Rh8L4WCAODnuAfA3Uj8BDPxAQiBINSoZx47d/D0iZpkVFdjqVNKZtbpdLe2tm7eXDt8+DDdQXAw91emnkFiBjWUotc7ffJzJ4+PNjYv/u13r73xhsXk0AIoYsrt4ZnNAXKeJr2pMbIZm0RVbgizgARMMm0mmIB1QiDnAIUjMkCShEINIzRh5p3OG1/E3WBArdB8juy0SFnjJcujUrMJj2aiaqZ50GtKkLPgzVJdm6ipqmoSQdWUJEZJMUcErE4pitVqlenQbKz6+S9/aXl1D5aFegdGbRmoKdtcVVWKsLa+Tp5TikVRhBDW1tZWV1dVraqqnWHfaqal8pnPvPDYk0+8+fqbP37l4mC7H+vI2ZdloNhW3JmABaGpRqXtI8O8htgCQFuWrD/3xDE/Ix+KTXDDQwYAAESgqJEgshYrnZPnz2DpRxJHUieTZGpmzvHKysqw319n3rNnefZWd7rM5wR5p667ZYlmRVF+5qtfHa2tv/79H1z5yY9FKte45ZWda+1WBUNWahMC1QBB0URBGmqVfOPJ4GBfkEcA15wRUlWRBDPvsnlVmLMadi/mdNsmuNksmKFZw2BuCkB5xIuqpASWZ32VmExNVFBN6tjsAUQkiZmllFLUGEVEUtIUJZqOVCuEEcJjn3jmzOPnXaeowRhRoLVO5oIUuLGxcfHixXPnzvX7/U6ns3fv3rfeeruqqmzfRon9QX9zsNXtdLnrHn/hmade+MTNd26sXbt5+adv9je2+lvbaEAAatTqNmq2iLAxgRSaiqoPzRgHeIAKsKju7ESaIKiaaMo+SyJCspxknSl6kgp6V0mtjnurS8+++Hz0ht4UVcE0gYJVsSaDTijM+/FwVHhH1gSeZl2rKYlrLRnvPBIyO0IMnhDIGMygNvVHjz536PCnXnrp0sVXLn7/5Z3NjWAGCB0ftBpPAPkZ3w8mIrVJygZo9pCSQQaIomP2hYIROe88e59SBFJUBWLI83Wm0MIcZXj36apxvzS2Wf5sqCDZDaUti48KAlhSSVFFRQVEY4w58JujXarZ+pH8e02N10uYRCAxjZNVSL/6m18tVpYEwQjFDJnH47i0tAQAKSVVzTHEb37zmwDw7DPPoNF4PH7kkUdee+01ROp0uwKmCFeuX97ob270N5d6K4UvAYh6fvXYgUNHDlpMN6+/c+XS5fW1NRXQJCpSVxUSMhAD5mYHctmwmXRUAyJ8oArxwa0AprngHDCTmKF3eadrAMpYpQiArhOW962sLvVW9+8plzopADACipiKap1irOsYoyMuigIJXYxra2vdTuf0ubOc3dWqRosyWAAaW7ZlpUVnDGMD0fTIp1+88MkXNq5f/+mrr15+443BYMgc0BIzkakhiFmnKEwJVLILX1QtCZoRU7aQkwkwkXPkHSgxkrGCCiREA1XRNtEb5335OYZgLZ90ZskFaLIQ27kla12OHVjj3M8Wf1JRUdUYYx5P+bOJioiImBlIc42KioAhJbUKYAwWPRedpVEVf/NXXzpw6iQUDijz3zlyXHRYTE3UOeecu3rlyr/5kz+5devWS1/5yrXr11OVzpw567370pe//Bff+ta+fXt7cbkInbcuX6rG0fuiirEoOkQOEUksASHZgdOHV47uJYPhznBzfaM/6EudUlXHqpJaYpUYiESHOyPQheUOH4h80CYQMSM6IN2Byjyxdxhcb3XP4T0rvZXljMM0NnLMhQNPwHmTF6M2sXsi7na7S92uqe30+4R4+fo1V4Tjx4875/JyPwkHZl7b+SaoIhAQGjAzGClCMu6bBeLlk2dfPHHms+PRzWtX337jtbd+8pP+zi2v6hkDcpLkiELhMBexEwURS0oMjh1k64sdsgNyiMbkTAVzWjEoCyTFTKbWEO+oYSaF3m1asyaKNleeXlQno99EQRXUREVikpRSjKqNY19iUhWN0mwPVK3xiKoBVSJjU+r19uzbe+L8hXLPnn/9R18/+cQF9SQEjgmRQlEkSew9qKGj6zfeeflvv/ujixcfe+yxL37xi1VVHT5y5Oqlq2+99bMjR4+eOH7it3/7t7/xjW+c6z4iIltbGyrEPpoB89AxIxEDLnVLE+2Qp0CFD0u95ZXDywBAwKQEaqhIYsOd4c7G5t/8xV+H6To5Q1Hz4OSDjQSrIQMTmcMzZx6hpdBbWQ69DgU/jnWdYgLzBaLz4CAheEdGKJDns1SLEFGnKJaWlrpFWY8rSanT7Y7q6urVq0R06vRpNFMRWrwCzJLyIHKmxBFgBVKiWpNq7HS6J86dO3f+UXrpKxtXL1158/Wfvf5aGlX1eKiqKapnduww+0lFGI2ZPTfunRzEMIAMzVIENHZAQAjZDd/GowCMGsbZ26U19AGgzaPNa8LM3C95uJupaKxrFYkpZad+sxqoakrabpBnp9JOr3vy+PF9J4/znpUtkasb68lhb3V1BIBEikBEauad3+oPXnnllR+8/F8AQJN87WtfU9XNjY2iKADgwIGD6+vrF3/0o43D66dOnfqN3/iNK9eu9vv90WjU7w8BGYDIBec8M3ni8bjwgWtx3vk6VY7YExN5R9DYwgDA3Fvp3Vy7mSwGYMDsZNOHQWb+/wPMxSQt6UlIJQAAAABJRU5ErkJggg=='>                                                                                                                                                                                                                                                                                                                                                                                                            '),
       (3,'Gloria','Franklin','Social Event Coordinator','Vibrant Connections','Gloria Franklin excels as a Social Event Coordinator at Vibrant Connections, where she orchestrates memorable and engaging social gatherings. With a flair for creativity and a knack for bringing people together, Gloria creates experiences that foster connections and leave a lasting impression.', null),
       (4,'Lori','Vanhoose','Social Media Manager','Digital Buzz Agency','Lori Vanhoose assumes the role of Social Media Manager at Digital Buzz Agency, where she develops and executes dynamic social media campaigns. With a finger on the pulse of digital trends and a talent for crafting compelling content, Lori helps brands build meaningful connections with their audience online.', null),
       (5,'Raymond','Hall','Medical Research Scientist','HealthTech Innovations','Raymond Hall serves as a Medical Research Scientist at HealthTech Innovations, where he conducts groundbreaking research to advance the field of medicine. With a passion for innovation and a commitment to improving patient outcomes, Raymond is at the forefront of developing new treatments and therapies.', null),
       (6,'Sam','Vasquez','Design Director','Creative Edge Studios','Sam Vasquez excels as a Design Director at Creative Edge Studios, where he leads a team of talented designers in creating visually stunning and impactful designs. With a keen aesthetic sense and a dedication to pushing boundaries, Sam transforms ideas into captivating visuals that resonate with audiences.', null),
       (7,'Justin','Clark','Culinary Innovator','Gourmet Creations','Justin Clark holds the position of Culinary Innovator at Gourmet Creations, where he combines culinary expertise with a passion for innovation to create delicious and inventive dishes. With a focus on quality ingredients and creative techniques, Justin delights palates and inspires culinary exploration.', null),
       (8,'Barbara','Williams','Fine Arts Painter','Artistry Gallery','Barbara Williams is a renowned Fine Arts Painter at Artistry Gallery, known for her vibrant and expressive paintings. With a mastery of color and form, Barbaras artwork captivates viewers and evokes emotion, making her a celebrated artist in the world of contemporary painting.', null),
       (9,'James','Sharp','Architectural Designer','Urban Vision Architects','James Sharp assumes the role of Architectural Designer at Urban Vision Architects, where he translates visionary concepts into innovative architectural designs. With a focus on sustainability and functionality, James creates spaces that enhance the built environment and enrich peoples lives.', null),
       (10,'Julie','Rowe','Illustrator','SketchWorks Studio','Julie Rowe serves as an Illustrator at SketchWorks Studio, where she brings imagination to life through her captivating drawings. With a talent for storytelling and a keen eye for detail, Julie creates illustrations that inspire wonder and ignite the imagination.', null),
       (11,'Tonya','Burke','Travel Blogger','Wanderlust Journeys','Tonya Burke excels as a Travel Blogger at Wanderlust Journeys, where she shares her adventures and insights from around the globe. With a passion for exploration and a knack for uncovering hidden gems, Tonya inspires fellow travelers to embark on their own unforgettable journeys.', null),
       (12,'Nicole','Perry','Animal Behavior Specialist','PetPro Solutions','Nicole Perry is an Animal Behavior Specialist at PetPro Solutions, where she utilizes her expertise to promote healthy relationships between pets and their owners. With a background in animal psychology and a passion for animal welfare, Nicole provides valuable insights and guidance to create harmonious environments for pets and their families.', null);


INSERT INTO appointment_hosts (appointment_id,host_id)
VALUES (1,1),
       (2,2),
       (3,3),
       (4,4),
       (5,5),
       (6,6),
       (7,7),
       (8,8),
       (9,9),
       (10,10),
       (11,11),
       (12,12);